id,accPosition,accX,accY,accZ,eventClass,idTrip,idVehicle,latitude,longitude,magX,magY,magZ,route,speed,timestamp,velAngX,velAngY,velAngZ
5408,10.196078431372548,-1.5012967861291517,0.46531236983654034,9.894548504440698,0,18,Nissan March,0,0,13.07622630159346,-74.46872734192551,39.400381384596734,Aceleración repentina,8,2022-02-02 20:00:45.211000-05:00,0.02966938245267258,-0.03999625502434394,-0.047281741644328266
5409,10.196078431372548,-1.4619316843319297,0.16984532997594648,9.892519446565707,0,18,Nissan March,0,0,13.206354269177586,-74.27097657194328,39.51940748484892,Aceleración repentina,8,2022-02-02 20:00:45.260000-05:00,0.029735890772955315,-0.026485904888736436,-0.04055125308348487
5410,10.196078431372548,-1.459044934107145,0.11358174761186396,10.047015889339677,0,18,Nissan March,0,0,11.99024011638155,-74.7457135224487,39.314418585221894,Aceleración repentina,8,2022-02-02 20:00:45.309000-05:00,0.031888575720651686,-0.018745009622895874,-0.038714823327657605
5411,10.196078431372548,-1.4016374532240787,0.12214911272371268,9.72003050832068,0,18,Nissan March,0,0,11.839358507043013,-74.14590698820076,40.34488635012663,Aceleración repentina,8,2022-02-02 20:00:45.359000-05:00,0.02548346847851533,-0.012516570814807497,-0.04739551382802208
5412,10.196078431372548,-1.542061405349947,0.04655934953309933,9.923512660744409,0,18,Nissan March,0,0,12.293902083669703,-74.54689982314342,40.560878949336434,Aceleración repentina,8,2022-02-02 20:00:45.409000-05:00,0.020510168430212205,0.0014594372381480127,-0.047391147964806396
5413,10.196078431372548,-1.698353606874034,0.22198933191997,9.859368045768027,0,18,Nissan March,0,0,12.517709307517675,-74.19978382017756,41.51448248791726,Aceleración repentina,8,2022-02-02 20:00:45.459000-05:00,0.011733134657939936,0.031320811901332804,-0.048105019812523526
5414,10.196078431372548,-1.7202960769816695,0.16345472675828812,9.90683190412076,0,18,Nissan March,0,0,12.360960518101463,-74.48603427810654,42.0903790933397,Aceleración repentina,8,2022-02-02 20:00:45.510000-05:00,-0.009714423376319453,0.036168907570066494,-0.04404768351994328
5415,10.196078431372548,-1.799103106730758,0.19270760192588582,10.055981911037263,0,18,Nissan March,0,0,12.728276032753348,-74.94294939181859,41.29121988044432,Aceleración repentina,8,2022-02-02 20:00:45.560000-05:00,-0.01180529579105398,-0.007266619603480941,-0.03198508339843764
5416,10.196078431372548,-1.7366565004842511,0.18471678295245464,10.143838280483557,0,18,Nissan March,0,0,13.440590465236474,-75.01019786115344,41.3858956357393,Aceleración repentina,8,2022-02-02 20:00:45.610000-05:00,-0.004648620732189278,0.019256940085865183,-0.032314105994660676
5417,9.803921568627452,-1.3137884423912771,0.12527714935025236,10.225889425968047,0,18,Nissan March,0,0,12.989572377995849,-74.95126888256377,41.0131942708259,Aceleración repentina,8,2022-02-02 20:00:45.659000-05:00,0.006276123402192315,0.041685864560574576,-0.02312315111296033
5418,9.803921568627452,-1.355115649125994,-0.26581170811379407,10.38829589414343,0,18,Nissan March,0,0,12.857934627447548,-75.20999614062114,40.40018098124978,Aceleración repentina,8,2022-02-02 20:00:45.710000-05:00,0.02343930649763796,0.04533305383615989,-0.007228106385017974
5419,9.803921568627452,-1.7555457947191746,-0.13492981422782946,10.559636430365432,0,18,Nissan March,0,0,12.704800604003411,-74.48078950055101,40.50638093004983,Aceleración repentina,8,2022-02-02 20:00:45.760000-05:00,0.03410245507281423,0.03480172635757091,-0.004152149161465168
5420,9.803921568627452,-1.9766640867899332,-0.04365830596649142,10.38104816082412,0,18,Nissan March,0,0,12.62995702936775,-74.45264113857348,40.39243015418611,Aceleración repentina,8,2022-02-02 20:00:45.809000-05:00,0.02407024191543942,0.02419123349593893,-0.008864115962990925
5421,9.803921568627452,-2.04330514643233,0.26884776477880856,9.940205537541514,0,18,Nissan March,0,0,12.415784364243356,-73.85143850761506,40.33384175876785,Aceleración repentina,8,2022-02-02 20:00:45.860000-05:00,0.011482248128525116,0.0024456582936264355,-0.013273351454407719
5422,9.803921568627452,-1.7688986450090307,0.12357757806559319,9.704380080659172,0,18,Nissan March,0,0,12.044718640840884,-74.38425215015374,40.55654938564658,Aceleración repentina,8,2022-02-02 20:00:45.910000-05:00,-0.003376766588952699,0.020557290456012976,-0.014721887624270102
5423,9.803921568627452,-1.5268240941018953,-0.125717822628264,9.666910534546222,0,18,Nissan March,0,0,11.863361973503633,-74.29976893505345,40.50250156104306,Aceleración repentina,8,2022-02-02 20:00:45.960000-05:00,-0.01613237355794844,0.03450239501291882,-0.010905897775082241
5424,9.803921568627452,-1.547542416646662,-0.12718747235735267,9.804301306427709,0,18,Nissan March,0,0,11.77472473594426,-73.66625914728462,40.98037490803734,Aceleración repentina,8,2022-02-02 20:00:46.010000-05:00,-0.013925290303189522,0.023392750379526834,-0.01179819036048547
5425,9.803921568627452,-1.8057521901626012,-0.44413600444952783,9.870424219586813,0,18,Nissan March,0,0,12.530573143224892,-73.01042483482813,40.80469069814245,Aceleración repentina,8,2022-02-02 20:00:46.060000-05:00,-0.009629268963158555,-0.004774663556654363,-0.011376017913934361
5426,9.803921568627452,-2.152402959151825,-0.24772463695289484,9.961411964587642,0,18,Nissan March,0,0,12.27841433901168,-72.92684841569915,40.63008470021191,Aceleración repentina,8,2022-02-02 20:00:46.110000-05:00,-0.002503041008791591,-0.021528206365980854,-0.01624450332716544
5427,9.803921568627452,-2.0715285492252242,-0.24366872750556196,10.106708312963104,0,18,Nissan March,0,0,12.243969488148045,-73.36646959187637,41.635911808029675,Aceleración repentina,8,2022-02-02 20:00:46.160000-05:00,-0.016557156559056638,0.012900867444862203,-0.019274536283511775
5428,9.803921568627452,-1.6650018466149343,0.13026755392234896,10.102522147383947,0,18,Nissan March,0,0,12.582321147724768,-73.8136029189619,41.81595480736563,Aceleración repentina,8,2022-02-02 20:00:46.210000-05:00,-0.02690670405182258,0.021422200739635175,-0.01240154849830219
5429,9.803921568627452,-1.7736775031795249,0.289280915593963,9.637416881870632,0,18,Nissan March,0,0,13.014078782510403,-74.16753421455513,41.48713958334286,Aceleración repentina,8,2022-02-02 20:00:46.260000-05:00,-0.028898605305627906,0.024390374896668742,-0.009428301266145437
5430,9.803921568627452,-1.8690565870774483,0.24713423871887166,9.38270222830429,0,18,Nissan March,0,0,13.491488158292004,-74.46801617809001,40.896692271756166,Aceleración repentina,8,2022-02-02 20:00:46.309000-05:00,-0.018142265804498667,0.015705188616974137,-0.013458699417726327
5431,9.803921568627452,-1.8222625150411769,0.06854363086662588,9.522436760762384,0,18,Nissan March,0,0,12.925650346343645,-74.34780577155853,40.845941890501685,Aceleración repentina,8,2022-02-02 20:00:46.359000-05:00,-0.021723146737399678,-0.01508882735563007,-0.015498089996410839
5432,9.803921568627452,-1.6132873789557254,-0.04702984480643567,9.56377061516456,0,18,Nissan March,0,0,12.826692927957371,-74.27886772563564,40.651294214122615,Aceleración repentina,8,2022-02-02 20:00:46.410000-05:00,-0.0007907679629571493,0.004730561546505203,-0.011160898265159744
5433,9.803921568627452,-1.4915005201312046,-0.01175397942345776,9.455106298718253,0,18,Nissan March,0,0,12.60073473358161,-73.84929291604666,40.719769209870236,Aceleración repentina,8,2022-02-02 20:00:46.460000-05:00,0.02538531831751195,0.0060803517641967175,0.0024242613698909187
5434,9.803921568627452,-1.61011001568946,-0.1100369803284715,9.601643124735835,0,18,Nissan March,0,0,12.40150209928701,-73.50543104731777,40.67069893043689,Aceleración repentina,8,2022-02-02 20:00:46.510000-05:00,0.029751506403424798,0.0030794183786364434,0.006887301537063959
5435,10.196078431372548,-1.7360210383936472,0.26265404448874397,9.608753984431983,0,18,Nissan March,0,0,12.570517881718207,-73.40574385248333,40.39263803442167,Aceleración repentina,8,2022-02-02 20:00:46.560000-05:00,0.0076517436685969616,-0.01532135501851191,-0.0038067777207072143
5436,10.196078431372548,-1.7460496876289893,0.05697973175149146,10.045935325025244,0,18,Nissan March,0,0,12.297937146322267,-73.93363593684512,40.41822569184607,Aceleración repentina,8,2022-02-02 20:00:46.610000-05:00,0.011766001079636951,0.0004842516597221586,-0.00588940836911595
5437,10.196078431372548,-1.5592764535692194,0.03277449581127549,10.512411918205931,0,18,Nissan March,0,0,12.164714564951284,-73.45628984390895,40.937044034326675,Aceleración repentina,8,2022-02-02 20:00:46.660000-05:00,0.006704484339384391,-0.010671556980384252,-0.0008511107386853303
5438,10.196078431372548,-1.7068997280753002,-0.24664760771596622,10.71894862852881,0,18,Nissan March,0,0,12.099602640730494,-73.37756244427581,40.52958074723245,Aceleración repentina,8,2022-02-02 20:00:46.709000-05:00,-0.024930011987985168,0.0062691972645186125,-0.012071515837045696
5439,11.372549019607844,-1.81838068313224,-0.3229150143232755,10.636241356241142,0,18,Nissan March,0,0,12.422965909180679,-73.7224543419563,40.65718960131681,Aceleración repentina,8,2022-02-02 20:00:46.760000-05:00,-0.03466620829590011,0.019112239215264306,-0.020049546860174003
5440,11.372549019607844,-1.8925958603283748,-0.0917324360005925,10.660857355404683,0,18,Nissan March,0,0,12.403415009087817,-73.72522214991554,41.39701677511084,Aceleración repentina,8,2022-02-02 20:00:46.809000-05:00,-0.025754590509253404,0.027056858782341604,-0.019093958844664864
5441,11.372549019607844,-1.7446636160270401,0.039727090355055505,10.219275646425771,0,18,Nissan March,0,0,13.104232440730026,-73.72680942740426,41.44029453249519,Aceleración repentina,8,2022-02-02 20:00:46.860000-05:00,-0.014963543455006093,0.007609135957867542,-0.018064714742898644
5442,11.372549019607844,-1.6723373764545078,-0.0654187829163499,10.049549556004813,0,18,Nissan March,0,0,13.269160527740283,-73.9227398684401,41.46254601530462,Aceleración repentina,8,2022-02-02 20:00:46.910000-05:00,-0.022099931447551728,0.008471463093633601,-0.0005591138031039201
5443,11.372549019607844,-1.566730633383249,-0.26195908555028125,9.870076922836878,0,18,Nissan March,0,0,13.260971766568659,-73.74257144439183,41.72681788831787,Aceleración repentina,8,2022-02-02 20:00:46.960000-05:00,-0.01446972113903951,0.04278857216023798,0.006622504832570298
5444,11.372549019607844,-1.522791823864772,-0.03750009335455079,9.56005126919934,0,18,Nissan March,0,0,13.16817294166638,-73.73675886933553,41.44130937536153,Aceleración repentina,8,2022-02-02 20:00:47.010000-05:00,-0.004815346348802589,0.02280791829120554,0.00683589939883868
5445,11.372549019607844,-1.8805870652870218,-0.1536112515813956,9.6086489534602,0,18,Nissan March,0,0,12.767631520498087,-73.73342548433403,41.46306780201353,Aceleración repentina,8,2022-02-02 20:00:47.060000-05:00,0.0019406840664925613,-0.0042841546694039785,-0.003108353250420996
5446,11.372549019607844,-1.9654940088039297,0.07278445529668667,9.849677757132197,0,18,Nissan March,0,0,12.749461953237981,-74.51159454883016,40.631484482843454,Aceleración repentina,8,2022-02-02 20:00:47.109000-05:00,0.003458959586588238,-0.01024984372864935,-0.014243694909544306
5447,11.372549019607844,-1.8568082628543072,0.05854947871635158,9.823881997770679,0,18,Nissan March,0,0,12.56298844971834,-74.56781718859514,40.03536751264765,Aceleración repentina,8,2022-02-02 20:00:47.160000-05:00,0.006814057780256953,0.014052500805750545,-0.010033489106998996
5448,11.372549019607844,-1.662059061924713,0.060064949014970295,9.623591420459782,0,18,Nissan March,0,0,12.82703680418546,-74.40503947406084,39.56031678370528,Aceleración repentina,8,2022-02-02 20:00:47.210000-05:00,0.016483054907930818,0.020434902421996345,0.007801820296420819
5449,11.372549019607844,-1.7657813824077444,0.3212198347437364,9.612164973535073,0,18,Nissan March,0,0,12.867292618077453,-73.43409923145488,40.24311457371721,Aceleración repentina,8,2022-02-02 20:00:47.260000-05:00,0.01896354931179882,0.02196381883488613,0.016522378343712837
5450,11.372549019607844,-2.2330091750230276,0.03305065840914562,9.867673219042281,0,18,Nissan March,0,0,13.330950489678099,-73.7548769561316,39.66713100970699,Aceleración repentina,8,2022-02-02 20:00:47.310000-05:00,0.012648969295444798,0.0009755799145984706,0.008657615030904287
5451,11.372549019607844,-2.1321965205588818,-0.15881392414701065,9.870330137395793,0,18,Nissan March,0,0,12.935984904323728,-73.25626538183973,39.62381723908151,Aceleración repentina,8,2022-02-02 20:00:47.359000-05:00,-0.00013779476084166582,-0.008417758569550113,-0.00608643372168381
5452,11.764705882352942,-1.9605884352915393,0.04384584292687421,10.269652363667026,0,18,Nissan March,0,0,13.009337106708946,-73.45787295055669,40.022932503266226,Aceleración repentina,8,2022-02-02 20:00:47.410000-05:00,-0.004361552548740331,0.0028889312869075506,-0.0145067521816619
5453,11.764705882352942,-1.7070215639461437,0.1676810088642578,10.19536298297317,0,18,Nissan March,0,0,12.956391052901221,-72.89091989135419,40.48097083876724,Aceleración repentina,8,2022-02-02 20:00:47.459000-05:00,-0.014317487615521457,0.020711692519360104,-0.012265843321064123
5454,11.764705882352942,-1.5472686433354277,-0.14823458309064413,9.708565278755064,0,18,Nissan March,0,0,12.397734279355413,-73.34586536728044,41.22213593419277,Aceleración repentina,8,2022-02-02 20:00:47.509000-05:00,0.003795672033460401,0.006093189465231371,0.003491883810958279
5455,11.764705882352942,-1.691740384470563,-0.19853280614880642,10.056691819516496,0,18,Nissan March,0,0,12.568676377047309,-72.92419607164608,41.68748685429259,Aceleración repentina,8,2022-02-02 20:00:47.560000-05:00,-0.00734260547426825,-0.03440394688641424,0.0022308614239113056
5456,11.764705882352942,-1.925621324119919,-0.3117179631312877,9.956937200690767,0,18,Nissan March,0,0,12.297037119379764,-73.07241827277346,41.92674943684725,Aceleración repentina,8,2022-02-02 20:00:47.609000-05:00,-0.02243614041877983,-0.004774210610833229,-0.008197771406559454
5457,11.764705882352942,-1.653868311454035,0.3678363222491318,9.66594386888338,0,18,Nissan March,0,0,13.05224073615443,-73.54746081589816,41.038442899099664,Aceleración repentina,8,2022-02-02 20:00:47.660000-05:00,-0.005306652025896839,0.010406034714592784,-0.007331951682570997
5458,11.764705882352942,-1.6410238602144462,0.3997172103374751,9.737123476665868,0,18,Nissan March,0,0,13.154953215611467,-73.33233692193268,41.677317182841605,Aceleración repentina,8,2022-02-02 20:00:47.710000-05:00,0.009625732524522309,0.02541272818517309,0.001536225372055072
5459,11.764705882352942,-1.8075531766482622,0.23610607645316636,9.85934581918051,0,18,Nissan March,0,0,12.849967045683222,-73.98904874945526,41.16302717357,Aceleración repentina,8,2022-02-02 20:00:47.759000-05:00,-0.004703410093132306,0.03897053119348651,0.008026183636816949
5460,11.764705882352942,-1.669033558080923,0.2841403601525952,9.789724978793522,0,18,Nissan March,0,0,12.789703062675763,-74.26814857126821,40.98287935786234,Aceleración repentina,8,2022-02-02 20:00:47.809000-05:00,-0.013717016555391832,0.041610364671191544,0.008012351722105302
5461,11.764705882352942,-1.9519448527831385,-0.22829166405316065,9.978543089352131,1,18,Nissan March,0,0,12.582656106967654,-73.84314571484002,40.384593110552025,Aceleración repentina,8,2022-02-02 20:00:47.860000-05:00,-0.008133682726636116,-0.012313438287767924,-0.005583106425755225
5462,11.764705882352942,-2.0229338710733087,0.4561833301349099,10.149104822764578,1,18,Nissan March,0,0,13.014242492300603,-74.18447636358947,40.58264345798219,Aceleración repentina,8,2022-02-02 20:00:47.910000-05:00,0.022959787254106027,-0.013740844996823655,-0.010049529893350733
5463,11.764705882352942,-1.8855739810022114,1.3647227406633118,9.850892042454385,1,18,Nissan March,0,0,12.337212298895377,-73.99018170095017,40.01025564708947,Aceleración repentina,8,2022-02-02 20:00:47.959000-05:00,0.05106552340842726,0.010753848073458977,-0.00865560857869602
5464,11.764705882352942,-1.4487582121329996,4.028084435605532,9.113459994427712,1,18,Nissan March,0,0,12.627893142840433,-74.17128820822661,40.474452967594075,Aceleración repentina,8,2022-02-02 20:00:48.010000-05:00,0.11956121571429179,0.01581481065390367,0.013261664879925139
5465,16.470588235294116,-1.2212880852860701,3.583208551087472,8.9575299895406,1,18,Nissan March,0,0,12.32597904144165,-74.37265892557161,40.62884536827231,Aceleración repentina,8,2022-02-02 20:00:48.059000-05:00,0.13576634515880354,-0.01921595872167155,0.014739507651342434
5466,16.470588235294116,-1.7968767981324285,3.2006480547555,8.679953846128331,1,18,Nissan March,0,0,12.622402939899214,-74.19561038131452,40.455395861628666,Aceleración repentina,8,2022-02-02 20:00:48.110000-05:00,0.07691377495020608,0.0074583030572495,-0.0012271458113015457
5467,16.470588235294116,-2.1100568375588376,3.659654385743953,8.430323096162692,1,18,Nissan March,0,0,12.856075363132918,-74.38660716128292,41.2932634800904,Aceleración repentina,8,2022-02-02 20:00:48.160000-05:00,0.03250463574608748,0.01883221260011378,-0.018632853472589334
5468,43.92156862745098,-1.877522077742913,3.6526087821661055,8.585544148251287,1,18,Nissan March,0,0,12.97028168579614,-74.69115982028428,41.72405744991662,Aceleración repentina,10,2022-02-02 20:00:48.210000-05:00,0.0014272211477060204,-0.012611175390735606,-0.02363572105212098
5469,43.92156862745098,-1.6490844179777557,3.4952582333807585,9.109661013663013,1,18,Nissan March,0,0,12.848506289944488,-74.08573343874484,42.11410650310077,Aceleración repentina,10,2022-02-02 20:00:48.260000-05:00,-0.008838352797340321,-0.04439019850466101,-0.02027210027951735
5470,43.92156862745098,-1.9550071085218321,3.01456673642823,8.836004463715192,1,18,Nissan March,0,0,13.321768758163874,-74.51861530355322,41.47188171451199,Aceleración repentina,10,2022-02-02 20:00:48.310000-05:00,-0.01650967048723824,0.020210338165994893,-0.009152715091160196
5471,43.92156862745098,-1.8259594886921269,2.389842108692874,9.07057865668709,1,18,Nissan March,0,0,13.553073613918285,-75.15690395434173,41.141678517609705,Aceleración repentina,10,2022-02-02 20:00:48.359000-05:00,-0.044012482729455564,0.026050913212301584,-0.012652851699185553
5472,42.74509803921568,-1.6423164597903825,2.079843298224864,8.951351959681137,1,18,Nissan March,0,0,13.399732982289551,-75.2304183141535,41.22473399400938,Aceleración repentina,10,2022-02-02 20:00:48.410000-05:00,-0.05452407325177124,0.04613501757416304,-0.008795548933402798
5473,42.74509803921568,-1.8641861150849732,1.888706527355788,9.199795053690483,1,18,Nissan March,0,0,12.792008820347649,-75.27257719589137,41.26743739679717,Aceleración repentina,10,2022-02-02 20:00:48.460000-05:00,-0.04372840268647489,0.01980824611096694,-0.0010905340820834596
5474,42.74509803921568,-2.0720233635959233,2.5807372369442994,9.180453685832774,1,18,Nissan March,0,0,12.93896945752377,-74.61418379285917,40.86800830883164,Aceleración repentina,10,2022-02-02 20:00:48.509000-05:00,0.0019279184797688226,0.05437384270355164,0.007163232205383286
5475,42.35294117647059,-1.9923595898212234,2.06544965940407,9.451962166990377,1,18,Nissan March,0,0,12.655609371271924,-74.62664988220318,41.16830209330952,Aceleración repentina,12,2022-02-02 20:00:48.559000-05:00,0.025569967677658255,0.04905834594016121,0.01130540848022954
5476,42.35294117647059,-1.799745737790655,2.357928129660975,10.09012625974101,1,18,Nissan March,0,0,12.78350824829296,-74.34126865448097,41.06986853780812,Aceleración repentina,12,2022-02-02 20:00:48.610000-05:00,0.022678556768256974,0.006942123808236708,0.01910401088941854
5477,42.35294117647059,-1.8384484562944725,1.932473287891072,9.848517611218622,1,18,Nissan March,0,0,13.467594475149493,-74.2751188315896,40.934981363430786,Aceleración repentina,12,2022-02-02 20:00:48.660000-05:00,-0.006098921399962896,-0.005645256453072227,0.009505741225802899
5478,42.35294117647059,-1.8461296691109281,1.27167792837255,10.019337097716813,1,18,Nissan March,0,0,13.624345262734108,-74.82224386718934,41.53984484645439,Aceleración repentina,12,2022-02-02 20:00:48.710000-05:00,-0.029872661250845926,-0.004475973609238093,-0.004377182056091543
5479,26.666666666666668,-1.761516163656248,1.5805362260769644,9.73004632784744,1,18,Nissan March,0,0,12.812990434348768,-74.35592745224787,42.18794674556305,Aceleración repentina,14,2022-02-02 20:00:48.760000-05:00,-0.008476497643980861,9.662940837165939e-05,-0.004646176897992339
5480,26.666666666666668,-1.93247272380076,0.971148691459354,9.77077513693299,1,18,Nissan March,0,0,13.482003758054644,-74.08850516032717,41.509847057105915,Aceleración repentina,14,2022-02-02 20:00:48.809000-05:00,-0.022810690685084806,-0.028856273886594706,-0.008311104272339463
5481,26.666666666666668,-1.8254706303650245,1.4069846931400831,10.273072068793972,1,18,Nissan March,0,0,14.164167366654837,-73.35008379329746,40.655536278810644,Aceleración repentina,14,2022-02-02 20:00:48.859000-05:00,-0.053941190270107006,-0.003536049156317528,-0.00808449542414772
5482,16.07843137254902,-1.836624898194047,1.2113527212447157,9.360217065301637,1,18,Nissan March,0,0,13.076826006077532,-73.51167576300868,39.879179762594575,Aceleración repentina,14,2022-02-02 20:00:48.910000-05:00,-0.060657327638049915,-0.014154576781179913,-0.0037181815668321586
5483,16.07843137254902,-1.905117617381658,0.7877132329184365,9.4626306942,1,18,Nissan March,0,0,12.634189520127562,-73.11679480268172,40.06995141289224,Aceleración repentina,14,2022-02-02 20:00:48.960000-05:00,-0.05146151032933186,-0.009522620983938511,-0.001568434884299653
5484,16.07843137254902,-1.7435566644079818,0.37491965699482216,9.988287317767318,1,18,Nissan March,0,0,12.506649577943058,-72.20776858364559,40.7579770123855,Aceleración repentina,14,2022-02-02 20:00:49.010000-05:00,-0.036296219635148966,-0.005132328642115304,-0.0008621932168381001
5485,8.627450980392156,-2.2016463618864344,0.2408030845912464,9.563209068461282,1,18,Nissan March,0,0,13.33228107273543,-73.05160308032154,41.78594535453621,Aceleración repentina,16,2022-02-02 20:00:49.060000-05:00,-0.04056090717661303,0.03527318534638445,-0.0006301764416005214
5486,8.627450980392156,-1.8803093181667134,-0.0007743955700943717,9.927710449421742,1,18,Nissan March,0,0,13.114228431723085,-74.21809435915277,41.72454122598214,Aceleración repentina,16,2022-02-02 20:00:49.109000-05:00,-0.03697586961590705,-0.014520821950594252,-0.00913768873227402
5487,8.627450980392156,-2.0253675145561325,0.200594628511351,9.636895890688185,1,18,Nissan March,0,0,13.096452811339793,-74.59452140413657,41.60869292300113,Aceleración repentina,16,2022-02-02 20:00:49.159000-05:00,-0.024377340906723593,-0.03394786458778131,-0.00048762367953228934
5488,8.627450980392156,-1.8000243611714342,-0.5984228549468574,9.391130301344175,0,18,Nissan March,0,0,13.354154875162154,-74.32284367314813,41.46485186613095,Aceleración repentina,16,2022-02-02 20:00:49.209000-05:00,-0.030916676769198275,-0.042797402905775314,-0.0019377441880005473
5489,8.627450980392156,-1.8593089764042676,-0.9981248966016704,9.683684199536792,0,18,Nissan March,0,0,13.124919152105265,-73.58198190463958,41.22234113738101,Aceleración repentina,16,2022-02-02 20:00:49.260000-05:00,-0.058758964124551144,-0.051433651954598744,-0.0002682086270586973
5490,8.627450980392156,-1.8228886172353256,-0.966832386147474,9.47861313956846,0,18,Nissan March,0,0,13.101677851781336,-73.25462392728588,41.01337593915186,Aceleración repentina,16,2022-02-02 20:00:49.310000-05:00,-0.052974620913243536,-0.042640127441516594,-0.002580972517421386
5491,8.627450980392156,-1.9697015988477586,-0.9499779982546077,9.562250034782663,0,18,Nissan March,0,0,12.912725562041508,-73.2619114401558,40.56882719091816,Aceleración repentina,16,2022-02-02 20:00:49.359000-05:00,-0.022528147330696514,-0.06942856859578611,-0.0019101465894364035
5492,8.627450980392156,-1.5942471232325868,-0.9396737924067694,10.21788517445778,0,18,Nissan March,0,0,12.99796921009172,-73.46111084184,40.67736836333648,Aceleración repentina,16,2022-02-02 20:00:49.410000-05:00,-0.004623649642745725,-0.03988331647134304,0.0004561690898553122
5493,8.627450980392156,-1.377088303329545,-0.7383196217556567,10.111728993366448,0,18,Nissan March,0,0,12.950835045687779,-73.67285743945634,41.49166884265374,Aceleración repentina,16,2022-02-02 20:00:49.459000-05:00,0.00129061148031895,-0.0170960876707582,0.009817293882976988
5494,8.627450980392156,-1.902691673315315,-0.5884984674126126,10.270366892209017,0,18,Nissan March,0,0,14.614933944455474,-74.67188026832133,41.48896038260159,Aceleración repentina,16,2022-02-02 20:00:49.510000-05:00,0.013945141138932166,0.002642948729993263,0.011462018060165877
5495,8.627450980392156,-2.2037970494352566,-0.563053982783596,10.141513337259752,0,18,Nissan March,0,0,14.09630554851388,-74.36720729428136,41.06618255046816,Aceleración repentina,16,2022-02-02 20:00:49.559000-05:00,0.015271641509718978,-0.018944483334090132,0.009856414319939518
5496,8.627450980392156,-1.809088232259378,-0.6578237221818233,9.937165620839107,0,18,Nissan March,0,0,13.665235093085663,-75.167584849791,40.84880914129684,Aceleración repentina,16,2022-02-02 20:00:49.610000-05:00,0.017136603327639173,0.0033875488936968567,0.007183002438947435
5497,8.627450980392156,-1.765137110437166,-0.727396467590797,10.436415376467448,0,18,Nissan March,0,0,14.076127628289933,-74.74899314465388,39.97855200452817,Aceleración repentina,16,2022-02-02 20:00:49.659000-05:00,-0.001509004995583943,-0.014519806951021938,0.01703439358403639
5498,8.627450980392156,-2.098084214171487,-0.9636126471663883,9.91225782457068,0,18,Nissan March,0,0,13.83296643838089,-74.99649036280819,39.61538184901028,Aceleración repentina,16,2022-02-02 20:00:49.709000-05:00,-0.024076141800229964,-0.04366657987359803,0.008110512652622555
5499,8.627450980392156,-2.2784710533289023,-0.6481824795613829,9.464186146592104,0,18,Nissan March,0,0,13.802919130148348,-74.26083384451842,40.524257719895836,Aceleración repentina,16,2022-02-02 20:00:49.759000-05:00,0.0027123505731484233,-0.028132953176354975,0.006609433229715177
5500,8.627450980392156,-2.129259259000359,-1.3529282530987725,9.659953377264628,0,18,Nissan March,0,0,13.788233646377185,-74.22899122265031,41.32866916070017,Aceleración repentina,16,2022-02-02 20:00:49.809000-05:00,0.007280830262542493,0.004352311121100488,0.012554095197327048
5501,8.627450980392156,-2.064480357787739,-1.3988956618217663,9.834922752209069,0,18,Nissan March,0,0,13.603462972646433,-73.8206898295711,40.8994909369581,Aceleración repentina,16,2022-02-02 20:00:49.859000-05:00,-0.01475211097375231,0.01775032498019317,0.00592331940731222
5502,8.627450980392156,-1.9611272107854094,-0.9812078395604373,10.471412631738284,0,18,Nissan March,0,0,13.868343577344957,-73.97657823121153,41.015934944046435,Aceleración repentina,16,2022-02-02 20:00:49.910000-05:00,-0.01560954135903191,0.027276692287455443,0.0015990219049767055
5503,8.627450980392156,-1.9288298833751474,-1.0548394658993825,10.002772141457797,0,18,Nissan March,0,0,14.264192571805241,-73.57842639901142,40.48586586384325,Aceleración repentina,16,2022-02-02 20:00:49.960000-05:00,-0.009472220885063679,-0.0068928942832799,0.0073315024895815135
5504,8.627450980392156,-2.109056204852916,-1.0962176151823841,10.05586696002792,0,18,Nissan March,0,0,13.924882314989352,-73.74013535241737,40.55043631523332,Aceleración repentina,16,2022-02-02 20:00:50.009000-05:00,-0.0038779531716851756,-0.03684463754534653,0.009930066642261134
5505,8.627450980392156,-2.0673971523513908,-1.5508739023894895,9.926635030904453,0,18,Nissan March,0,0,14.025435803350174,-73.73536182372816,40.499358494122646,Aceleración repentina,16,2022-02-02 20:00:50.059000-05:00,0.00795748106574726,-0.01117811228631067,0.011499066528345044
5506,8.627450980392156,-1.9193262739181483,-1.6375366893998364,10.256317318391318,0,18,Nissan March,0,0,14.163377464065473,-73.44009405112233,40.22026541017019,Aceleración repentina,16,2022-02-02 20:00:50.110000-05:00,0.01400717611720457,0.024836670996795252,0.013445141928486403
5507,8.627450980392156,-1.921443867032656,-1.8283495505717522,10.102823083921814,0,18,Nissan March,0,0,13.5204229724351,-73.27076442439136,40.24532236282776,Aceleración repentina,16,2022-02-02 20:00:50.160000-05:00,-0.021804373137745685,-0.006354370778818324,0.005500737668733472
5508,8.627450980392156,-1.4962183712986463,-1.9733884005820537,9.814529950368161,0,18,Nissan March,0,0,13.294978525836274,-73.27116766316314,40.848144893385154,Aceleración repentina,16,2022-02-02 20:00:50.209000-05:00,-0.006524753683673364,0.0077729713889798865,-0.002116362328725729
5509,8.235294117647058,-1.5424296856836073,-0.8511384741322343,10.299072874962041,0,18,Nissan March,0,0,13.184793588929336,-73.27139891180266,40.98953511016066,Aceleración repentina,14,2022-02-02 20:00:50.260000-05:00,0.012076943357417864,0.024495572354440467,0.006110912557850944
5510,8.235294117647058,-1.7862625101441678,-1.3652689415530896,10.364670250523298,0,18,Nissan March,0,0,12.331771757825804,-73.75908195790387,41.9892792008982,Aceleración repentina,14,2022-02-02 20:00:50.310000-05:00,-0.008887480085911928,-0.022440224846969514,0.0066678294657186495
5511,8.235294117647058,-1.9611399358037893,-1.3327328802508085,10.147024589943982,0,18,Nissan March,0,0,12.358844286832685,-73.94124746070098,41.576255216781995,Aceleración repentina,14,2022-02-02 20:00:50.360000-05:00,-0.0008312226408985351,-0.006160727794989943,-0.002448256857891646
5512,8.235294117647058,-1.552080728484462,-0.8342470636236168,9.439673658087417,0,18,Nissan March,0,0,12.90485549407269,-74.63077591892734,40.68968037759827,Aceleración repentina,14,2022-02-02 20:00:50.410000-05:00,0.005396913417923711,0.0029808872269588022,0.007432500034646437
5513,7.84313725490196,-1.4129648225337528,-0.3635772801823275,9.642654054729375,0,18,Nissan March,0,0,12.81652953950389,-75.02620544860962,41.2451679704362,Aceleración repentina,14,2022-02-02 20:00:50.460000-05:00,0.028142643978665553,0.027685914888056586,0.014255114271842461
5514,7.84313725490196,-1.575469278076523,-0.8038734744825515,9.969341760614592,0,18,Nissan March,0,0,13.128547057336396,-74.86293531409297,41.36222068414758,Aceleración repentina,14,2022-02-02 20:00:50.510000-05:00,0.020674792621125766,0.038373895408374915,0.019357746420871312
5515,7.84313725490196,-1.933535690412604,-0.6208962909592427,10.038166370972544,0,18,Nissan March,0,0,12.837061157215405,-74.0867328513889,41.1695727843138,Aceleración repentina,14,2022-02-02 20:00:50.560000-05:00,-0.008900993133342,0.019881747586444093,0.00958909923550865
5516,7.84313725490196,-2.2877097273907268,-0.6787495379329206,9.48624031725081,0,18,Nissan March,0,0,12.517005552445333,-74.2266581868733,40.22775134338381,Aceleración repentina,14,2022-02-02 20:00:50.609000-05:00,0.004871468494369478,0.011357854391601287,-5.792942317960938e-05
5517,7.84313725490196,-2.1614630451017343,-0.5030008825550718,9.535557061823052,0,18,Nissan March,0,0,12.626969663479903,-73.6243317124246,40.33344834678753,Aceleración repentina,12,2022-02-02 20:00:50.660000-05:00,0.01227440191660451,-0.03742967879357924,-0.00036595712342337236
5518,7.84313725490196,-2.0208264122497237,-0.5853961568972657,9.40743221095006,0,18,Nissan March,0,0,12.05913787857927,-73.76646104829885,41.14628648189472,Aceleración repentina,12,2022-02-02 20:00:50.709000-05:00,-0.011675832451830027,-0.05650614361095556,-0.0018977739011947358
5519,7.84313725490196,-1.5593624832926212,-0.7104850396111555,9.52410869002024,0,18,Nissan March,0,0,12.669578759265963,-73.26290860600669,41.05854909732545,Aceleración repentina,12,2022-02-02 20:00:50.760000-05:00,-0.012453193835216932,-0.03954745721449085,0.007613346459206933
5520,7.84313725490196,-1.622075307824475,-1.0144126580660595,10.050053334479989,0,18,Nissan March,0,0,12.967928933504538,-73.55919278071384,41.51910078330153,Aceleración repentina,12,2022-02-02 20:00:50.810000-05:00,-0.009143002156813563,-0.03433458031371247,0.010737970191545699
5521,7.84313725490196,-1.546217079196744,-0.8386723593823399,10.0262981927855,0,18,Nissan March,0,0,13.20254281517112,-74.021635549909,41.67161876213021,Aceleración repentina,12,2022-02-02 20:00:50.860000-05:00,-0.01589690872086479,-0.016551775096576127,0.005326680201947498
5522,7.84313725490196,-1.5213905598029476,-0.8998087834406321,10.07254061177339,0,18,Nissan March,0,0,12.429243216081659,-74.09181621847209,40.73871203769833,Aceleración repentina,12,2022-02-02 20:00:50.910000-05:00,0.0018471647682634963,0.020188025236323466,-2.761044910483748e-05
5523,7.84313725490196,-1.7431583517378155,-0.6777086725275172,10.072091961283055,0,18,Nissan March,0,0,13.028059252642597,-75.00965407509017,40.680438483344766,Aceleración repentina,12,2022-02-02 20:00:50.960000-05:00,-0.00013890370639347204,0.004522345837892003,0.0017899371593262964
5524,7.84313725490196,-1.7749795649720366,-0.5822635759158754,9.621619233213549,0,18,Nissan March,0,0,13.40952444327751,-75.04846363444523,40.397645675926206,Aceleración repentina,12,2022-02-02 20:00:51.009000-05:00,-0.0022217358082344475,0.019892209545672834,0.00024110992641993814
5525,7.84313725490196,-1.9505360304592592,-0.6346446279318096,9.800098197696826,0,18,Nissan March,0,0,13.507167196081257,-74.77818981212795,40.673631554660204,Aceleración repentina,12,2022-02-02 20:00:51.059000-05:00,-0.001482953727377416,0.014832594541774321,0.0018782180380147288
5526,7.84313725490196,-1.918622273271535,-0.4457820663487241,9.650546908227987,0,18,Nissan March,0,0,13.110906615033368,-74.33066341264849,40.39414585833482,Aceleración repentina,12,2022-02-02 20:00:51.109000-05:00,-0.0005255229225488958,0.0005742699402874057,0.0074232248976902225
5527,7.84313725490196,-1.813395863701134,-0.4690713157357902,9.730861005024027,0,18,Nissan March,0,0,12.295659838992606,-74.36654704274753,40.503277999987766,Aceleración repentina,10,2022-02-02 20:00:51.160000-05:00,-0.005203022292705141,0.02059966254057264,0.00495302072371165
5528,7.84313725490196,-1.9042308111098392,-0.24840578620490258,9.760781635495533,0,18,Nissan March,0,0,11.986008330415926,-74.09459526382703,40.47511180241705,Aceleración repentina,10,2022-02-02 20:00:51.209000-05:00,-0.004607923229653217,0.02965761975686497,0.005572123865319071
5529,7.84313725490196,-1.9831791159473924,-0.10311274646853677,9.455694085574695,0,18,Nissan March,0,0,12.189854001160763,-74.13365702288874,40.966292322314985,Aceleración repentina,10,2022-02-02 20:00:51.260000-05:00,0.014850298922914968,0.03211849302592372,0.0050602023474532855
5530,7.84313725490196,-2.053247762251808,-0.2817176379539025,9.565230139229532,0,18,Nissan March,0,0,11.667906396994944,-73.66850765958151,40.9660041691741,Aceleración repentina,10,2022-02-02 20:00:51.310000-05:00,0.020564396078376804,0.03922364396582458,-0.001545777138433983
5531,8.235294117647058,-2.018865131261107,-0.2989578768398754,10.009570786411068,0,18,Nissan March,0,0,11.945586537992625,-73.98681516237642,41.1344101191016,Aceleración repentina,10,2022-02-02 20:00:51.360000-05:00,0.004617033040255607,0.02226039193894648,-0.008723173541164107
5532,8.235294117647058,-1.98053734572704,-0.014417982105070892,9.89026378322605,0,18,Nissan March,0,0,12.34769124697965,-73.48678696971982,40.799611645932956,Aceleración repentina,10,2022-02-02 20:00:51.410000-05:00,0.004343018271905784,0.00038466386827815807,-0.007504558475104303
5533,8.235294117647058,-1.8861271279412042,0.1359326416789318,9.82334905795603,0,18,Nissan March,0,0,12.455421469498113,-74.07762248274682,40.20608801585027,Aceleración repentina,10,2022-02-02 20:00:51.459000-05:00,0.032074884641897346,0.001789699970031571,-0.006388903884010306
5534,8.235294117647058,-1.786499824534293,0.049988464327361634,10.003373355711794,0,18,Nissan March,0,0,12.33048090947135,-74.22143358918716,40.23803298220689,Aceleración repentina,10,2022-02-02 20:00:51.510000-05:00,0.03196122167899494,0.025882558874771564,-0.003876451667180662
5535,8.235294117647058,-1.7066547736855158,0.18641472961588407,9.865312459358892,0,18,Nissan March,0,0,12.447009996156861,-73.71884560562914,41.09722817866828,Aceleración repentina,10,2022-02-02 20:00:51.559000-05:00,0.0340638592782223,-0.016403352283623374,-0.005196986611814279
5536,8.235294117647058,-1.8906935171759165,0.17388835652977996,9.896860049005706,0,18,Nissan March,0,0,12.859149473683685,-74.40572322042264,41.201879622327304,Aceleración repentina,10,2022-02-02 20:00:51.609000-05:00,0.03333161940174636,-0.03252093510336215,-0.0027695679208606582
5537,8.235294117647058,-1.7642747135003076,0.0964440680092323,10.293486398586706,0,18,Nissan March,0,0,12.882987537672753,-74.40959220518002,40.24436207125263,Aceleración repentina,10,2022-02-02 20:00:51.660000-05:00,0.022388828733622662,-0.0013414379786373665,0.0016044517714929431
5538,9.411764705882351,-1.5759273983138553,-0.22307812136237645,10.352368373034754,0,18,Nissan March,0,0,12.894638281863816,-73.63173029546051,40.42626589111643,Aceleración repentina,10,2022-02-02 20:00:51.710000-05:00,-0.009048202532592649,-0.00922482858948532,-0.006972938981616591
5539,9.411764705882351,-1.7744011789530671,-0.43979803073946205,10.38270881922114,0,18,Nissan March,0,0,12.900332529528722,-73.9657241463004,40.35123857562503,Aceleración repentina,10,2022-02-02 20:00:51.760000-05:00,-0.022999537758904596,0.0060789064585071665,-0.010506122137320408
5540,9.411764705882351,-1.8156488140655616,-0.1288120885239098,9.992054006780421,0,18,Nissan March,0,0,12.814318961375095,-73.27967156005127,39.72272352454947,Aceleración repentina,10,2022-02-02 20:00:51.810000-05:00,-0.011199909729190043,0.019740175802796453,-0.014528099848843096
5541,9.411764705882351,-1.8165075862343345,-0.04354069036914193,10.148915912774346,0,18,Nissan March,0,0,12.949873436391204,-73.86133622722822,39.90523157616801,Aceleración repentina,10,2022-02-02 20:00:51.859000-05:00,-0.008729014029717548,0.048796378648335206,-0.015134101586748163
5542,9.411764705882351,-1.9142938026246823,-0.32379500725562543,9.968136450637582,0,18,Nissan March,0,0,13.016125062911335,-73.80486788160256,40.504731350980016,Aceleración repentina,10,2022-02-02 20:00:51.909000-05:00,-0.01576015906565709,0.0006029018221267238,-0.01604849848459828
5543,9.411764705882351,-2.0551868502105686,0.18694050475838325,9.664288729869547,0,18,Nissan March,0,0,12.160539185580422,-74.16252486120582,40.64441315570238,Aceleración repentina,10,2022-02-02 20:00:51.960000-05:00,-0.0059550015744864685,0.0011714980095939684,-0.014918276552172509
5544,9.411764705882351,-1.4486310493671255,-0.0757091511244492,10.117945335805375,0,18,Nissan March,0,0,12.719138181920915,-74.8551837672663,40.96906243612483,Aceleración repentina,10,2022-02-02 20:00:52.009000-05:00,0.002277624482380145,0.022890348264876757,-0.010255104829446561
5545,8.627450980392156,-1.55449978410647,-0.06729028073005923,10.503783095189478,0,18,Nissan March,0,0,12.28177802931536,-75.44742871251538,40.79887433216225,Aceleración repentina,10,2022-02-02 20:00:52.060000-05:00,0.004997047337879874,-0.007032319244661231,-0.004431277122816487
5546,8.627450980392156,-1.6876025675706876,0.14118205525348004,10.007538518835828,0,18,Nissan March,0,0,12.068020265274244,-75.39702792556993,40.542817132872045,Aceleración repentina,10,2022-02-02 20:00:52.109000-05:00,0.011602489102862724,-0.01814928396572143,-0.008955815975124178
5547,8.627450980392156,-1.7348726471711637,0.2091819609302234,9.862699196509443,0,18,Nissan March,0,0,12.052343746267086,-75.07559391564976,40.15833284139139,Aceleración repentina,10,2022-02-02 20:00:52.159000-05:00,0.015211204831267732,-0.007442972321899071,-0.011157543239929681
5548,8.627450980392156,-1.8054244225687848,0.1682702467152878,9.844403083789485,0,18,Nissan March,0,0,12.932647974901172,-74.11117783451803,40.46631057028257,Aceleración repentina,10,2022-02-02 20:00:52.210000-05:00,0.026390766275326348,0.0060053483125706904,-0.004727749080642762
5549,9.019607843137257,-1.7071457634471527,-0.1772033940096863,10.71215421068989,0,18,Nissan March,0,0,12.38612995912983,-74.045656679444,40.70893596525645,Aceleración repentina,10,2022-02-02 20:00:52.260000-05:00,0.016529135985131026,0.021797211435019323,-0.0033307237692033974
5550,9.019607843137257,-1.8764841607682456,-0.3126727118811108,10.546098297805749,0,18,Nissan March,0,0,12.740598029928899,-74.10559181227266,40.58085190900707,Aceleración repentina,10,2022-02-02 20:00:52.310000-05:00,-0.013837369169867289,0.02799209566128382,-0.005017702334378524
5551,9.019607843137257,-1.9341622897001218,0.47903204661742105,9.5824380572302,0,18,Nissan March,0,0,12.647452853471872,-73.45739270147665,40.599273881660984,Aceleración repentina,10,2022-02-02 20:00:52.359000-05:00,-0.01816095882276618,0.03223257231269955,-0.009148470264404053
5552,9.019607843137257,-2.068639113161481,-0.006983117151866447,10.388343340220226,0,18,Nissan March,0,0,12.06914894352661,-73.47570499504373,40.77729973954231,Aceleración repentina,10,2022-02-02 20:00:52.409000-05:00,-0.018162349714164822,0.04065181878025902,-0.009074900848014551
5553,10.588235294117649,-2.245041948884267,0.011729788008891576,10.128757406070376,0,18,Nissan March,0,0,12.230488593621168,-73.38869660993691,40.44744739180622,Aceleración repentina,10,2022-02-02 20:00:52.459000-05:00,-0.02386996395800206,-0.011953102416014744,-0.009766042853059105
5554,10.588235294117649,-2.093547815968968,-0.10735652670971466,10.049942512493617,0,18,Nissan March,0,0,12.398139211449815,-73.436309285056,40.8677914698301,Aceleración repentina,10,2022-02-02 20:00:52.509000-05:00,-0.014341008618350925,-0.031665031080597976,-0.009993099038823451
5555,10.588235294117649,-1.7065974133989346,0.008718395264453047,10.178626228241347,0,18,Nissan March,0,0,12.302484469176814,-73.6586342876524,40.40969713031627,Aceleración repentina,10,2022-02-02 20:00:52.560000-05:00,-0.0004924635872031458,-0.0003490879423437704,-5.3334548569415954e-05
5556,11.372549019607844,-1.696072163424846,0.13845549390994072,9.694446191840393,0,18,Nissan March,0,0,12.522123470185946,-73.2985823968779,40.932659030302915,Aceleración repentina,10,2022-02-02 20:00:52.610000-05:00,0.0033686301559100644,-0.017904020137219916,0.006788665053675562
5557,11.372549019607844,-2.008836418709833,0.266417258575539,9.653602855274737,0,18,Nissan March,0,0,12.54067441672517,-73.77467109362435,41.117265543476286,Aceleración repentina,10,2022-02-02 20:00:52.659000-05:00,0.0025038538226646034,-0.0018037877342675541,-0.0002626257671540094
5558,11.372549019607844,-2.028614489680343,0.008188225713108288,9.529601541542377,0,18,Nissan March,0,0,13.260113950754599,-74.04769757599136,41.38073604244013,Aceleración repentina,10,2022-02-02 20:00:52.709000-05:00,0.01006553646386019,-0.007303217915827522,-0.00758631727631904
5559,11.372549019607844,-1.8122349259590054,-0.17806682167422974,10.263741892495784,0,18,Nissan March,0,0,13.345346899177411,-74.10676222192325,41.26336960422659,Aceleración repentina,10,2022-02-02 20:00:52.760000-05:00,0.00899635976173519,0.0032771511406447466,-0.007846386078156823
5560,11.372549019607844,-1.7897107685721185,-0.27053914246514066,10.512176126693495,0,18,Nissan March,0,0,13.20941089985638,-74.72569502401251,40.528808621530516,Aceleración repentina,10,2022-02-02 20:00:52.809000-05:00,0.010069975180405392,-0.0020623153560467775,-0.000778712059968838
5561,12.15686274509804,-1.658812076824442,-0.4161466871651525,10.51560130308112,0,18,Nissan March,0,0,13.231769410609472,-74.98312939883668,40.40396145086039,Aceleración repentina,10,2022-02-02 20:00:52.859000-05:00,0.02041213557215614,0.011350649498851562,0.008696295505931838
5562,12.15686274509804,-1.871565962182084,0.001520238742962643,10.50376016184902,0,18,Nissan March,0,0,14.397052901761985,-74.64321196717236,39.74983126355602,Aceleración repentina,10,2022-02-02 20:00:52.910000-05:00,0.022401596699178367,0.0257417589945546,0.01180905534732368
5563,12.15686274509804,-2.1466341704483245,-0.28208945239387934,10.2492592499589,0,18,Nissan March,0,0,13.63463076840316,-73.96072630489115,40.50910852913423,Aceleración repentina,10,2022-02-02 20:00:52.960000-05:00,-0.006903801934036023,0.005762618392380802,-4.393359449165503e-05
5564,16.470588235294116,-2.2814430571796147,-0.2619169362969433,9.504518375994769,0,18,Nissan March,0,0,12.4628310058685,-73.86186592308505,40.478109599135585,Aceleración repentina,10,2022-02-02 20:00:53.009000-05:00,-0.00017596881703908513,0.014076251858147771,-0.003222604230611683
5565,16.470588235294116,-2.350391425368193,-0.2474495560819015,9.780127099542971,0,18,Nissan March,0,0,13.133271736021216,-73.80517165062187,40.46217133893763,Aceleración repentina,10,2022-02-02 20:00:53.060000-05:00,-0.013648288855614407,-0.010102469450862317,-0.0014056262300836178
5566,16.470588235294116,-2.056605719848391,-0.03091751594520442,9.944428132043294,0,18,Nissan March,0,0,12.484183900109718,-73.48012846404096,40.53825365269532,Aceleración repentina,10,2022-02-02 20:00:53.110000-05:00,-0.018098501312300792,0.000913669772791623,-0.0008087067961518964
5567,10.588235294117649,-1.6833640954418487,0.26133876291259467,9.997840452205251,0,18,Nissan March,0,0,12.166945204165094,-73.2937232869048,40.914479978553366,Aceleración repentina,10,2022-02-02 20:00:53.159000-05:00,-0.006727408981986734,-0.00566244647024473,0.00439457394660178
5568,10.588235294117649,-1.8028276017589462,0.016515571617813085,10.163096330203876,0,18,Nissan March,0,0,12.722269094055703,-73.57686432802922,41.61358100605579,Aceleración repentina,10,2022-02-02 20:00:53.209000-05:00,0.0020224808206609855,-0.020449002937733107,0.0010967935484595898
5569,10.588235294117649,-2.0555033781379155,0.15793984107430048,9.921076154158532,0,18,Nissan March,0,0,12.816087881368754,-73.34919919474285,40.961702783250644,Aceleración repentina,10,2022-02-02 20:00:53.260000-05:00,0.01632707720922124,-0.015880427960327577,-0.00857033901830712
5570,10.588235294117649,-2.0594890354537196,-0.05962982847334447,10.25103976623847,0,18,Nissan March,0,0,12.595551565812828,-73.31614829301358,41.72213790802422,Aceleración repentina,10,2022-02-02 20:00:53.310000-05:00,0.003930744992646864,0.01972765150757106,-0.0038777924609215185
5571,12.941176470588236,-1.9479173519432595,-0.3231207194217372,10.229101836459494,0,18,Nissan March,0,0,12.842951877483978,-73.88225483789257,41.77601134999746,Aceleración repentina,10,2022-02-02 20:00:53.360000-05:00,-0.013005142617352063,0.00019667198527116916,-0.002336182032001196
5572,12.941176470588236,-1.8239680300870034,0.12345848627687617,10.09081614438053,0,18,Nissan March,0,0,13.230257459084049,-74.10939450653846,41.71943360616581,Aceleración repentina,10,2022-02-02 20:00:53.410000-05:00,-0.002191379840057789,-0.002441097091901692,0.001031517826757131
5573,12.941176470588236,-1.9123574382341768,0.007119657962344331,10.169517184576161,0,18,Nissan March,0,0,13.24195807060035,-75.40977518389082,41.18468155046551,Aceleración repentina,10,2022-02-02 20:00:53.459000-05:00,-0.0028997151637523673,0.0008054231713403334,0.002137885373726728
5574,15.294117647058824,-1.7083724647794483,0.44072283164396947,9.721950961640143,0,18,Nissan March,0,0,13.336473296214612,-74.88788401821265,41.83678359452516,Aceleración repentina,10,2022-02-02 20:00:53.510000-05:00,0.011134192637303097,0.0012420408007499178,0.008223842908152555
5575,15.294117647058824,-1.7985234745824672,0.10055505659840175,9.669296692207837,0,18,Nissan March,0,0,13.560260389293813,-74.58859081903086,41.83495702270631,Aceleración repentina,10,2022-02-02 20:00:53.560000-05:00,-0.006345314601610082,0.0034767822566443233,-0.0012217590712409725
5576,15.294117647058824,-1.9909349377800134,-0.23981788937144832,9.539555723701952,0,18,Nissan March,0,0,13.314448880193344,-74.02691235392703,40.485585038515154,Aceleración repentina,10,2022-02-02 20:00:53.610000-05:00,-0.006412036952422652,0.026470207998528374,-0.0050401697605615935
5577,15.294117647058824,-2.2771204614909797,-0.20818768975039814,9.956500386423004,0,18,Nissan March,0,0,13.10551302959274,-73.60729192041943,41.22450834885969,Aceleración repentina,10,2022-02-02 20:00:53.660000-05:00,-0.0021537107554783653,0.01504120337587067,-0.00700991753898305
5578,15.294117647058824,-2.358265567300008,-0.11676085629383622,10.194681691078138,0,18,Nissan March,0,0,13.269786409660066,-73.85419918529357,40.84593611678799,Aceleración repentina,10,2022-02-02 20:00:53.710000-05:00,0.003533276939106252,0.013837097985976746,-0.004080469062703594
5579,15.294117647058824,-2.1211492444005007,0.26226143571119853,10.037453675944263,1,18,Nissan March,0,0,13.350074269003159,-73.21571442767677,40.314183034827174,Aceleración repentina,10,2022-02-02 20:00:53.759000-05:00,-0.001008731366162593,0.03216159916209964,-0.0024027659985499383
5580,15.294117647058824,-1.96254008112261,0.059459446053333254,9.885176992539556,1,18,Nissan March,0,0,12.501348535939899,-73.43461786290726,40.3778876480032,Aceleración repentina,10,2022-02-02 20:00:53.809000-05:00,-0.017490340938220546,0.04340397402751391,-0.001851601612922229
5581,16.862745098039216,-2.157349221529375,1.7721204161287847,9.16673671209372,1,18,Nissan March,0,0,12.175334341021255,-73.85268446596646,41.169135178473006,Aceleración repentina,10,2022-02-02 20:00:53.859000-05:00,-0.00010597068458268605,0.01399742712460664,-0.0009552200577291627
5582,16.862745098039216,-2.6891789781246906,4.670056430988805,7.898258128686333,1,18,Nissan March,0,0,12.726369246129284,-73.89741637125532,40.564634556787965,Aceleración repentina,10,2022-02-02 20:00:53.910000-05:00,0.05486069072384815,0.08914342004162147,-0.008529161836995845
5583,16.862745098039216,-1.8490913328448753,3.853191078056093,7.931010943213435,1,18,Nissan March,0,0,12.729295206322925,-74.02057922918395,41.34942912023378,Aceleración repentina,10,2022-02-02 20:00:53.960000-05:00,0.10583356408671116,0.05353296914208221,0.003288847852776529
5584,16.862745098039216,-1.9226097861065472,5.271321283040469,8.911719468730864,1,18,Nissan March,0,0,12.375538833823379,-74.28623061359878,41.58438119895266,Aceleración repentina,10,2022-02-02 20:00:54.009000-05:00,0.13622555134580172,0.05570764258144475,0.00860196078920086
5585,23.137254901960784,-1.9833575315525582,4.397067205859514,10.320272230815409,1,18,Nissan March,0,0,12.025048821935686,-74.04853554370214,40.35675018265154,Aceleración repentina,10,2022-02-02 20:00:54.059000-05:00,0.11844233346134644,-0.028229611898474373,-0.0039587836352208226
5586,23.137254901960784,-1.7738877741845482,4.175858790472172,10.043540799297318,1,18,Nissan March,0,0,12.1201382563985,-74.39977303615674,40.65260492526481,Aceleración repentina,10,2022-02-02 20:00:54.110000-05:00,0.009839347388080386,-0.020673248595275792,-0.015953703554985037
5587,23.137254901960784,-1.531752318235442,5.0456105892902805,9.382795174472506,1,18,Nissan March,0,0,11.98901956931925,-74.40617990429857,40.299057855395176,Aceleración repentina,10,2022-02-02 20:00:54.160000-05:00,0.050298516693382554,0.025000395118044326,-0.009879955360274043
5588,23.137254901960784,-1.6518001041922092,4.632212859631962,9.51198548474811,1,18,Nissan March,0,0,11.836139308238552,-74.89740453347174,40.37011095876463,Aceleración repentina,10,2022-02-02 20:00:54.210000-05:00,0.04511484361185664,0.02771939897197881,-0.007169276878975906
5589,21.5686274509804,-2.3146884905896004,4.34898370875713,9.052650636437884,1,18,Nissan March,0,0,12.027809599996159,-74.49654054084489,40.32236622670007,Aceleración repentina,12,2022-02-02 20:00:54.260000-05:00,0.03127485503095111,0.008534132974095075,-0.004848133569047429
5590,21.5686274509804,-2.106535449710498,3.521481036252565,8.852395449300618,1,18,Nissan March,0,0,13.098250234741512,-74.36416387137766,41.056311499852825,Aceleración repentina,12,2022-02-02 20:00:54.309000-05:00,0.01600227807534727,0.0018514685645637822,-0.016961186909944657
5591,21.5686274509804,-1.3973138881892635,2.1706419863205255,9.382268265599706,1,18,Nissan March,0,0,12.911050329970053,-74.28824873905234,41.60222736366489,Aceleración repentina,12,2022-02-02 20:00:54.360000-05:00,-0.006877458769665723,0.012019690233333664,-0.02737840738981128
5592,21.5686274509804,-1.8728766114237012,2.07076441319598,9.884764425638739,1,18,Nissan March,0,0,12.997150448117837,-75.02479375472876,41.882912828744054,Aceleración repentina,12,2022-02-02 20:00:54.409000-05:00,-0.051531660281316394,0.010701978643748153,-0.01792510325883438
5593,21.5686274509804,-1.7996098297306051,0.930426648302866,9.6079046684099,1,18,Nissan March,0,0,13.216824696107052,-74.66710556642613,41.69012050172389,Aceleración repentina,16,2022-02-02 20:00:54.460000-05:00,-0.06342837705748211,0.08591288279191561,-0.02340320868442204
5594,21.5686274509804,-1.64792228514751,1.1439898367618768,9.633745973449146,1,18,Nissan March,0,0,12.9690030528756,-75.04703970896912,41.59099532958568,Aceleración repentina,16,2022-02-02 20:00:54.510000-05:00,-0.07306528687009746,0.04546550753360857,-0.017334469509893927
5595,21.5686274509804,-1.9771123448257981,0.8873862103500525,9.785017701780033,1,18,Nissan March,0,0,13.203067786075998,-74.48484296389789,41.371475504259536,Aceleración repentina,16,2022-02-02 20:00:54.560000-05:00,-0.044145830702048895,0.027905670968047833,-0.013910125342536994
5596,21.5686274509804,-1.7992913237130828,2.2673305450416334,8.700316216999337,1,18,Nissan March,0,0,12.78468621529167,-73.77239505010405,41.42716235597709,Aceleración repentina,16,2022-02-02 20:00:54.609000-05:00,-0.014618037501117287,0.005127919734174924,-0.009208592498745087
5597,23.92156862745098,-1.881660031001501,2.157154655663855,9.107134564525655,1,18,Nissan March,0,0,12.491407540347742,-73.46133179862025,41.540071091500515,Aceleración repentina,16,2022-02-02 20:00:54.660000-05:00,0.013683914500378536,-0.03196329547394807,-0.004087473539138898
5598,23.92156862745098,-1.5583008846629995,2.9869126540186905,10.135918750119162,1,18,Nissan March,0,0,12.436865541694507,-73.96551441138044,41.850954859913074,Aceleración repentina,16,2022-02-02 20:00:54.710000-05:00,0.05014167558976393,-0.04210613235540967,-0.0031203783970064104
5599,23.92156862745098,-1.9195601550376065,2.5314503572478966,9.672613092338885,1,18,Nissan March,0,0,13.209377840292817,-74.54718239978185,41.2523038833614,Aceleración repentina,16,2022-02-02 20:00:54.759000-05:00,0.0600443167952562,-0.01023393376267391,0.0043504474516183
5600,27.45098039215686,-1.9298582132556665,1.8065426610658792,10.179279813896576,1,18,Nissan March,0,0,13.32054985842314,-74.9782663888568,41.702997861398615,Aceleración repentina,16,2022-02-02 20:00:54.810000-05:00,0.03620639817588043,0.014752261811058577,-0.007501438214049288
5601,27.45098039215686,-1.3333614266082505,1.299597206842262,10.852737687139001,1,18,Nissan March,0,0,13.019698249132961,-74.2503827929881,41.26050807995873,Aceleración repentina,16,2022-02-02 20:00:54.860000-05:00,-0.025172382531252722,-0.01819763024066498,-0.00924912386752032
5602,27.45098039215686,-1.3414882079312862,1.8217758365166061,10.009907995382349,0,18,Nissan March,0,0,13.405438041247713,-74.0279776005526,40.86444556473789,Aceleración repentina,16,2022-02-02 20:00:54.910000-05:00,-0.014057832622753152,-0.007459812428829791,0.0009063898236571291
5603,22.352941176470587,-2.0830960097664075,0.7031806304593677,9.734575929182766,0,18,Nissan March,0,0,12.79479714168729,-74.19296333218328,40.23942271055138,Aceleración repentina,18,2022-02-02 20:00:54.960000-05:00,-0.03892221904802898,0.010164797734641157,-0.006486957263739555
5604,22.352941176470587,-2.095997085995052,1.2747835786541057,9.526657750390962,0,18,Nissan March,0,0,12.229959392573512,-74.38508913634787,40.33944924058582,Aceleración repentina,18,2022-02-02 20:00:55.010000-05:00,-0.015032743307369995,0.01005587740721141,0.00038320311487179126
5605,22.352941176470587,-2.242083852355206,1.4331066844101583,8.842993749835097,0,18,Nissan March,0,0,13.197050016580992,-75.0803296101383,40.39087839838117,Aceleración repentina,18,2022-02-02 20:00:55.060000-05:00,-0.007141508373789074,0.007935280373254281,-0.0023669686449823055
5606,21.96078431372549,-1.9821384056211775,2.7780342143550047,8.54074177789162,0,18,Nissan March,0,0,13.314524691254999,-74.89397434008588,41.091537387295645,Aceleración repentina,18,2022-02-02 20:00:55.110000-05:00,0.012586609663896776,0.08078386365684598,0.0038826487716954717
5607,21.96078431372549,-1.8332219869314819,1.766914704689709,9.310717407954932,0,18,Nissan March,0,0,13.54953310951755,-74.98212382981384,40.609014303764276,Aceleración repentina,18,2022-02-02 20:00:55.159000-05:00,0.011969310392335062,0.027711911883148366,0.006651104373240409
5608,21.96078431372549,-2.5262653694315333,2.1746500273698146,10.026814050155675,0,18,Nissan March,0,0,12.6876297328523,-74.35010503724237,40.95086193330351,Aceleración repentina,18,2022-02-02 20:00:55.210000-05:00,0.007485036360436049,0.012002621062677413,-0.0003078176426047569
5609,21.96078431372549,-2.1552895308200446,2.6838836947772786,9.528087580349547,0,18,Nissan March,0,0,12.443971630724201,-74.57271656238026,40.78951644949622,Aceleración repentina,18,2022-02-02 20:00:55.260000-05:00,0.02883239828254592,0.09400233734845041,-0.006885852590609815
5610,17.647058823529413,-2.538952525842519,1.6338349579449123,10.425690183619787,0,18,Nissan March,0,0,12.591274669975675,-74.99290967411451,41.29649920319554,Aceleración repentina,20,2022-02-02 20:00:55.310000-05:00,-0.021901026916157217,0.07744045500517209,-0.00046315452130167405
5611,17.647058823529413,-2.574505674681178,1.088352927560868,10.548330821595329,0,18,Nissan March,0,0,12.574471747734298,-74.55131065569084,41.97855227172062,Aceleración repentina,20,2022-02-02 20:00:55.360000-05:00,-0.035092454620412966,0.06889469796735156,-0.003360328032579038
5612,17.647058823529413,-1.5660383013944836,1.2714511121762226,9.855368348064745,0,18,Nissan March,0,0,13.010242424348803,-74.20055316548711,42.24495633208264,Aceleración repentina,20,2022-02-02 20:00:55.410000-05:00,-0.045870431127882014,-0.004892342177005543,-0.01361116320683362
5613,17.647058823529413,-2.015076708386731,0.7804264397789126,10.489635842557355,0,18,Nissan March,0,0,13.223223339306115,-74.3894417401859,41.79198998892487,Aceleración repentina,20,2022-02-02 20:00:55.460000-05:00,-0.058704767440853796,-0.024346073314896226,-0.006964442703863465
5614,9.803921568627452,-1.8272504545135884,0.3344042152732173,9.667493066473165,0,18,Nissan March,0,0,12.7945371492778,-74.30274504541208,41.474817947985386,Aceleración repentina,20,2022-02-02 20:00:55.509000-05:00,-0.02156736711608854,0.0028944906789264285,-0.004065529524178728
5615,9.803921568627452,-2.4255501771522674,-0.3968520985802395,9.335213962826098,0,18,Nissan March,0,0,12.762611955618876,-74.05800621010756,40.974634091882116,Aceleración repentina,20,2022-02-02 20:00:55.560000-05:00,-0.015007197427892327,0.04431708186276368,-0.0009672354826565995
5616,9.803921568627452,-1.7373965269333524,-0.9252825586258977,9.345173008625542,0,18,Nissan March,0,0,12.569415452931434,-73.91765382669995,41.22312429117709,Aceleración repentina,20,2022-02-02 20:00:55.610000-05:00,-0.025681323094123604,-0.028031887997670098,-0.0013799965287166276
5617,9.803921568627452,-1.7282068583288155,-0.1204897690934178,10.390250775428026,0,18,Nissan March,0,0,12.297398339320598,-73.83716479640898,41.35088681243758,Aceleración repentina,20,2022-02-02 20:00:55.660000-05:00,-0.01707952461862152,-0.019215938459742413,0.003491580747955707
5618,9.803921568627452,-2.1783621991474926,-0.053054232172953214,9.438043803185296,0,18,Nissan March,0,0,13.141213886263369,-73.4984758352636,41.50085362626136,Aceleración repentina,20,2022-02-02 20:00:55.709000-05:00,-0.0035372404997979917,-0.01267404675393127,0.012960430841939426
5619,9.803921568627452,-2.3658621638626736,0.45860669359980866,9.797522017937915,0,18,Nissan March,0,0,13.642421461334525,-73.79179553412925,41.156574575890225,Aceleración repentina,20,2022-02-02 20:00:55.759000-05:00,-0.0033442834233981186,0.0486132750881111,0.001049631237170662
5620,9.803921568627452,-1.8646697648277129,0.4196346082983538,9.904661822505318,0,18,Nissan March,0,0,13.532197937505524,-73.76498781104443,40.642453510679125,Aceleración repentina,22,2022-02-02 20:00:55.810000-05:00,0.005280186870769865,0.04427493243804303,0.013588816296020918
5621,9.803921568627452,-2.3082907353141597,0.6757105462924112,10.163553577599657,0,18,Nissan March,0,0,13.03434366931476,-73.65210408061857,40.63094666378936,Aceleración repentina,22,2022-02-02 20:00:55.859000-05:00,-0.0054254478990291705,-0.025963911993630524,0.012701050686428106
5622,9.803921568627452,-2.641093823942467,0.04503492621972072,10.007199714415298,0,18,Nissan March,0,0,12.347036656755925,-73.6848778096321,41.04641562233122,Aceleración repentina,22,2022-02-02 20:00:55.910000-05:00,-0.02679662029886562,0.0016367414759806583,0.004540975164570575
5623,9.803921568627452,-2.04511427695034,0.3542685765112618,9.669796762161868,0,18,Nissan March,0,0,13.165474385722515,-74.77628377441953,41.00719997830793,Aceleración repentina,22,2022-02-02 20:00:55.959000-05:00,-0.0145943551463686,-0.01929496820126602,0.006867379868960836
5624,9.803921568627452,-2.1011494504628687,-0.8343556514297075,9.80087693583854,0,18,Nissan March,0,0,13.210295641302723,-74.62210059963077,41.324145262804684,Aceleración repentina,22,2022-02-02 20:00:56.010000-05:00,-0.036245867189357885,-0.027974397062244413,-0.00023676612385152042
5625,9.803921568627452,-2.40443247392862,0.2264117577834488,9.806942577759004,0,18,Nissan March,0,0,13.3209984294476,-74.43616982617218,41.06571905681103,Aceleración repentina,22,2022-02-02 20:00:56.059000-05:00,-0.03697730287272039,-0.03793983152374292,-0.0018553316601158175
5626,9.803921568627452,-1.9737095515043406,0.8750962740881695,9.71444608276787,0,18,Nissan March,0,0,12.753527669588925,-74.42705266942673,41.35423314970166,Aceleración repentina,22,2022-02-02 20:00:56.110000-05:00,-0.025091208694025334,-0.0060058396340998965,0.015495713639810029
5627,9.411764705882351,-2.161677848861546,0.5766905985598433,9.858975792366772,0,18,Nissan March,0,0,12.298585733324607,-74.81186452295204,41.165465952163636,Aceleración repentina,20,2022-02-02 20:00:56.160000-05:00,-0.0011899207636948995,0.01344812633109218,0.022626557161512215
5628,9.411764705882351,-2.4328974488863087,0.42536510893789753,9.470679987629932,0,18,Nissan March,0,0,12.07623495334374,-75.03254572680994,41.40551853187896,Aceleración repentina,20,2022-02-02 20:00:56.210000-05:00,0.028820440857185808,-0.022122986295540097,0.02639982725175171
5629,9.411764705882351,-2.298459905751184,0.3195032428816398,10.172066670375175,0,18,Nissan March,0,0,12.145155242821513,-74.37902089528563,41.36038870203441,Aceleración repentina,20,2022-02-02 20:00:56.260000-05:00,0.003777219879481382,0.005751500046677245,0.010471963660514776
5630,9.411764705882351,-1.7577436701615743,-0.012911225617460387,9.874214654458227,0,18,Nissan March,0,0,12.622822745094105,-75.0768496062594,40.578691492490876,Aceleración repentina,20,2022-02-02 20:00:56.309000-05:00,-0.011629066739347105,-0.019944361830854886,-0.00048319923919006025
5631,9.019607843137257,-1.4355599590889978,0.4210040458634071,9.95155421129445,0,18,Nissan March,0,0,12.145907696804983,-75.28201897781344,40.68244014501229,Aceleración repentina,22,2022-02-02 20:00:56.360000-05:00,0.023945365794625917,-0.01431621158278904,0.01666180224416039
5632,9.019607843137257,-1.4579977893736131,0.7108836151478231,10.680270133103752,0,18,Nissan March,0,0,12.800783714566267,-74.03453793277106,40.73578305133666,Aceleración repentina,22,2022-02-02 20:00:56.409000-05:00,0.04425713882257658,-0.04290144377482021,0.023724955591122115
5633,9.019607843137257,-2.0856687118024673,0.6882399112266646,10.97431153397155,0,18,Nissan March,0,0,12.144088697024445,-74.19672553960598,40.51037842450165,Aceleración repentina,22,2022-02-02 20:00:56.459000-05:00,0.040979056613628065,-0.004262985993627885,0.031052544215377013
5634,8.627450980392156,-1.662751949660728,0.7577019865108127,10.554724253745201,0,18,Nissan March,0,0,12.355911659168536,-74.28973659422728,41.40581010186153,Aceleración repentina,22,2022-02-02 20:00:56.510000-05:00,0.006366697356161209,-0.01510200461413653,0.006993310285767967
5635,8.627450980392156,-1.5881505503317308,0.6536656942658257,10.691483362241591,0,18,Nissan March,0,0,12.903422185783128,-74.83062683519577,41.61336977228208,Aceleración repentina,22,2022-02-02 20:00:56.560000-05:00,0.005634366375445771,-0.04248093415376791,0.014110830248473462
5636,8.627450980392156,-1.9946228318417965,0.24766019355908053,10.34205149516167,0,18,Nissan March,0,0,13.526201860853378,-74.94579541759765,41.551533545057,Aceleración repentina,22,2022-02-02 20:00:56.610000-05:00,-0.03455762274110771,-0.03535637703732579,0.005004120462917641
5637,8.627450980392156,-1.9769999742886406,-0.8056438889704296,10.71599585067815,0,18,Nissan March,0,0,13.564192747555314,-74.91433200135148,41.09835486559861,Aceleración repentina,22,2022-02-02 20:00:56.660000-05:00,-0.025718722241043497,0.008778420357360497,-0.0022795126042327446
5638,7.84313725490196,-1.4762928538729159,-0.2628924045718951,9.88639049283568,0,18,Nissan March,0,0,13.405167407739986,-75.09130859048557,41.20245891424022,Aceleración repentina,22,2022-02-02 20:00:56.709000-05:00,-0.041347286307784045,0.0005481210103670201,0.005342002641226672
5639,7.84313725490196,-2.3652612551506307,-0.5615160613543219,10.251811740231448,0,18,Nissan March,0,0,12.439478448710949,-75.19280080385423,40.75032223325201,Aceleración repentina,22,2022-02-02 20:00:56.759000-05:00,-0.07005176855961547,0.02961540390454237,-2.2576672263114814e-05
5640,7.84313725490196,-2.183119433637602,0.020620688211848037,10.005373250910232,0,18,Nissan March,0,0,12.056299014781542,-74.3734136002173,40.77068497811904,Aceleración repentina,22,2022-02-02 20:00:56.809000-05:00,-0.042437002997817164,0.04668239153446675,-0.005361521782349572
5641,7.0588235294117645,-2.0829149986071,-0.3877107979099246,10.017227561518448,0,18,Nissan March,0,0,12.668191277635081,-74.78110368682262,41.20253985210522,Aceleración repentina,20,2022-02-02 20:00:56.859000-05:00,-0.0012124747034399433,0.02694110093207441,0.005044802377368658
5642,7.0588235294117645,-1.7501882997002491,-0.8626631359777773,10.163131122175093,0,18,Nissan March,0,0,13.14484401928247,-74.81988488627454,41.424580269295305,Aceleración repentina,20,2022-02-02 20:00:56.910000-05:00,0.0002772167755185275,-0.01117510359777248,0.0013104086757241323
5643,7.0588235294117645,-2.064679320124177,-0.7352759515581868,10.366031268088152,0,18,Nissan March,0,0,13.289009250066343,-75.32967548825275,40.27458770811242,Aceleración repentina,20,2022-02-02 20:00:56.960000-05:00,0.025738097866476555,-0.026534501984311953,0.009382620143105456
5644,7.0588235294117645,-2.1993015823743387,-0.9804765048622472,10.042785552678472,0,18,Nissan March,0,0,13.181876132837546,-74.45190824598774,40.8631918220356,Aceleración repentina,20,2022-02-02 20:00:57.010000-05:00,-0.007228468726977879,-0.04090937933754591,0.00917328385429284
5645,7.450980392156863,-2.1315170744620238,-0.9774306039186644,10.063729350406435,0,18,Nissan March,0,0,13.129515314282969,-74.9236287399299,41.1658256717105,Aceleración repentina,22,2022-02-02 20:00:57.059000-05:00,-0.005990368413352723,0.025588101848076715,0.0026667106372707016
5646,7.450980392156863,-1.8173629626163388,-0.9547861203258303,9.78272701833297,0,18,Nissan March,0,0,12.837534388346965,-74.51157955120382,41.4057034835446,Aceleración repentina,22,2022-02-02 20:00:57.109000-05:00,-0.029836803740644274,0.016816603352181034,0.010543508074223256
5647,7.450980392156863,-2.0037977122285087,0.2701154586810852,9.215616245075417,0,18,Nissan March,0,0,12.606033447508825,-74.95784893182424,41.44476084856762,Aceleración repentina,22,2022-02-02 20:00:57.159000-05:00,-0.001330709595058193,0.027645675014473972,0.025291510315829897
5648,7.450980392156863,-1.7172844743876685,0.3899357147360898,8.959263597835363,0,18,Nissan March,0,0,13.469651087641385,-74.53120408478902,41.549119447492544,Aceleración repentina,20,2022-02-02 20:00:57.210000-05:00,0.018786414215737544,0.04738472857624673,0.015830345953258704
5649,7.450980392156863,-1.7291056951391652,0.40442744102295897,9.546395651554896,0,18,Nissan March,0,0,13.802943633682045,-74.96910317375327,41.012836592171475,Aceleración repentina,20,2022-02-02 20:00:57.260000-05:00,-0.005957795541832709,-0.0005830272005080891,0.01558337898704368
5650,7.450980392156863,-1.8725037482271993,0.0575105268787085,9.60173926433603,0,18,Nissan March,0,0,13.877042227890023,-74.53765814703958,41.15848925162216,Aceleración repentina,20,2022-02-02 20:00:57.310000-05:00,0.01226422247326537,0.03894046809425047,0.011210377015572174
5651,7.450980392156863,-1.6772608944933585,-0.4693146020816277,9.915363321894578,0,18,Nissan March,0,0,13.291681336514188,-73.9977035775659,40.81199205646553,Aceleración repentina,20,2022-02-02 20:00:57.360000-05:00,-0.020239927153886145,0.06798022270035456,0.006197188070681406
5652,7.450980392156863,-1.8158919493491346,0.13686921838972121,9.830510501311215,0,18,Nissan March,0,0,12.739199075188411,-74.76066235644736,40.88666988938349,Aceleración repentina,20,2022-02-02 20:00:57.410000-05:00,-0.008861559140967316,0.00034287891183040764,0.012418663096938372
5653,7.450980392156863,-2.626052201612535,-0.22068531535811575,9.950109406290153,0,18,Nissan March,0,0,13.179548753913778,-74.8081622292037,41.76783641021928,Aceleración repentina,20,2022-02-02 20:00:57.460000-05:00,0.00987825488602194,0.018436406176530813,0.01660849580105445
5654,7.450980392156863,-2.301468863203708,-0.03738012189505724,9.863059245289516,0,18,Nissan March,0,0,13.039581213009553,-75.0304225421057,41.54667631323939,Aceleración repentina,20,2022-02-02 20:00:57.509000-05:00,0.011074679464988177,0.047648026838122956,0.010116529144725783
5655,7.450980392156863,-1.9913175484827557,-0.20671342752517194,10.030312173240727,0,18,Nissan March,0,0,13.94793538158072,-75.06037389724322,41.180134547413665,Aceleración repentina,20,2022-02-02 20:00:57.559000-05:00,0.007189519501749769,0.008533535202235494,0.020859370237462066
5656,7.450980392156863,-2.0516998010736214,-0.007120986144203922,9.535561461235963,0,18,Nissan March,0,0,13.059940222914491,-74.58999991601635,41.07595225528806,Aceleración repentina,20,2022-02-02 20:00:57.610000-05:00,0.00733295186727507,-0.023834850140838443,0.01723553015677887
5657,7.450980392156863,-2.2187771064898945,0.014325070796880751,10.293797684187448,0,18,Nissan March,0,0,12.359546854660422,-74.02772044031072,40.76955523288524,Aceleración repentina,20,2022-02-02 20:00:57.659000-05:00,0.03234913308030758,-0.003869630688362314,0.01747563713431975
5658,7.450980392156863,-2.144744218498953,-0.31348987226700686,9.644877030867963,0,18,Nissan March,0,0,12.106029421158313,-74.38783602841448,41.033404882394414,Aceleración repentina,20,2022-02-02 20:00:57.710000-05:00,0.0398991500011707,0.02807660053061461,0.026853564298253862
5659,7.450980392156863,-2.4915095659992104,0.332480663029591,9.299848755806183,0,18,Nissan March,0,0,12.870089996187797,-74.78937463478836,41.33761864978323,Aceleración repentina,20,2022-02-02 20:00:57.759000-05:00,0.051667218149426736,0.06350187138715158,0.037087543629138464
5660,7.450980392156863,-2.114677873522419,-0.5731415539952499,10.436826121803566,0,18,Nissan March,0,0,13.421114300893368,-75.40968861057458,41.99969404787029,Aceleración repentina,20,2022-02-02 20:00:57.810000-05:00,0.021311548800020966,0.08556036761103909,0.023997484201748104
5661,7.450980392156863,-2.141000741581225,-0.37535451776312967,9.975579726023833,0,18,Nissan March,0,0,13.42403508018904,-75.08285454232457,41.750164169577886,Aceleración repentina,20,2022-02-02 20:00:57.860000-05:00,0.0070040175575572135,0.03631786884923319,0.018266473410153677
5662,7.450980392156863,-2.104328213032051,-0.7401129008184869,10.562379303344072,0,18,Nissan March,0,0,13.070276175549427,-74.50538198957614,41.453312986627886,Aceleración repentina,20,2022-02-02 20:00:57.910000-05:00,0.012265436824282144,0.025413559604348164,0.020675570976502515
5663,7.450980392156863,-1.8638898364223684,-0.4271843878217008,10.070980104312552,0,18,Nissan March,0,0,11.920615476379435,-73.49164347526957,41.2164083628007,Aceleración repentina,20,2022-02-02 20:00:57.960000-05:00,-0.020239526026240264,0.019532683129194615,0.01288328024221334
5664,7.0588235294117645,-1.980769657109921,-0.31445339647584736,9.750540175092373,0,18,Nissan March,0,0,11.98030033331464,-73.78787732471116,41.515987888480666,Aceleración repentina,20,2022-02-02 20:00:58.009000-05:00,-0.013141792740098853,0.011236267303606221,0.026060179764573872
5665,7.0588235294117645,-2.0849888876280547,-0.5875657059509756,10.19892790049687,0,18,Nissan March,0,0,11.831877821723632,-74.15278114745414,40.99580182973554,Aceleración repentina,20,2022-02-02 20:00:58.059000-05:00,-0.009370461971855946,-0.010397481448531656,0.02323598435737917
5666,7.0588235294117645,-2.217146710277138,-0.7805728896237321,10.313412898768386,0,18,Nissan March,0,0,11.404150579388343,-74.55706570194488,41.06545368772729,Aceleración repentina,20,2022-02-02 20:00:58.109000-05:00,-0.022392593000754038,-0.02348676169752898,0.018016303041603426
5667,7.0588235294117645,-1.9761328853821063,-0.4907230933458677,9.916570764469865,0,18,Nissan March,0,0,12.08306691119319,-74.39887373099575,41.77548197220302,Aceleración repentina,20,2022-02-02 20:00:58.159000-05:00,-0.03882180178268865,-0.023880740437088013,0.00843309269344461
5668,7.0588235294117645,-1.4923568425914362,-0.46022370074756985,9.910103070733197,0,18,Nissan March,0,0,12.237290936337304,-75.08823477447697,41.46633026580163,Aceleración repentina,20,2022-02-02 20:00:58.210000-05:00,-0.032834431963004666,-0.0004145193101918847,0.010291964585287184
5669,7.0588235294117645,-1.9852869363700827,-1.0576879017366172,9.659010393261621,0,18,Nissan March,0,0,12.667853641752117,-74.89850777939385,41.64448652760693,Aceleración repentina,18,2022-02-02 20:00:58.259000-05:00,-0.039417400299039694,0.026503217581477164,0.0159098259925321
5670,7.0588235294117645,-2.0275441066376008,-0.7519919485811655,9.149408024075719,0,18,Nissan March,0,0,11.901526523969371,-74.69219340033577,40.97759301701217,Aceleración repentina,18,2022-02-02 20:00:58.310000-05:00,-0.038024932094048766,0.04073881185210214,0.013463556227930995
5671,7.0588235294117645,-1.9627383255384383,-0.4485205686092937,9.961285613662952,0,18,Nissan March,0,0,10.639021612725347,-74.76889677642937,41.477476795870494,Aceleración repentina,18,2022-02-02 20:00:58.360000-05:00,-0.023297081304284692,0.04222629703432358,0.01623645617463905
5672,7.0588235294117645,-2.186444055909725,-0.6032052087495547,9.819348573224005,0,18,Nissan March,0,0,10.909944196324433,-74.42284414540025,41.06027820495256,Aceleración repentina,18,2022-02-02 20:00:58.409000-05:00,-0.017005349902492684,0.05107505237639032,0.01214023929097388
5673,7.0588235294117645,-2.668585074094455,-0.5032802751841644,9.66976372757995,0,18,Nissan March,0,0,11.841525813337705,-74.3219005961752,41.77282097096467,Aceleración repentina,18,2022-02-02 20:00:58.459000-05:00,0.018602485942501346,0.04513242544702141,0.011509848262390569
5674,7.0588235294117645,-2.394147892227809,-0.47123621170825114,9.947999195049983,0,18,Nissan March,0,0,12.385628651695153,-74.75156210268948,41.0435768348628,Aceleración repentina,18,2022-02-02 20:00:58.509000-05:00,0.01395649058670946,0.016682143665186715,0.007010882589543395
5675,7.0588235294117645,-2.2886817701403372,-0.5576962419803093,10.117469710969347,0,18,Nissan March,0,0,12.207573385084387,-74.70543334617285,40.415801032303996,Aceleración repentina,18,2022-02-02 20:00:58.560000-05:00,0.012421813088932428,-0.011971654887414005,0.016977848219676
5676,7.0588235294117645,-1.969501501647503,-0.36303174098731905,9.73623466989324,0,18,Nissan March,0,0,12.298142903095302,-74.28893916650502,40.76724327772645,Aceleración repentina,18,2022-02-02 20:00:58.609000-05:00,-0.001639618301165175,-0.015010232471262326,0.021682850231289068
5677,7.0588235294117645,-1.9336273107581505,-0.5644212615042441,10.175840660870831,0,18,Nissan March,0,0,10.744069439254059,-74.1475989257207,40.77938502065814,Aceleración repentina,18,2022-02-02 20:00:58.659000-05:00,-0.0005772727797223806,-0.004961130901313072,0.021797930035102518
5678,7.0588235294117645,-2.060052275325452,-0.11624666126944627,9.198698597058835,0,18,Nissan March,0,0,11.050082444158814,-74.55409381082376,40.954181865943866,Aceleración repentina,18,2022-02-02 20:00:58.710000-05:00,0.001200432708354151,-0.007708773134793475,0.019689802624690354
5679,7.0588235294117645,-2.0579548072090694,0.15618150451677904,9.537106033611105,0,18,Nissan March,0,0,11.110848288040684,-75.27476019035694,41.63399393681202,Aceleración repentina,18,2022-02-02 20:00:58.759000-05:00,-0.006773083105275392,0.007995421452398952,0.011844121199673685
5680,7.0588235294117645,-2.023631773091214,-0.5441526316163668,10.147634153080482,0,18,Nissan March,0,0,11.939716764607809,-74.61543569256617,41.05647524986067,Aceleración repentina,18,2022-02-02 20:00:58.809000-05:00,-0.00798012727836276,0.02110196075804783,0.01355850039459063
5681,7.0588235294117645,-1.8445719849648097,-0.17881275224496468,10.056660414895987,0,18,Nissan March,0,0,12.433619027744562,-75.11491824942749,40.843818082479366,Aceleración repentina,18,2022-02-02 20:00:58.859000-05:00,0.010169411794665115,0.0006753751482538352,0.02270544892520427
5682,7.0588235294117645,-1.7482032621925798,-0.0662246264802208,10.424622491675475,0,18,Nissan March,0,0,12.763808093907075,-74.71878999819452,40.48164814188739,Aceleración repentina,18,2022-02-02 20:00:58.910000-05:00,0.03257268569000695,0.02271753739070914,0.014980764780037951
5683,7.0588235294117645,-1.9807385262275372,-0.0045151467349959645,10.192057517007074,0,18,Nissan March,0,0,12.392406848974371,-75.07667960316383,40.46399069899626,Aceleración repentina,18,2022-02-02 20:00:58.960000-05:00,0.012864009187322497,0.006097651643363965,0.01816551691981425
5684,7.0588235294117645,-1.8841722889969494,-0.18382999495160152,9.946452282083076,0,18,Nissan March,0,0,11.766903170228298,-74.7943710546957,40.87629729679061,Aceleración repentina,18,2022-02-02 20:00:59.009000-05:00,-0.007200705715033305,-0.02398910457267995,0.016350536834351143
5685,7.0588235294117645,-2.211818558170583,-0.004712888061720932,10.384499396065996,0,18,Nissan March,0,0,11.638784333728665,-74.24243291627948,41.42539507737567,Aceleración repentina,18,2022-02-02 20:00:59.059000-05:00,-0.001700831560996984,-0.040022759538127825,0.020046141354380098
5686,7.0588235294117645,-1.9378889806937463,0.010101898783802818,9.94063857471044,0,18,Nissan March,0,0,11.487370235828442,-74.9985193797774,41.623439488744175,Aceleración repentina,18,2022-02-02 20:00:59.109000-05:00,0.020090943247354436,-0.015756220457028743,0.022690855722039018
5687,7.0588235294117645,-1.9569190741489537,0.1125048498271321,9.98843001744225,0,18,Nissan March,0,0,11.94614692467071,-74.65203778553071,41.89381915257136,Aceleración repentina,18,2022-02-02 20:00:59.159000-05:00,0.01088118999748351,0.00033277813888422936,0.014260659308763543
5688,7.0588235294117645,-2.02371339105264,0.3078007635280194,10.197416755296324,0,18,Nissan March,0,0,11.903982105775535,-74.35582806323728,41.27434278114332,Aceleración repentina,18,2022-02-02 20:00:59.210000-05:00,0.003558633797532668,0.0073253806096295485,0.010060521643743253
5689,7.0588235294117645,-2.186183650604561,0.029620622325485457,9.767674193680872,0,18,Nissan March,0,0,12.416153877512533,-74.77101876496876,40.61872758987767,Aceleración repentina,18,2022-02-02 20:00:59.259000-05:00,0.0018532219789605267,0.00073621342727707,0.012257235288798251
5690,7.0588235294117645,-2.3806933347867583,0.1718587353701722,9.869964799559718,0,18,Nissan March,0,0,12.31128905440154,-74.03402071549868,40.28163964817844,Aceleración repentina,18,2022-02-02 20:00:59.309000-05:00,0.003430068878060799,-0.04321209547889123,0.01798608555117925
5691,7.0588235294117645,-2.5418053665238105,-0.19418020597468427,10.167821755031843,0,18,Nissan March,0,0,11.283274193412435,-73.70887849673186,40.69826350814073,Aceleración repentina,18,2022-02-02 20:00:59.359000-05:00,-0.006749978127292347,-0.025891988319827065,0.016291589466268498
5692,7.0588235294117645,-2.0461968665935513,-0.5011070806493749,10.649279196471683,0,18,Nissan March,0,0,10.869633261412254,-73.81494678482778,40.65964166265638,Aceleración repentina,18,2022-02-02 20:00:59.410000-05:00,-0.011539466931372786,0.0016617941270714552,0.018596153245328956
5693,7.0588235294117645,-1.9651436762378565,0.1463663104727394,10.418633108037263,0,18,Nissan March,0,0,11.644230818161994,-73.58324437628718,40.892615199065624,Aceleración repentina,18,2022-02-02 20:00:59.460000-05:00,-0.008841177464566518,-0.004013419340960171,0.017207322125090466
5694,7.0588235294117645,-2.1319295831680947,0.12914118022735155,10.73829395143654,0,18,Nissan March,0,0,11.49003218005774,-74.23044878733832,41.51806206391091,Aceleración repentina,18,2022-02-02 20:00:59.510000-05:00,0.014165353516060379,0.032191830887488636,0.014605125079708703
5695,7.84313725490196,-2.1012016575483528,0.3897674576660469,10.420789940681681,0,18,Nissan March,0,0,11.503464910058891,-75.08915682925702,41.24969943579449,Aceleración repentina,18,2022-02-02 20:00:59.560000-05:00,0.018197960046145364,0.03577809319879619,0.020188044358246324
5696,7.84313725490196,-1.8455379860483132,0.1598307302729661,9.8620578145795,0,18,Nissan March,0,0,12.220402939283781,-74.41148612764606,40.60605708640111,Aceleración repentina,18,2022-02-02 20:00:59.610000-05:00,-0.006865569632644449,0.0391099275185951,0.016299672762741177
5697,7.84313725490196,-1.7632472931885073,0.34521820460468733,10.155799745737678,0,18,Nissan March,0,0,12.837192921873111,-74.90044753681359,40.69651030666729,Aceleración repentina,18,2022-02-02 20:00:59.659000-05:00,-0.0001633398219281169,0.005559521057529555,0.03004378904245701
5698,7.84313725490196,-2.2626088123316497,0.2220126861201402,10.345615827405615,0,18,Nissan March,0,0,11.984290318675747,-75.47338649698416,40.65874024505054,Aceleración repentina,18,2022-02-02 20:00:59.710000-05:00,-0.030765581615196373,0.0299725500927188,0.02740593750162652
5699,8.627450980392156,-2.033228372320076,0.14485506440903853,10.15070422176619,0,18,Nissan March,0,0,11.301048275586588,-74.53432337463813,41.22925994125176,Aceleración repentina,18,2022-02-02 20:00:59.759000-05:00,-0.022325942117113542,0.03847616324461928,0.019386229408165114
5700,8.627450980392156,-2.23924662993536,0.2533735878866539,10.519306068045235,0,18,Nissan March,0,0,11.144710078937564,-75.16591219045907,41.69114969937025,Aceleración repentina,18,2022-02-02 20:00:59.810000-05:00,-0.029525658934710274,-0.005768740688547658,0.016751569211918733
5701,8.627450980392156,-2.0964380898833936,-0.09872687865343477,10.700549240094706,0,18,Nissan March,0,0,10.890707292965352,-75.13807425505442,41.92863270758967,Aceleración repentina,18,2022-02-02 20:00:59.860000-05:00,-0.021916367571509835,-0.03992416529753706,0.018747267265043995
5702,7.84313725490196,-2.242336492747662,0.004659940440056298,10.135845445951887,0,18,Nissan March,0,0,11.565734048682849,-75.2196198923561,42.303566982657976,Aceleración repentina,18,2022-02-02 20:00:59.909000-05:00,-0.00870193103215791,-0.03238313869804889,0.026556013037405818
5703,7.84313725490196,-1.8787786193652942,-0.4773444892108131,10.473095739838037,0,18,Nissan March,0,0,11.451667244824497,-75.16887445053307,42.074956116109455,Aceleración repentina,18,2022-02-02 20:00:59.959000-05:00,0.007077406265484828,-0.011706728392874916,0.03055198974688186
5704,7.84313725490196,-1.8112713078331555,-0.01827004278592087,10.16149313363736,0,18,Nissan March,0,0,11.839900646420816,-75.04226296057908,41.198921182505565,Aceleración repentina,18,2022-02-02 20:01:00.009000-05:00,0.0030155522252943824,-0.057265323893798195,0.03615662841021287
5705,7.450980392156863,-1.8595418072998005,0.5913318588990042,9.951589977660205,0,18,Nissan March,0,0,12.296037753312026,-75.65222463501631,40.495672132149046,Aceleración repentina,18,2022-02-02 20:01:00.060000-05:00,-0.005460113666273937,0.0004528167673930883,0.027983524544081522
5706,7.450980392156863,-1.657414771928789,0.47453273202284185,9.746634103466613,0,18,Nissan March,0,0,11.009430373545015,-75.31945374776383,40.89258646951545,Aceleración repentina,18,2022-02-02 20:01:00.110000-05:00,-0.004692846333460619,0.04554924892417035,0.029590337869653923
5707,7.450980392156863,-1.941148552316403,0.2115755720848152,10.438185660581853,0,18,Nissan March,0,0,10.469403536742073,-75.22612698887178,41.01238497639806,Aceleración repentina,18,2022-02-02 20:01:00.160000-05:00,-0.017993893206981637,-0.016495188953378224,0.03369476965833329
5708,7.450980392156863,-2.157515077535831,-0.08047987473221702,9.580556736285697,0,18,Nissan March,0,0,11.359823774562308,-74.88007587041099,40.821148840325634,Aceleración repentina,18,2022-02-02 20:01:00.210000-05:00,-0.0066928545554270375,-0.017974320653880993,0.023598190492574007
5709,7.450980392156863,-2.0578964344939394,0.24682716434231572,9.534069778947055,0,18,Nissan March,0,0,12.150198994628202,-75.26668361866169,41.39704021323382,Aceleración repentina,16,2022-02-02 20:01:00.259000-05:00,0.002033894930411149,0.023857835485054574,0.020996541223234938
5710,7.450980392156863,-1.8600611946805135,0.007274225327435269,10.136949813200468,0,18,Nissan March,0,0,11.737321800369628,-75.19586447093916,41.271752477972015,Aceleración repentina,16,2022-02-02 20:01:00.309000-05:00,-0.013631715156547798,-0.012249075064741446,0.02514901792807884
5711,7.450980392156863,-2.4008747540251987,0.1085641813895363,9.925512574719077,0,18,Nissan March,0,0,12.15710620833613,-75.2527613205523,41.460166298880736,Aceleración repentina,16,2022-02-02 20:01:00.360000-05:00,-0.030934124946140257,-0.01857796023928318,0.02651320287877703
5712,7.450980392156863,-2.6133994306539368,0.029598650495641518,9.97007747457504,0,18,Nissan March,0,0,12.007087485887071,-74.50530973459797,41.38848613409898,Aceleración repentina,16,2022-02-02 20:01:00.410000-05:00,-0.03664950279909092,0.020870697281525054,0.02052356790057526
5713,7.0588235294117645,-2.354253019039029,0.11603433344509188,10.381967176433461,0,18,Nissan March,0,0,11.223393680739148,-74.6617230707377,41.18307730126196,Aceleración repentina,16,2022-02-02 20:01:00.460000-05:00,-0.03283026675628022,0.01725608167757284,0.026424257747650306
5714,7.0588235294117645,-2.5577097085936202,0.046276805477871344,9.949542684780686,0,18,Nissan March,0,0,10.57397711954377,-75.23897313712384,41.16174234007796,Aceleración repentina,16,2022-02-02 20:01:00.509000-05:00,-0.030855292235559828,0.026410316903955226,0.025501526219056585
5715,7.0588235294117645,-2.22712557653863,0.46646085103877793,9.73132192094741,0,18,Nissan March,0,0,10.78935739376812,-74.39989242616177,40.64511054336604,Aceleración repentina,16,2022-02-02 20:01:00.560000-05:00,0.00404001538721923,0.024739410778988363,0.027344321297305286
5716,7.0588235294117645,-1.8969758303667346,0.09096905186146936,9.69626090062243,0,18,Nissan March,0,0,12.048979384496064,-74.40624837186212,40.80086689624393,Aceleración repentina,16,2022-02-02 20:01:00.610000-05:00,-0.008688682030372775,-0.0049998103195749224,0.02723441097490489
5717,7.0588235294117645,-2.4178820695006915,0.05882584317996879,9.467321451630355,0,18,Nissan March,0,0,12.309427419887848,-74.60491354009542,41.3866121467777,Aceleración repentina,16,2022-02-02 20:01:00.659000-05:00,-0.005045921241057902,-0.022300849305595328,0.02362174655657588
5718,7.0588235294117645,-2.157372177647214,0.015007214865591319,9.381669232543972,0,18,Nissan March,0,0,11.815143961242125,-75.01137393850158,41.097836728310035,Aceleración repentina,16,2022-02-02 20:01:00.710000-05:00,-0.0002756630932781532,-0.01652546816022878,0.018143034875180847
5719,7.0588235294117645,-1.989501588887015,-0.230787666360006,9.204722971137121,0,18,Nissan March,0,0,11.307175376480185,-75.14696002460538,40.0223137737859,Aceleración repentina,16,2022-02-02 20:01:00.759000-05:00,0.012714370821052924,0.01742031173095909,0.022780952349774595
5720,7.0588235294117645,-1.7877580068478984,-0.06588375442409791,9.45509359296883,0,18,Nissan March,0,0,11.23650127685641,-74.63965517130183,39.97499039973859,Aceleración repentina,16,2022-02-02 20:01:00.809000-05:00,0.0005972031945237904,-0.02351626060493987,0.02573523838823078
5721,7.0588235294117645,-2.166935614678966,0.21623940304791242,9.61740040998878,0,18,Nissan March,0,0,10.136400369273524,-74.34872690408663,40.79342936897301,Aceleración repentina,16,2022-02-02 20:01:00.859000-05:00,0.000874994374406379,0.014291040553289999,0.030282346229553263
5722,7.0588235294117645,-2.06950350197022,-0.0491278899010936,9.532914869738722,0,18,Nissan March,0,0,9.865120924426993,-74.864456491108,41.298511050983755,Aceleración repentina,16,2022-02-02 20:01:00.910000-05:00,0.013094459045011896,0.0330139368830757,0.016754640091759514
5723,7.0588235294117645,-2.0695794559537735,0.04842428907145489,9.66851207499708,0,18,Nissan March,0,0,10.620500398063868,-75.35523633135676,40.71543088350198,Aceleración repentina,16,2022-02-02 20:01:00.959000-05:00,0.019984402396945725,-0.01114245435019131,-0.003426373107602642
5724,7.0588235294117645,-1.9185063721733058,-0.4495163084464204,9.782545043969483,0,18,Nissan March,0,0,12.321637726174854,-75.5391777780452,41.17413067356107,Aceleración repentina,16,2022-02-02 20:01:01.011000-05:00,0.00228526494008726,-0.05220923999682389,-0.03580750977440464
5725,7.0588235294117645,-1.5690588048064407,-0.39368836403702606,10.390894816008666,0,18,Nissan March,0,0,12.620281142019596,-75.64466418529253,41.57852764855828,Aceleración repentina,16,2022-02-02 20:01:01.061000-05:00,-0.00427455539735301,-0.05887732404769424,-0.06647417996590776
5726,7.0588235294117645,-1.1370186800767716,-0.833481032310128,9.916667740485115,0,18,Nissan March,0,0,13.299021371790094,-75.51013816678832,41.61789633960436,Aceleración repentina,16,2022-02-02 20:01:01.110000-05:00,-0.007868201334915791,-0.06675372297020013,-0.10730727711942856
5727,7.0588235294117645,-0.8191303374977401,-1.1951306009017684,10.43567605205303,0,18,Nissan March,0,0,13.009176300257526,-75.33548034366521,41.04819858699299,Aceleración repentina,16,2022-02-02 20:01:01.160000-05:00,0.008066200418568217,-0.07782788224841629,-0.1486190363678409
5728,7.0588235294117645,-0.8026270727172126,-1.776480476330864,10.290157150669295,0,18,Nissan March,0,0,12.157143009776837,-75.23531789202318,40.58673143542266,Aceleración repentina,16,2022-02-02 20:01:01.209000-05:00,0.0104761168313685,-0.08862745576910024,-0.19151866975202933
5729,7.0588235294117645,-0.16593537626856658,-2.106668798598962,10.273181703986637,0,18,Nissan March,0,0,11.651919050328495,-74.69032648086115,41.27651329200023,Aceleración repentina,16,2022-02-02 20:01:01.260000-05:00,0.015552532907783037,-0.05976089029113748,-0.22134904259157775
5730,7.0588235294117645,0.19466961719341386,-2.0943385849187433,10.544439120931818,0,18,Nissan March,0,0,12.2041626123734,-74.86533622484511,41.37833704336055,Aceleración repentina,16,2022-02-02 20:01:01.310000-05:00,0.024363331619738464,-0.07469790041072874,-0.2447399262897108
5731,7.0588235294117645,-0.00034608912284411764,-1.7432267794089047,9.821369257817341,0,18,Nissan March,0,0,12.651662325705681,-74.77068032340385,42.10490667321792,Aceleración repentina,16,2022-02-02 20:01:01.359000-05:00,0.031554104099498645,-0.05421469020696234,-0.26959184471148345
5732,7.0588235294117645,-0.416369122378143,-1.8151681647895181,10.445298962695274,0,18,Nissan March,0,0,13.491951992104122,-74.81390731472514,41.71998273242544,Aceleración repentina,16,2022-02-02 20:01:01.409000-05:00,0.04034992827152226,-0.020005373423359625,-0.2942084356760832
5733,7.0588235294117645,-0.20134880314771186,-1.5953121396666845,10.362825492670348,0,18,Nissan March,0,0,13.902639703744324,-74.44865670727017,41.69062620263823,Aceleración repentina,16,2022-02-02 20:01:01.459000-05:00,0.03683483906987369,-0.006701052081705098,-0.2980036894134189
5734,7.0588235294117645,-0.3969628111944224,-1.7533789911831994,10.426127294321066,0,18,Nissan March,0,0,14.192158040400233,-74.72674388138287,41.422701232971136,Aceleración repentina,16,2022-02-02 20:01:01.509000-05:00,0.057788950343331105,0.015982844836339515,-0.2820830479603568
5735,7.0588235294117645,-0.5980391999503407,-1.5912005501211037,10.636193314590619,0,18,Nissan March,0,0,14.511252007571638,-74.69120063762873,41.45350032935458,Aceleración repentina,16,2022-02-02 20:01:01.560000-05:00,0.061143596156847474,0.03152057317844245,-0.2668383901081206
5736,7.0588235294117645,-0.9947632567295451,-1.3714439586568141,10.33676147612151,0,18,Nissan March,0,0,13.779241661917666,-74.28077701862183,41.30078173871032,Aceleración repentina,16,2022-02-02 20:01:01.609000-05:00,0.05297758510028375,0.042486470898450576,-0.24394738463454235
5737,7.0588235294117645,-1.366943136470651,-1.5960016751593262,10.315003518874974,0,18,Nissan March,0,0,13.599068181578,-74.24042819796584,41.05370658005221,Aceleración repentina,14,2022-02-02 20:01:01.660000-05:00,0.0502801666882133,0.02200847034973241,-0.23356591311694266
5738,7.0588235294117645,-1.3565861713343441,-1.5410653997329764,10.30470643676441,0,18,Nissan March,0,0,13.866195643413116,-74.21728902947339,41.09522571460967,Aceleración repentina,14,2022-02-02 20:01:01.710000-05:00,0.040115021738730286,-0.010810593387802474,-0.21727975605651936
5739,7.0588235294117645,-1.3713538216804222,-1.407171273708071,10.108991142312066,0,18,Nissan March,0,0,14.351939384493493,-73.61895870503099,41.116572992396335,Aceleración repentina,14,2022-02-02 20:01:01.760000-05:00,0.02962330062033061,0.022187809376825126,-0.2047762629075896
5740,7.0588235294117645,-1.3529026744563328,-1.234798296231585,9.844717758883366,0,18,Nissan March,0,0,14.944530827075845,-74.25093017581416,41.46465701639789,Aceleración repentina,14,2022-02-02 20:01:01.810000-05:00,0.021877281396842353,0.03229346502064787,-0.1835011049098481
5741,7.0588235294117645,-1.4934490573290078,-1.600455023196094,10.051961050869993,0,18,Nissan March,0,0,15.855733409158502,-73.34572091059181,41.55934916509359,Aceleración repentina,14,2022-02-02 20:01:01.859000-05:00,0.007904286198239342,0.026788645047606776,-0.1672126753930765
5742,7.0588235294117645,-1.5056516770751507,-1.6839507620180356,10.332304860178127,0,18,Nissan March,0,0,15.501910032642181,-73.1191334009066,41.18665035974368,Aceleración repentina,14,2022-02-02 20:01:01.910000-05:00,0.013989604647603366,0.036672917514770476,-0.1604309258128436
