id,accX,accY,accZ,eventClass,idTrip,idVehicle,latitude,longitude,magX,magY,magZ,route,speed,timestamp,velAngX,velAngY,velAngZ
12363,-0.16252394295801648,1.1009038339055157,9.737999435384596,0,16,Nissan March (Xiaomi Redmi Note 9S),0.8337539,-77.6500453,3.9679153729807966,-43.72949396598335,60.36378289397666,Giro izquierdo agresivo,10.223227500915527,2022-01-23 19:09:41.168000-05:00,-0.000274323848848758,0.0008317688341343971,-0.0007219222890543776
12364,-0.17950720668063852,1.1069027330821366,9.738188343698756,0,16,Nissan March (Xiaomi Redmi Note 9S),0.8337539,-77.6500453,3.8076941233139165,-43.56590041295886,60.311867709534184,Giro izquierdo agresivo,10.223227500915527,2022-01-23 19:09:41.218000-05:00,-0.0002691810300221582,0.0009818661080049633,-0.0007747782066667378
12365,-0.15883766231572122,1.0932029804155887,9.74631638090523,0,16,Nissan March (Xiaomi Redmi Note 9S),0.8337539,-77.6500453,3.856811112751249,-43.60622346027356,60.3644942820601,Giro izquierdo agresivo,10.223227500915527,2022-01-23 19:09:41.267000-05:00,1.1924625043804545e-06,-0.00085191387863329,-3.1395825711549624e-05
12366,-0.13574935732179,1.1017724427519402,9.747511354953335,0,16,Nissan March (Xiaomi Redmi Note 9S),0.8337539,-77.6500453,3.8955206936942126,-43.74148007083938,60.37326009451833,Giro izquierdo agresivo,10.223227500915527,2022-01-23 19:09:41.317000-05:00,-0.0013482967398939982,-0.0027156450872515936,0.0007541041999492602
12367,-0.14374715889862505,1.1051970176738244,9.766168549060136,0,16,Nissan March (Xiaomi Redmi Note 9S),0.8337539,-77.6500453,3.865924924197471,-43.87327163407316,60.31215662086715,Giro izquierdo agresivo,10.223227500915527,2022-01-23 19:09:41.368000-05:00,-0.0007972306643042649,-0.0034945091585412433,0.0005000152481342257
12368,-0.11991757263031998,1.0935419314023753,9.745958440162065,0,16,Nissan March (Xiaomi Redmi Note 9S),0.8337539,-77.6500453,3.9132712713418494,-43.972138408564994,60.23946142535691,Giro izquierdo agresivo,10.223227500915527,2022-01-23 19:09:41.417000-05:00,-0.00034856280576606115,-0.003562930319802953,0.0008095806254322555
12369,-0.1057854513736987,1.105645327668387,9.745033240434978,0,16,Nissan March (Xiaomi Redmi Note 9S),0.8337539,-77.6500453,3.9013765200699693,-43.90429623725479,60.071007846871765,Giro izquierdo agresivo,10.223227500915527,2022-01-23 19:09:41.467000-05:00,0.00042671480637713794,3.5785162006261254e-05,0.00013412807103672084
12370,-0.1449044056209485,1.110745827733757,9.744896906726,0,16,Nissan March (Xiaomi Redmi Note 9S),0.8337539,-77.6500453,4.017780126167965,-43.781572896421366,60.12125757564093,Giro izquierdo agresivo,10.223227500915527,2022-01-23 19:09:41.517000-05:00,0.0010380434964938328,0.0017312572247007336,-0.0004389850729991162
12371,-0.13883433988656674,1.1039505925928197,9.746845327419432,0,16,Nissan March (Xiaomi Redmi Note 9S),0.8337539,-77.6500453,3.9458264953250435,-44.08962685290869,60.02012013618844,Giro izquierdo agresivo,10.223227500915527,2022-01-23 19:09:41.567000-05:00,-2.3143012718659234e-05,0.001731084838894968,-0.0006014728691481675
12372,-0.17088099537957704,1.1037430771153056,9.74871419167177,0,16,Nissan March (Xiaomi Redmi Note 9S),0.8337539,-77.6500453,4.173638561637658,-44.35825472668905,60.081537791557615,Giro izquierdo agresivo,10.223227500915527,2022-01-23 19:09:41.617000-05:00,-9.746992720902698e-05,0.0008258726907731108,-0.000265930837007058
12373,-0.17241290840910248,1.1001354750533048,9.743262224452518,0,16,Nissan March (Xiaomi Redmi Note 9S),0.8337539,-77.6500453,4.113239484895679,-44.32947357166974,60.044807895862895,Giro izquierdo agresivo,10.223227500915527,2022-01-23 19:09:41.667000-05:00,5.834682276678343e-05,-0.0002786343661791273,-0.00017079869119555755
12374,-0.1378550546457108,1.1184076128532694,9.740634519736256,0,16,Nissan March (Xiaomi Redmi Note 9S),0.8337539,-77.6500453,4.140585762104773,-44.21200741603852,59.866682368478166,Giro izquierdo agresivo,10.223227500915527,2022-01-23 19:09:41.718000-05:00,-0.00016100019718094893,-0.0006323180929209496,0.00023778320654820571
12375,-0.13448856689621433,1.1428376797068411,9.72960652026514,0,16,Nissan March (Xiaomi Redmi Note 9S),0.8337539,-77.6500453,4.0930058940387735,-43.96901446463837,59.99352412087416,Giro izquierdo agresivo,10.223227500915527,2022-01-23 19:09:41.768000-05:00,0.0004875548209228552,-0.0014696998216350678,6.741577657729537e-05
12376,-0.11901827251868387,1.2105991967464613,9.732038680347262,0,16,Nissan March (Xiaomi Redmi Note 9S),0.8337539,-77.6500453,4.054460542439258,-43.90387605264639,60.06148357128249,Giro izquierdo agresivo,10.223227500915527,2022-01-23 19:09:41.817000-05:00,0.0009678151257773927,0.00043453167762310535,0.0004961263520467011
12377,-0.11843692337853887,1.3105524608153034,9.728717723862749,0,16,Nissan March (Xiaomi Redmi Note 9S),0.8337539,-77.6500453,3.9664361120420497,-43.99248222139506,60.19787409859836,Giro izquierdo agresivo,10.223227500915527,2022-01-23 19:09:41.867000-05:00,0.0006737814719356206,0.00013914513459174126,0.0004268683415404877
12378,-0.13159307756402594,1.4596600995020679,9.693804251872368,0,16,Nissan March (Xiaomi Redmi Note 9S),0.8337539,-77.6500453,3.890085235906018,-43.85834713132764,60.28305958675252,Giro izquierdo agresivo,10.223227500915527,2022-01-23 19:09:41.917000-05:00,0.0010282212872567338,0.0004971353270183447,2.5622222257622672e-05
12379,-0.14455289212466302,1.5287899698126197,9.697894076099097,0,16,Nissan March (Xiaomi Redmi Note 9S),0.8337539,-77.6500453,3.9829984578621236,-43.645570193878655,60.234634148985506,Giro izquierdo agresivo,10.223227500915527,2022-01-23 19:09:41.967000-05:00,0.002852488646042109,0.00015919198887100324,-0.00027894332267382335
12380,-0.1349311104973793,1.577688875885474,9.67600416188999,0,16,Nissan March (Xiaomi Redmi Note 9S),0.8337539,-77.6500453,4.0094404935686425,-43.51957985035868,60.2422389287989,Giro izquierdo agresivo,10.223227500915527,2022-01-23 19:09:42.016000-05:00,0.0031743353418344543,0.0013181960330350285,0.00020712227628504341
12381,-0.13510656289440062,1.5059766887381052,9.677074356817418,0,16,Nissan March (Xiaomi Redmi Note 9S),0.8337539,-77.6500453,4.129820213065656,-43.502633578549656,60.21222320448599,Giro izquierdo agresivo,10.223227500915527,2022-01-23 19:09:42.067000-05:00,0.002379101827478836,0.001689330709797195,0.0002495279759717024
12382,-0.13616141461193465,1.5775184109182678,9.721284050490034,0,16,Nissan March (Xiaomi Redmi Note 9S),0.8337539,-77.6500453,4.192721535045223,-43.4678994687197,60.1759629566343,Giro izquierdo agresivo,10.223227500915527,2022-01-23 19:09:42.116000-05:00,0.0016713374579202223,0.002260753408097152,7.074562801171177e-05
12383,-0.13212988730910147,1.6166932188665135,9.70137708621692,0,16,Nissan March (Xiaomi Redmi Note 9S),0.8337539,-77.6500453,4.417714836019181,-43.62550797445754,60.13866990754514,Giro izquierdo agresivo,10.223227500915527,2022-01-23 19:09:42.169000-05:00,0.003061095625997853,0.002624764950463172,-0.0004569551316792597
12384,-0.1297878097811529,1.7312136146699426,9.69550151229068,0,16,Nissan March (Xiaomi Redmi Note 9S),0.8337539,-77.6500453,4.592297958887672,-43.598021591395224,60.08556364339764,Giro izquierdo agresivo,10.223227500915527,2022-01-23 19:09:42.217000-05:00,0.004501483575037979,0.0027413282245897556,-0.0007019702817943316
12385,-0.1184453595028338,1.7747010611299934,9.65083478534436,0,16,Nissan March (Xiaomi Redmi Note 9S),0.8337539,-77.6500453,4.845679457977927,-43.48072958845619,60.061114484149265,Giro izquierdo agresivo,10.223227500915527,2022-01-23 19:09:42.267000-05:00,0.003979107427374767,0.0032312324193902063,-8.215965130085987e-06
12386,-0.13020109604740876,1.8197587092206515,9.631785657055032,0,16,Nissan March (Xiaomi Redmi Note 9S),0.8337539,-77.6500453,4.9223751064937655,-43.51363872373689,60.05705830359205,Giro izquierdo agresivo,10.223227500915527,2022-01-23 19:09:42.317000-05:00,0.002370255890822153,0.0041122345972424415,0.00018847574700007577
12387,-0.14727633446301416,1.8789234801245545,9.661805183759963,0,16,Nissan March (Xiaomi Redmi Note 9S),0.8337539,-77.6500453,4.779081759554398,-43.5342925312377,60.15022068681743,Giro izquierdo agresivo,10.223227500915527,2022-01-23 19:09:42.367000-05:00,0.0009487637470737115,0.003217643703669163,5.343623308998817e-05
12388,-0.14221647414420466,1.9557211233503682,9.671005467210955,0,16,Nissan March (Xiaomi Redmi Note 9S),0.8337539,-77.6500453,4.663387845750066,-43.488385120999766,60.150037885261604,Giro izquierdo agresivo,10.223227500915527,2022-01-23 19:09:42.417000-05:00,0.0018371215068040104,0.002207053467470541,0.0003013578036610649
12389,-0.11103736075573589,2.0095223842899568,9.648169858235123,0,16,Nissan March (Xiaomi Redmi Note 9S),0.8337539,-77.6500453,4.617778021844279,-43.449755606887194,60.243842872367,Giro izquierdo agresivo,10.223227500915527,2022-01-23 19:09:42.466000-05:00,0.00527398388914822,0.002336022119532985,0.0005624530857923849
12390,-0.11856235452921722,2.1298991999803265,9.597188373631123,0,16,Nissan March (Xiaomi Redmi Note 9S),0.8337539,-77.6500453,4.478604800343918,-43.36341956187769,60.47835655734314,Giro izquierdo agresivo,10.223227500915527,2022-01-23 19:09:42.517000-05:00,0.007378389397700698,0.0007480377817555295,-0.0003175473047080632
12391,-0.15614356847886396,2.3402415668288983,9.546121402866259,0,16,Nissan March (Xiaomi Redmi Note 9S),0.8337539,-77.6500453,4.312922537322928,-43.286894152162745,60.42342768714744,Giro izquierdo agresivo,10.223227500915527,2022-01-23 19:09:42.567000-05:00,0.005182175800377942,0.0004205670204074705,-0.0019026789762710437
12392,-0.12246121109694658,2.6826671145890875,9.508803057604142,0,16,Nissan March (Xiaomi Redmi Note 9S),0.8337539,-77.6500453,4.094074782836426,-43.24414637845273,60.38303746395048,Giro izquierdo agresivo,10.223227500915527,2022-01-23 19:09:42.617000-05:00,0.006089126795009576,0.0017639558930091798,-0.0018750792757252365
12393,-0.09208876937278694,2.8452184382868553,9.483534136089737,0,16,Nissan March (Xiaomi Redmi Note 9S),0.8337539,-77.6500453,3.7520752488204216,-43.27085136880827,60.282498122280295,Giro izquierdo agresivo,10.223227500915527,2022-01-23 19:09:42.667000-05:00,0.009981835793534058,-0.00043082116031478625,0.0005178097879229306
12394,-0.17679626163471548,2.9734359470618053,9.43199986628472,0,16,Nissan March (Xiaomi Redmi Note 9S),0.8337539,-77.6500453,3.716604646382638,-43.30689807047961,60.14070568616622,Giro izquierdo agresivo,10.223227500915527,2022-01-23 19:09:42.717000-05:00,0.01178428844598659,0.0014913255438377964,0.0019594569591286745
12395,-0.03829497944737781,3.137855979674074,9.440164833502108,0,16,Nissan March (Xiaomi Redmi Note 9S),0.8337539,-77.6500453,3.8977844660059313,-43.32797719647309,59.97642738135971,Giro izquierdo agresivo,10.223227500915527,2022-01-23 19:09:42.771000-05:00,0.015157802953257167,0.003374052504695755,0.0013187614454057456
12396,-0.19610001681818795,3.1602216901931093,9.47090514667105,0,16,Nissan March (Xiaomi Redmi Note 9S),0.8337539,-77.6500453,4.017407575012284,-43.347039814147095,59.68330591923841,Giro izquierdo agresivo,10.223227500915527,2022-01-23 19:09:42.817000-05:00,0.012743507740640446,-0.00082039517143419,-0.001629561362875404
12397,-0.12464098219626786,3.238729319508382,9.540260951603539,0,16,Nissan March (Xiaomi Redmi Note 9S),0.8337539,-77.6500453,4.029814328004345,-43.2522362423871,59.462641167120154,Giro izquierdo agresivo,10.223227500915527,2022-01-23 19:09:42.867000-05:00,0.010790865467431906,0.004263079145069005,-0.0056137479557282965
12398,-0.08265430694549303,3.2277619043002037,9.610875130783326,0,16,Nissan March (Xiaomi Redmi Note 9S),0.8337539,-77.6500453,4.115127784416884,-43.22325405125901,59.332196983377365,Giro izquierdo agresivo,10.223227500915527,2022-01-23 19:09:42.916000-05:00,0.007458597047822918,0.0038090411567497013,-0.0035950513219489394
12399,-0.060468875983894055,3.51118137268067,9.52591303511151,0,16,Nissan March (Xiaomi Redmi Note 9S),0.8342022,-77.6500127,4.023144333329946,-43.12198823512198,59.32619463505297,Giro izquierdo agresivo,1.9800000190734863,2022-01-23 19:09:42.967000-05:00,0.004398525168102777,0.00628860508210277,-0.0017824815950985293
12400,-0.07936491535567747,3.5998196499692243,9.288804977673362,0,16,Nissan March (Xiaomi Redmi Note 9S),0.8342022,-77.6500127,3.9631881403558578,-43.043454703574,59.40339545511189,Giro izquierdo agresivo,1.9800000190734863,2022-01-23 19:09:43.017000-05:00,0.006554639344976326,0.0032809482413236318,-0.0023180139541066264
12401,-0.06654407223746724,3.7206977025731933,9.473565858263452,0,16,Nissan March (Xiaomi Redmi Note 9S),0.8342022,-77.6500127,3.8897483713756564,-42.61096320609538,59.58823839833535,Giro izquierdo agresivo,1.9800000190734863,2022-01-23 19:09:43.067000-05:00,0.005634681024897769,-0.0008502088902609568,-0.004282495577970868
12402,0.03676649568692142,3.6751785633562126,9.58012452701354,0,16,Nissan March (Xiaomi Redmi Note 9S),0.8342022,-77.6500127,3.0586699777447257,-42.48787832029816,60.15063884302712,Giro izquierdo agresivo,1.9800000190734863,2022-01-23 19:09:43.119000-05:00,0.009924390603716877,-0.002987723501804568,-0.006079694383347763
12403,0.14936213770033985,3.791552903256491,9.78038324716114,0,16,Nissan March (Xiaomi Redmi Note 9S),0.8342022,-77.6500127,2.938863799896238,-42.39018264530182,60.15010725848914,Giro izquierdo agresivo,1.9800000190734863,2022-01-23 19:09:43.167000-05:00,0.01653369712078097,-0.0019523973835829686,-0.006875439972597282
12404,-0.10974516188870964,3.780995983455152,9.715451975137945,0,16,Nissan March (Xiaomi Redmi Note 9S),0.8342022,-77.6500127,3.144907314316711,-42.88011401837765,60.19693831529952,Giro izquierdo agresivo,1.9800000190734863,2022-01-23 19:09:43.222000-05:00,0.02542477990052145,0.010236689135768043,-0.005097594127046995
12405,-0.21218031962667266,3.952084614957724,9.50550711456671,0,16,Nissan March (Xiaomi Redmi Note 9S),0.8342022,-77.6500127,3.0486399157467137,-43.25434212721175,60.50185552589599,Giro izquierdo agresivo,1.9800000190734863,2022-01-23 19:09:43.268000-05:00,0.035505816921497804,0.014139861612313086,-0.002780894657369697
12406,0.11906241772014658,4.147175791374483,9.317395929628868,0,16,Nissan March (Xiaomi Redmi Note 9S),0.8342022,-77.6500127,3.0890716053732516,-43.36959032336356,60.89650598221836,Giro izquierdo agresivo,1.9800000190734863,2022-01-23 19:09:43.317000-05:00,0.034907380704816734,0.013669932495611797,-0.007752819785317968
12407,0.023605315822153514,4.72009237469286,8.976188103146725,0,16,Nissan March (Xiaomi Redmi Note 9S),0.8342022,-77.6500127,3.6814517918543164,-43.36886434793948,61.02453747959929,Giro izquierdo agresivo,1.9800000190734863,2022-01-23 19:09:43.369000-05:00,0.03300396980275008,0.012342748404097197,-0.009544059652773497
12408,0.1226519215942961,4.45157105296552,8.722333144336934,0,16,Nissan March (Xiaomi Redmi Note 9S),0.8342022,-77.6500127,4.717600137343309,-43.092891340205206,61.2490875630914,Giro izquierdo agresivo,1.9800000190734863,2022-01-23 19:09:43.417000-05:00,0.03769438204872737,0.004676503447273975,-0.005854195363695064
12409,-0.0804041594243886,3.3647143372269697,9.31225587063479,0,16,Nissan March (Xiaomi Redmi Note 9S),0.8342022,-77.6500127,5.1611713714612515,-43.169366680725794,61.27070233051799,Giro izquierdo agresivo,1.9800000190734863,2022-01-23 19:09:43.466000-05:00,0.033997949097838404,0.009191337529583846,-0.0047126506253782
12410,-0.0350098647206348,2.6770674248727966,9.889425828522874,0,16,Nissan March (Xiaomi Redmi Note 9S),0.8342022,-77.6500127,5.106344752297476,-43.42307356160899,61.274288277932115,Giro izquierdo agresivo,1.9800000190734863,2022-01-23 19:09:43.518000-05:00,0.014446478328221102,0.0039389101128097055,-0.007918897205946697
12411,0.2945711511823756,2.4157974368012582,9.715946321296823,0,16,Nissan March (Xiaomi Redmi Note 9S),0.8342022,-77.6500127,5.100658390130459,-43.63570606669759,60.9777353824522,Giro izquierdo agresivo,1.9800000190734863,2022-01-23 19:09:43.567000-05:00,-0.020143812003226784,0.01592485567120374,-0.013788858274262765
12412,0.01683692018497862,2.286077453067852,9.55408758210265,0,16,Nissan March (Xiaomi Redmi Note 9S),0.8342022,-77.6500127,4.932015255780572,-43.923954082627226,60.22476683770669,Giro izquierdo agresivo,1.9800000190734863,2022-01-23 19:09:43.618000-05:00,-0.047737105158543985,0.030715377993866734,-0.014117461133768949
12413,-0.3759567527460148,2.375411802578989,9.69082738923596,0,16,Nissan March (Xiaomi Redmi Note 9S),0.8342022,-77.6500127,4.7632760829601155,-43.80044434541485,59.64630947004828,Giro izquierdo agresivo,1.9800000190734863,2022-01-23 19:09:43.667000-05:00,-0.049670398843015086,0.011736465596551546,-0.005624395396455895
12414,-0.18468033265449038,2.427985593441759,8.98480480838925,0,16,Nissan March (Xiaomi Redmi Note 9S),0.8342022,-77.6500127,4.376057908704542,-43.572869186285395,59.72237379396556,Giro izquierdo agresivo,1.9800000190734863,2022-01-23 19:09:43.717000-05:00,-0.03644318977319264,0.010275364835583424,-0.002834849583019851
12415,0.10572634381075693,3.09545064600173,8.96850744510903,0,16,Nissan March (Xiaomi Redmi Note 9S),0.8342022,-77.6500127,3.4116038969329705,-42.795770113254136,59.8757476301134,Giro izquierdo agresivo,1.9800000190734863,2022-01-23 19:09:43.766000-05:00,-0.020367532642041573,0.03343208951845428,-0.006241676345659858
12416,-0.3110153996297037,3.7713393068081538,9.170290734993163,0,16,Nissan March (Xiaomi Redmi Note 9S),0.8342022,-77.6500127,2.9922737603441183,-42.64256132759148,60.182698700633765,Giro izquierdo agresivo,1.9800000190734863,2022-01-23 19:09:43.817000-05:00,-0.0035478533438068442,0.0056366984274019635,-0.0035822751329444057
12417,-0.41506190008974736,3.6323441543015083,9.119884092257973,0,16,Nissan March (Xiaomi Redmi Note 9S),0.8342022,-77.6500127,2.7975347102544443,-42.88160203303346,60.67152507592646,Giro izquierdo agresivo,1.9800000190734863,2022-01-23 19:09:43.867000-05:00,0.02035035498595508,-0.01512145935384426,-0.006167377108742848
12418,0.016068472252835198,3.4609571103073065,9.292987070699482,0,16,Nissan March (Xiaomi Redmi Note 9S),0.8341882,-77.650011,3.5167721573210144,-43.05980711158004,60.924654611911215,Giro izquierdo agresivo,7.82374095916748,2022-01-23 19:09:43.917000-05:00,0.04636469407802928,-0.012536006906450518,-0.00890375348887459
12419,-0.13670632650842066,3.3325881727945266,9.432197382692252,0,16,Nissan March (Xiaomi Redmi Note 9S),0.8341882,-77.650011,3.7594214944113338,-43.68421266411948,61.01356872338749,Giro izquierdo agresivo,7.82374095916748,2022-01-23 19:09:43.967000-05:00,0.047336007288925105,-0.010531392851276317,-0.0037646060434728453
12420,-0.12553705284378808,2.7389156309661216,9.888975575097051,0,16,Nissan March (Xiaomi Redmi Note 9S),0.8341882,-77.650011,4.204721598007612,-44.092758840484514,60.95012318539141,Giro izquierdo agresivo,7.82374095916748,2022-01-23 19:09:44.018000-05:00,0.01886289451620897,-0.022290128931721907,0.005801651234133431
12421,-0.011619414372437256,2.2723563595665546,9.646314798325184,0,16,Nissan March (Xiaomi Redmi Note 9S),0.8341882,-77.650011,4.603817878776444,-44.699464174602895,60.83012021690913,Giro izquierdo agresivo,7.82374095916748,2022-01-23 19:09:44.067000-05:00,-0.022759600531553306,0.0027284965759728115,0.0013586638364743806
12422,-0.09015705613974132,2.9494041696284663,9.27618136889595,0,16,Nissan March (Xiaomi Redmi Note 9S),0.8341882,-77.650011,4.49396242725772,-44.50519342903592,60.62254077647505,Giro izquierdo agresivo,7.82374095916748,2022-01-23 19:09:44.119000-05:00,-0.06243989443600864,0.020244074868767798,-0.006197571359465026
12423,-0.14347326859439583,3.177838161848218,8.97863561498144,0,16,Nissan March (Xiaomi Redmi Note 9S),0.8341882,-77.650011,4.2472937540763995,-44.31678273309271,60.103284352684504,Giro izquierdo agresivo,7.82374095916748,2022-01-23 19:09:44.167000-05:00,-0.0724321391271434,-0.00012511586657932075,-0.00948472949734114
12424,-0.022389007476992406,3.0498399564851075,9.191286474710068,0,16,Nissan March (Xiaomi Redmi Note 9S),0.8341882,-77.650011,3.9024091910356273,-43.626091658144134,59.81382583136363,Giro izquierdo agresivo,7.82374095916748,2022-01-23 19:09:44.218000-05:00,-0.04058772375178406,-0.012440714626008195,-0.010607502320692415
12425,0.021219167160823893,3.059672924058893,9.83112182225231,0,16,Nissan March (Xiaomi Redmi Note 9S),0.8341882,-77.650011,3.7994179755396886,-43.15994433792328,59.640688018967374,Giro izquierdo agresivo,7.82374095916748,2022-01-23 19:09:44.269000-05:00,0.003927578437972708,-0.015388726468544061,-0.0014809749873605834
12426,-0.20373061269547305,2.9701919081519454,9.593484852980103,0,16,Nissan March (Xiaomi Redmi Note 9S),0.8341882,-77.650011,3.721514814002051,-42.77268461055075,59.83091518340405,Giro izquierdo agresivo,7.82374095916748,2022-01-23 19:09:44.316000-05:00,0.02952238325161876,-0.007914774662183318,0.005208868078902055
12427,-0.4798731481256518,3.4715831865677176,9.09933941642541,0,16,Nissan March (Xiaomi Redmi Note 9S),0.8341882,-77.650011,3.9823206251102548,-42.62322884316318,59.956309690382575,Giro izquierdo agresivo,7.82374095916748,2022-01-23 19:09:44.367000-05:00,0.02864831455336255,-0.007874884196876151,0.0036710657393535778
12428,0.19887103905987963,3.1310926661031204,9.50635846628989,0,16,Nissan March (Xiaomi Redmi Note 9S),0.8341882,-77.650011,4.160618055113479,-43.12242232755095,60.61832784814512,Giro izquierdo agresivo,7.82374095916748,2022-01-23 19:09:44.417000-05:00,0.03196331557523042,0.011960826286689206,-0.009358066434612204
12429,-0.10915878890528252,3.2496201727295118,9.48421543322836,0,16,Nissan March (Xiaomi Redmi Note 9S),0.8341882,-77.650011,4.985766503694091,-43.61149449383982,60.337175293506505,Giro izquierdo agresivo,7.82374095916748,2022-01-23 19:09:44.467000-05:00,0.01603558250532667,-0.01961348649155123,-0.006564683616713642
12430,0.071956691407189,3.3519206916779978,9.474782603240326,0,16,Nissan March (Xiaomi Redmi Note 9S),0.8341882,-77.650011,4.953709791989641,-43.83955731601481,60.54075990238572,Giro izquierdo agresivo,7.82374095916748,2022-01-23 19:09:44.516000-05:00,-0.00865286307204213,-0.01542268910634361,-0.0072037483078667575
12431,0.3478130957502906,3.9228889553304587,9.091709838190924,0,16,Nissan March (Xiaomi Redmi Note 9S),0.8341882,-77.650011,4.782331647525547,-43.75663783855305,60.183552002495226,Giro izquierdo agresivo,7.82374095916748,2022-01-23 19:09:44.567000-05:00,-0.018010476824576148,-0.00837822875339891,-0.0055722858801498165
12432,0.3410673392576593,3.9184876101799433,8.996481460135833,0,16,Nissan March (Xiaomi Redmi Note 9S),0.8341882,-77.650011,4.428450360175664,-43.68057197264678,60.171206327954955,Giro izquierdo agresivo,7.82374095916748,2022-01-23 19:09:44.618000-05:00,-0.007911191316603438,-0.013635264222388508,-0.0031062833066548166
12433,0.30215218336933036,3.35978579343603,9.32275761123757,0,16,Nissan March (Xiaomi Redmi Note 9S),0.8341882,-77.650011,4.290915243768572,-43.394465408431095,60.34119326951922,Giro izquierdo agresivo,7.82374095916748,2022-01-23 19:09:44.666000-05:00,0.019564764494997777,-0.011426489733105642,-0.005937022487863269
12434,-0.0029491846859830417,2.877831802160159,9.372173398718935,0,16,Nissan March (Xiaomi Redmi Note 9S),0.8341882,-77.650011,4.226234643740541,-43.1450169380715,60.66653918717799,Giro izquierdo agresivo,7.82374095916748,2022-01-23 19:09:44.717000-05:00,0.02613807485368829,-0.003115880604849429,-0.009887871526532914
12435,-0.18151135201699628,2.698740820621076,9.857566586940738,0,16,Nissan March (Xiaomi Redmi Note 9S),0.8341882,-77.650011,4.017862312397191,-43.07901022954267,60.62667962600974,Giro izquierdo agresivo,7.82374095916748,2022-01-23 19:09:44.767000-05:00,0.01693490937533751,-0.012312224746270754,-0.009481567014242093
12436,-0.3845836261514451,2.713289171242836,10.072919822640761,0,16,Nissan March (Xiaomi Redmi Note 9S),0.8341882,-77.650011,4.433189838777315,-43.21618504936177,60.729544003735825,Giro izquierdo agresivo,7.82374095916748,2022-01-23 19:09:44.816000-05:00,-0.006202035907806786,-0.02792926427401023,-0.005741075131490216
12437,0.05194681256665162,2.8762255959815453,9.752324746774915,0,16,Nissan March (Xiaomi Redmi Note 9S),0.8341882,-77.650011,4.930009696842804,-43.88375728716497,60.55893566706464,Giro izquierdo agresivo,7.82374095916748,2022-01-23 19:09:44.868000-05:00,-0.0209039885268119,-0.012835645312718282,-0.0063024224353880175
12438,0.3875603421269822,3.260011166523411,9.530715912570187,0,16,Nissan March (Xiaomi Redmi Note 9S),0.8341577,-77.650017,5.435281560865717,-44.13582917737883,60.54626997892762,Giro izquierdo agresivo,14.76761245727539,2022-01-23 19:09:44.916000-05:00,-0.026122662288818113,0.005031872867150105,-0.011231702179524888
12439,0.01599722410950577,3.228330868416439,9.488517958994889,0,16,Nissan March (Xiaomi Redmi Note 9S),0.8341577,-77.650017,4.613808565434718,-43.6504347246526,59.996792328282645,Giro izquierdo agresivo,14.76761245727539,2022-01-23 19:09:44.968000-05:00,-0.009732865837812653,-0.029797646605489083,-0.011866020520095198
12440,-0.1176014286335112,3.020046478995694,9.624517085022081,0,16,Nissan March (Xiaomi Redmi Note 9S),0.8341577,-77.650017,4.226113049836062,-43.48777939225644,59.74923927313358,Giro izquierdo agresivo,14.76761245727539,2022-01-23 19:09:45.017000-05:00,0.011327010569421533,-0.028097479749578335,-0.019201053243870225
12441,0.3532789113114748,2.70323605859081,9.316497192149518,0,16,Nissan March (Xiaomi Redmi Note 9S),0.8341577,-77.650017,3.5641056842364645,-42.67072688905317,60.22426856453846,Giro izquierdo agresivo,14.76761245727539,2022-01-23 19:09:45.067000-05:00,0.015729179779402726,0.009105803603037536,-0.02099445770447104
12442,-0.22997204681158667,2.3489227644469715,9.377832673378368,0,16,Nissan March (Xiaomi Redmi Note 9S),0.8341577,-77.650017,3.5290559453259993,-42.69065526826876,60.490747816361036,Giro izquierdo agresivo,14.76761245727539,2022-01-23 19:09:45.118000-05:00,0.009600211700258581,-7.117002048022923e-05,-0.016637389927600162
12443,-0.006630248449190995,2.5539727171844673,9.151738254920419,0,16,Nissan March (Xiaomi Redmi Note 9S),0.8341577,-77.650017,4.449714291371769,-43.034123906928386,61.00413718678518,Giro izquierdo agresivo,14.76761245727539,2022-01-23 19:09:45.167000-05:00,-0.005612404248737735,-0.0036434176770131243,-0.01540208356580256
12444,-0.0024125508959163136,2.6607365427775553,9.40626385354074,0,16,Nissan March (Xiaomi Redmi Note 9S),0.8341577,-77.650017,4.477979519272788,-43.45356823691086,60.65141065468498,Giro izquierdo agresivo,14.76761245727539,2022-01-23 19:09:45.218000-05:00,0.0005185490450782199,0.014764072757943622,-0.02497371824668651
12445,-0.38716474604938483,2.800786058297174,9.095872177743257,0,16,Nissan March (Xiaomi Redmi Note 9S),0.8341577,-77.650017,4.245636081130837,-43.34770499812183,60.54597313661236,Giro izquierdo agresivo,14.76761245727539,2022-01-23 19:09:45.266000-05:00,0.010334026156310277,-0.018715834772187204,-0.019387424950878994
12446,-0.537918576691841,2.7725141996576075,9.335953769513077,0,16,Nissan March (Xiaomi Redmi Note 9S),0.8341577,-77.650017,3.7005730911384602,-43.18741289199586,60.5910387087429,Giro izquierdo agresivo,14.76761245727539,2022-01-23 19:09:45.318000-05:00,0.021164721587739896,-0.00753192570559749,-0.01465532621323477
12447,-0.525875425601805,2.6238708288906083,9.473978486756105,0,16,Nissan March (Xiaomi Redmi Note 9S),0.8341577,-77.650017,4.131396510136543,-42.97111441581965,60.70798921016617,Giro izquierdo agresivo,14.76761245727539,2022-01-23 19:09:45.367000-05:00,0.019729897190978278,0.00718280126811662,-0.012359666001065897
12448,-0.577846447085986,2.4771201056318093,9.763931204443658,0,16,Nissan March (Xiaomi Redmi Note 9S),0.8341577,-77.650017,4.1592744324709665,-43.18544189239538,60.78994954631178,Giro izquierdo agresivo,14.76761245727539,2022-01-23 19:09:45.418000-05:00,0.0192644845675226,0.011894730848113877,-0.011708805420087178
12449,-0.178548828746858,3.132399471099934,9.74486370284883,0,16,Nissan March (Xiaomi Redmi Note 9S),0.8341577,-77.650017,4.683130995599329,-43.58751615120205,60.67843429221994,Giro izquierdo agresivo,14.76761245727539,2022-01-23 19:09:45.468000-05:00,0.0001313148631056152,-0.0018030590861075769,-0.014100144481404547
12450,0.25940775476760725,2.564465170127564,9.646271251686402,0,16,Nissan March (Xiaomi Redmi Note 9S),0.8341577,-77.650017,4.922321843400554,-43.39817635876173,60.550456429965756,Giro izquierdo agresivo,14.76761245727539,2022-01-23 19:09:45.516000-05:00,-0.00733437576261778,0.008836259208207993,-0.02393677745867772
12451,-0.4272890026147399,2.7581951439308487,8.776003587631767,0,16,Nissan March (Xiaomi Redmi Note 9S),0.8341577,-77.650017,4.930324098561931,-43.177974138823544,60.40411187029681,Giro izquierdo agresivo,14.76761245727539,2022-01-23 19:09:45.567000-05:00,-0.007776827262887672,0.014868122542984651,-0.019856653402244025
12452,-0.24804357732603907,2.7960879501813873,9.720368534737556,0,16,Nissan March (Xiaomi Redmi Note 9S),0.8341577,-77.650017,4.67907399834712,-42.80756445995074,60.33291367045309,Giro izquierdo agresivo,14.76761245727539,2022-01-23 19:09:45.616000-05:00,-0.0059411580042156974,0.006752395065435436,-0.010686050917346627
12453,-0.6941218886016056,2.8951345644130018,9.886403158346793,0,16,Nissan March (Xiaomi Redmi Note 9S),0.8341577,-77.650017,4.619404916699997,-42.59546227975121,60.19598582599039,Giro izquierdo agresivo,14.76761245727539,2022-01-23 19:09:45.667000-05:00,-0.018120476734247083,-0.007341905263829607,-0.005796360082910401
12454,0.020350008280017207,2.810907408184492,10.045758550570898,0,16,Nissan March (Xiaomi Redmi Note 9S),0.8341577,-77.650017,4.461968453618489,-43.31342606096359,60.57989413099882,Giro izquierdo agresivo,14.76761245727539,2022-01-23 19:09:45.718000-05:00,-0.029807893431319718,-0.006514736710324811,-0.007844537660591169
12455,-0.06832670795994879,2.797409036732532,9.545554667814395,0,16,Nissan March (Xiaomi Redmi Note 9S),0.8341577,-77.650017,4.496055544737293,-43.60473060151002,60.69050160631559,Giro izquierdo agresivo,14.76761245727539,2022-01-23 19:09:45.768000-05:00,-0.01551635618061834,-0.0030818126894840057,-0.013386165528707424
12456,0.09993367147443254,2.7012342599967747,10.266202700399726,0,16,Nissan March (Xiaomi Redmi Note 9S),0.8341577,-77.650017,4.432369721866383,-43.95224580339858,60.630655055087786,Giro izquierdo agresivo,14.76761245727539,2022-01-23 19:09:45.819000-05:00,-0.005392877881969068,-0.02298216750335473,-0.007611318705270913
12457,-0.43270257959866454,3.0603156057286647,9.603460633123772,0,16,Nissan March (Xiaomi Redmi Note 9S),0.8341577,-77.650017,4.459375113040094,-43.4310067690679,60.57381028676912,Giro izquierdo agresivo,14.76761245727539,2022-01-23 19:09:45.868000-05:00,0.019661923810474463,-0.02555297277254622,-0.004924618706160708
12458,0.38996362314067,2.7058037404574242,9.99383169647956,0,16,Nissan March (Xiaomi Redmi Note 9S),0.8341577,-77.650017,4.3781493010769745,-42.598177893464786,60.580018277247476,Giro izquierdo agresivo,14.76761245727539,2022-01-23 19:09:45.918000-05:00,0.017982953521073607,-0.004833456786068235,-0.005784734788635583
12459,0.056650890452349445,1.8734090624324873,9.51556924240455,0,16,Nissan March (Xiaomi Redmi Note 9S),0.8340708,-77.6500304,4.369724937306657,-42.22651065685463,60.784357516878266,Giro izquierdo agresivo,20.536725997924805,2022-01-23 19:09:45.967000-05:00,0.020407128087316186,0.007141744020007515,-0.007745839226987086
12460,0.15839098954364655,2.3495862847277422,8.640495166682422,0,16,Nissan March (Xiaomi Redmi Note 9S),0.8340708,-77.6500304,4.503293983951568,-42.387485571970046,61.1936023796096,Giro izquierdo agresivo,20.536725997924805,2022-01-23 19:09:46.020000-05:00,0.010847704168479097,-0.006131040671623783,-0.008397249739492815
12461,0.07040832489660342,2.5683687266692266,9.338663241788618,0,16,Nissan March (Xiaomi Redmi Note 9S),0.8340708,-77.6500304,4.399509870363952,-42.16571682587328,61.339693816593595,Giro izquierdo agresivo,20.536725997924805,2022-01-23 19:09:46.067000-05:00,0.0009996939867545733,-0.006579573942557811,-0.010585389795938498
12462,-0.07951234168480278,2.4124827164592517,9.835837509687883,0,16,Nissan March (Xiaomi Redmi Note 9S),0.8340708,-77.6500304,4.523188646883005,-42.2494828850732,61.37956946336806,Giro izquierdo agresivo,20.536725997924805,2022-01-23 19:09:46.118000-05:00,-0.020907009525379657,-0.020934166699396694,-0.003001146648772399
12463,-0.3019158430067531,2.3509919129988717,10.337316248497784,0,16,Nissan March (Xiaomi Redmi Note 9S),0.8340708,-77.6500304,4.586431704344755,-42.358117379579994,60.96392443366386,Giro izquierdo agresivo,20.536725997924805,2022-01-23 19:09:46.167000-05:00,-0.02828275557092219,-0.016569720916909805,-0.0009462811179544168
12464,-0.11851870850293844,2.3402623564410843,9.750069221162365,0,16,Nissan March (Xiaomi Redmi Note 9S),0.8340708,-77.6500304,4.727433762890042,-42.90825585443827,61.03572238003584,Giro izquierdo agresivo,20.536725997924805,2022-01-23 19:09:46.216000-05:00,-0.03427374240490111,-0.013271314653573372,-0.0007453003385359085
12465,-0.390654533310057,2.138182918735674,9.065573669631554,0,16,Nissan March (Xiaomi Redmi Note 9S),0.8340708,-77.6500304,4.792473938046188,-43.160759751444196,60.8443213510055,Giro izquierdo agresivo,20.536725997924805,2022-01-23 19:09:46.268000-05:00,-0.024881687311589115,0.009327632789336876,-0.008415925775816247
12466,0.3625545187950468,1.882538299522762,9.403935528990898,0,16,Nissan March (Xiaomi Redmi Note 9S),0.8340708,-77.6500304,5.017689070932629,-43.11358246876252,60.48414221992939,Giro izquierdo agresivo,20.536725997924805,2022-01-23 19:09:46.317000-05:00,-0.018956378364054983,0.0099565903379977,-0.006202167160968975
12467,-0.0058996320618096565,1.4939693480510972,9.577553028942592,0,16,Nissan March (Xiaomi Redmi Note 9S),0.8340708,-77.6500304,5.0410473379682035,-43.107236910577676,60.23671691522155,Giro izquierdo agresivo,20.536725997924805,2022-01-23 19:09:46.367000-05:00,-0.01172657171432643,-0.009393395763425696,-0.002330840277191701
12468,-0.46085835212867754,1.528469821619086,8.950817028823638,0,16,Nissan March (Xiaomi Redmi Note 9S),0.8340708,-77.6500304,4.892221658292221,-42.94410300344355,59.82032395967946,Giro izquierdo agresivo,20.536725997924805,2022-01-23 19:09:46.417000-05:00,-0.006592591558439928,-0.027447178238154537,6.983182855150628e-06
12469,-0.35110709950618524,1.7753596646452707,9.270379637353301,0,16,Nissan March (Xiaomi Redmi Note 9S),0.8340708,-77.6500304,4.910397166534523,-43.035759015642164,59.829439886309224,Giro izquierdo agresivo,20.536725997924805,2022-01-23 19:09:46.467000-05:00,0.012885397317659694,-0.0179311830748242,-0.005340563656892256
12470,0.10377030141585258,2.1181624773502716,9.994591560899348,0,16,Nissan March (Xiaomi Redmi Note 9S),0.8340708,-77.6500304,4.861866148926739,-43.275277084254235,59.971706805255735,Giro izquierdo agresivo,20.536725997924805,2022-01-23 19:09:46.516000-05:00,0.013715707662923965,-0.019228737352944676,-0.0038038064049756527
12471,-0.10185070869728602,2.226841522369756,9.841161096931643,0,16,Nissan March (Xiaomi Redmi Note 9S),0.8340708,-77.6500304,4.772806051653333,-43.291265969489686,60.15170251678315,Giro izquierdo agresivo,20.536725997924805,2022-01-23 19:09:46.568000-05:00,0.010296549204580768,-0.008148745126617616,-0.002891095559620181
12472,0.45657125854885333,2.3565895142213233,10.200278411821763,0,16,Nissan March (Xiaomi Redmi Note 9S),0.8340708,-77.6500304,4.528294175980848,-43.09868138662485,60.1659224135516,Giro izquierdo agresivo,20.536725997924805,2022-01-23 19:09:46.617000-05:00,0.013595669710187917,-0.0034240211782188626,0.0007067638430452764
12473,0.24247571685283892,1.8931775801573023,10.00103452971239,0,16,Nissan March (Xiaomi Redmi Note 9S),0.8340708,-77.6500304,4.402102774108368,-42.91049748720164,60.23083946910837,Giro izquierdo agresivo,20.536725997924805,2022-01-23 19:09:46.667000-05:00,0.01862417594853737,-0.00888078498236859,0.003444067301837341
12474,-0.2759266706506182,1.6931783369118887,9.95582556198842,0,16,Nissan March (Xiaomi Redmi Note 9S),0.8340708,-77.6500304,4.204155908930829,-42.80404570004159,60.429283191881346,Giro izquierdo agresivo,20.536725997924805,2022-01-23 19:09:46.717000-05:00,0.0019028060257935582,-0.014972895489705394,-0.002839647767198441
12475,-0.32683397618227666,1.0964377296979295,9.626318813882175,0,16,Nissan March (Xiaomi Redmi Note 9S),0.8340708,-77.6500304,4.1500151911281025,-42.838409591836296,60.61859878460109,Giro izquierdo agresivo,20.536725997924805,2022-01-23 19:09:46.768000-05:00,-0.017555325049989908,-0.015022873895059938,-0.00872350322857695
12476,0.32248777058470607,1.3391509601659766,9.743614170725893,0,16,Nissan March (Xiaomi Redmi Note 9S),0.8340708,-77.6500304,4.379674516315887,-42.76189149050574,60.58744880818096,Giro izquierdo agresivo,20.536725997924805,2022-01-23 19:09:46.817000-05:00,-0.011362076336759046,-0.005625245213064676,-0.00934225276263793
12477,0.27901315154173484,1.6908401486578661,9.761101817771584,0,16,Nissan March (Xiaomi Redmi Note 9S),0.8340708,-77.6500304,4.437104730488745,-42.71914469980653,60.42588769300401,Giro izquierdo agresivo,20.536725997924805,2022-01-23 19:09:46.867000-05:00,0.004860983990202673,-0.004516779048344627,-0.00341191562408078
12478,-0.48709694435412415,1.679422847166226,9.591500673183743,0,16,Nissan March (Xiaomi Redmi Note 9S),0.8340149,-77.6500383,4.342228931704928,-42.534887282278085,60.39908427422283,Giro izquierdo agresivo,26.213706970214844,2022-01-23 19:09:46.916000-05:00,0.00022730705368325787,-0.0063342044216036794,-0.0030661952395217426
12479,0.057577462788080014,1.2248028403686724,9.528350737760483,0,16,Nissan March (Xiaomi Redmi Note 9S),0.8340149,-77.6500383,4.298778265949814,-42.59124402553525,60.53539207821559,Giro izquierdo agresivo,26.213706970214844,2022-01-23 19:09:46.967000-05:00,-0.008382795548993554,0.017070481826194937,-0.013080848642858488
12480,-0.16768273011441598,1.0962449881007308,9.502252229021053,0,16,Nissan March (Xiaomi Redmi Note 9S),0.8340149,-77.6500383,4.479130216797308,-42.761104663560396,60.62056066052154,Giro izquierdo agresivo,26.213706970214844,2022-01-23 19:09:47.016000-05:00,-0.0018194889474917736,0.0061904117241803995,-0.008287976572039814
12481,-0.10957559518084511,0.8224295949044189,9.506407686915354,0,16,Nissan March (Xiaomi Redmi Note 9S),0.8340149,-77.6500383,4.5818621687104475,-42.83263382795121,60.431381037389095,Giro izquierdo agresivo,26.213706970214844,2022-01-23 19:09:47.067000-05:00,0.00885593412470271,0.0002624868479907949,-0.004925658192244769
12482,-0.181836642430953,1.1897026230630754,9.575345982309008,0,16,Nissan March (Xiaomi Redmi Note 9S),0.8340149,-77.6500383,4.592517049379958,-42.907167645163135,60.29051844971388,Giro izquierdo agresivo,26.213706970214844,2022-01-23 19:09:47.116000-05:00,0.003232443121198296,0.002799523959894197,-0.0075976781578590575
12483,0.12680058213430329,1.4326974038147278,10.08641736040208,0,16,Nissan March (Xiaomi Redmi Note 9S),0.8340149,-77.6500383,4.66084372903606,-42.91719278113903,60.251510282949155,Giro izquierdo agresivo,26.213706970214844,2022-01-23 19:09:47.167000-05:00,-0.014245213693604361,0.006689464293064627,-0.006828802479779528
12484,-0.28086663499190806,1.2209427839198552,9.87736155425503,0,16,Nissan March (Xiaomi Redmi Note 9S),0.8340149,-77.6500383,4.701540843525784,-43.24310200897019,60.49526728991184,Giro izquierdo agresivo,26.213706970214844,2022-01-23 19:09:47.217000-05:00,-0.020364239982803973,0.01590047709345893,-0.01538784877205238
12485,0.4159412669366627,1.0916495535008475,10.352991657523084,0,16,Nissan March (Xiaomi Redmi Note 9S),0.8340149,-77.6500383,4.604929565399518,-43.20579807573453,60.69210047701782,Giro izquierdo agresivo,26.213706970214844,2022-01-23 19:09:47.266000-05:00,-0.01614161273747738,0.01758279527485674,-0.010182285811318307
12486,-0.014380126446877528,1.3745300654760995,9.918300318116497,0,16,Nissan March (Xiaomi Redmi Note 9S),0.8340149,-77.6500383,4.510882806928274,-43.10341294759517,60.70911693760344,Giro izquierdo agresivo,26.213706970214844,2022-01-23 19:09:47.317000-05:00,-0.021879003913011088,0.006897558250222754,-0.011377687367112841
12487,0.17791835996789365,1.6391666695242213,9.633643520584757,0,16,Nissan March (Xiaomi Redmi Note 9S),0.8340149,-77.6500383,4.417102028518637,-43.07341430440068,60.60246601055397,Giro izquierdo agresivo,26.213706970214844,2022-01-23 19:09:47.367000-05:00,-0.028058262753296603,0.002208726591192419,-0.0058016462642066675
12488,0.03607921416598733,1.5868145210214244,9.333911079748047,0,16,Nissan March (Xiaomi Redmi Note 9S),0.8340149,-77.6500383,4.340154344406718,-42.923326329970116,60.67860765242107,Giro izquierdo agresivo,26.213706970214844,2022-01-23 19:09:47.417000-05:00,-0.0020841141718010853,-0.00780120030789134,-0.005747180030650936
12489,0.1052961668362802,0.6691345782134002,9.636768978056491,0,16,Nissan March (Xiaomi Redmi Note 9S),0.8340149,-77.6500383,4.231341494450601,-42.87068405814374,60.81635562706564,Giro izquierdo agresivo,26.213706970214844,2022-01-23 19:09:47.471000-05:00,0.013538139379738369,-0.0029506680686814885,-0.004396102171197647
12490,0.35256616014341474,1.1572636566105807,9.385154315879182,0,16,Nissan March (Xiaomi Redmi Note 9S),0.8340149,-77.6500383,4.287277536238267,-42.896058193690806,60.854847071243306,Giro izquierdo agresivo,26.213706970214844,2022-01-23 19:09:47.517000-05:00,0.007630023111599256,0.006296396562397436,-0.008401565478291554
12491,0.21652429156068262,0.6607556767689012,9.364905766516229,0,16,Nissan March (Xiaomi Redmi Note 9S),0.8340149,-77.6500383,4.293078962564482,-43.02929677113726,60.65792040489934,Giro izquierdo agresivo,26.213706970214844,2022-01-23 19:09:47.567000-05:00,-0.005261878715499979,-0.003052655751019074,-0.005721083149551307
12492,-0.2564944689667982,1.5638495050298773,9.801227890587189,0,16,Nissan March (Xiaomi Redmi Note 9S),0.8340149,-77.6500383,4.209653973899632,-42.90116494217821,60.766004309571734,Giro izquierdo agresivo,26.213706970214844,2022-01-23 19:09:47.616000-05:00,0.0038709187240655108,-0.008309288868303557,-0.013356543733163494
12493,-0.048959083877817666,1.306823440342584,10.102165403747433,0,16,Nissan March (Xiaomi Redmi Note 9S),0.8340149,-77.6500383,4.385859973730759,-43.013752970572575,60.76829702811713,Giro izquierdo agresivo,26.213706970214844,2022-01-23 19:09:47.667000-05:00,0.011961209458151167,-0.014065767009624693,-0.015330527968715308
12494,-0.2566473834261398,1.4510512871543124,10.013864567544912,0,16,Nissan March (Xiaomi Redmi Note 9S),0.8340149,-77.6500383,4.555383531815211,-43.02889657029861,60.5497262081407,Giro izquierdo agresivo,26.213706970214844,2022-01-23 19:09:47.717000-05:00,0.018094007632782953,-0.03057264054231085,-0.012264890364965936
12495,0.023519427465753973,1.458811955660984,9.792656203456643,0,16,Nissan March (Xiaomi Redmi Note 9S),0.8340149,-77.6500383,4.925877550783717,-42.91733849311422,60.3257940989406,Giro izquierdo agresivo,26.213706970214844,2022-01-23 19:09:47.766000-05:00,0.01468551475758453,-0.00571672246158832,-0.012635960727848474
12496,0.1768211557326354,1.2662345005801476,9.642655569111167,0,16,Nissan March (Xiaomi Redmi Note 9S),0.8340149,-77.6500383,4.91388779930889,-42.93478818601315,60.11660804452454,Giro izquierdo agresivo,26.213706970214844,2022-01-23 19:09:47.817000-05:00,0.0171784276514784,7.02286283667062e-05,-0.005872181485444106
12497,-0.19642148897404588,1.1598936272201943,9.67587594391685,0,16,Nissan March (Xiaomi Redmi Note 9S),0.8340149,-77.6500383,5.0134760443456035,-43.06696089003392,60.0975453922208,Giro izquierdo agresivo,26.213706970214844,2022-01-23 19:09:47.866000-05:00,0.01816697733722008,-0.002874013781046822,-0.010346500891612702
12498,-0.617909459387608,1.3046526405159926,9.797868321051235,0,16,Nissan March (Xiaomi Redmi Note 9S),0.8340149,-77.6500383,5.023804874346315,-43.247019118149446,60.14129891376497,Giro izquierdo agresivo,26.213706970214844,2022-01-23 19:09:47.916000-05:00,0.019477225358227452,-0.023458721276533555,-0.011138037235057359
12499,-0.0235503753859293,0.8376695802179335,9.616658252687499,0,16,Nissan March (Xiaomi Redmi Note 9S),0.8339457,-77.6500509,4.924044366252407,-43.20632494465958,60.25803492433459,Giro izquierdo agresivo,28.7557315826416,2022-01-23 19:09:47.967000-05:00,-0.0050175354852288745,-0.022537525075604286,-0.010599231583043909
12500,0.21789669317981755,1.0939648408027616,10.14785337504001,0,16,Nissan March (Xiaomi Redmi Note 9S),0.8339457,-77.6500509,4.695228201774837,-43.08725643409045,60.136647176551776,Giro izquierdo agresivo,28.7557315826416,2022-01-23 19:09:48.018000-05:00,-0.02087962631877723,-0.023690791729707963,-0.009206237322576284
12501,-0.11894750408678492,0.9800078654063605,9.767987915687597,0,16,Nissan March (Xiaomi Redmi Note 9S),0.8339457,-77.6500509,4.503443081186429,-42.941415538865186,60.03831200067465,Giro izquierdo agresivo,28.7557315826416,2022-01-23 19:09:48.067000-05:00,-0.03061291383230049,-0.0271376233116413,-0.003659560523048319
12502,-0.21365816362512477,1.4295515271560735,9.598538143020095,0,16,Nissan March (Xiaomi Redmi Note 9S),0.8339457,-77.6500509,4.466746511599489,-43.03539753948494,60.20966856215199,Giro izquierdo agresivo,28.7557315826416,2022-01-23 19:09:48.116000-05:00,-0.012178958028305355,-0.003440061943058518,-0.012199649929976722
12503,0.3698322135523443,0.9517361145606069,10.067846424401214,0,16,Nissan March (Xiaomi Redmi Note 9S),0.8339457,-77.6500509,4.345303239499972,-43.04803854420929,60.41012901151428,Giro izquierdo agresivo,28.7557315826416,2022-01-23 19:09:48.167000-05:00,0.00675512621735842,0.009217217655120282,-0.013476086668690202
12504,-0.31949187403013624,1.3315306336735802,9.673492268610001,0,16,Nissan March (Xiaomi Redmi Note 9S),0.8339457,-77.6500509,4.3495132157316725,-43.017280755469535,60.5685018070263,Giro izquierdo agresivo,28.7557315826416,2022-01-23 19:09:48.217000-05:00,0.01001793948815529,-0.01850069664599699,-0.006968995095135158
12505,0.018481389675320092,1.3028329792731446,9.589560308124746,0,16,Nissan March (Xiaomi Redmi Note 9S),0.8339457,-77.6500509,4.249117661176591,-42.81840853324108,60.45402171262464,Giro izquierdo agresivo,28.7557315826416,2022-01-23 19:09:48.267000-05:00,0.012245814756006557,-0.003932922199846868,-0.010466662185205543
12506,-0.1454651830718464,1.1217797949980333,9.417560806585085,0,16,Nissan March (Xiaomi Redmi Note 9S),0.8339457,-77.6500509,4.205094512002516,-42.59692085672116,60.388113094161184,Giro izquierdo agresivo,28.7557315826416,2022-01-23 19:09:48.317000-05:00,0.024033923580428815,0.004533609667797613,-0.01804108923946467
12507,0.06860428754393486,1.2483402462751023,9.631842741268684,0,16,Nissan March (Xiaomi Redmi Note 9S),0.8339457,-77.6500509,4.334971418048588,-42.632042581768204,60.424094745303165,Giro izquierdo agresivo,28.7557315826416,2022-01-23 19:09:48.366000-05:00,0.015352757052288843,0.004800827153751233,-0.012460967389683369
12508,0.3243772022101865,1.2211002338520267,9.809028595355304,0,16,Nissan March (Xiaomi Redmi Note 9S),0.8339457,-77.6500509,4.566910687992684,-42.766592254148875,60.30495150506002,Giro izquierdo agresivo,28.7557315826416,2022-01-23 19:09:48.416000-05:00,0.0024609937013347766,0.011675072601929952,-0.016316848704145265
12509,0.1305996180243445,1.3286329956086627,10.053244366971198,0,16,Nissan March (Xiaomi Redmi Note 9S),0.8339457,-77.6500509,4.792630738730799,-42.88205737462558,60.22262738771121,Giro izquierdo agresivo,28.7557315826416,2022-01-23 19:09:48.467000-05:00,-0.006578700055990141,-0.022873039231456407,-0.006629571123469111
12510,0.05555187816771694,1.2461490737756777,10.002216736083751,0,16,Nissan March (Xiaomi Redmi Note 9S),0.8339457,-77.6500509,4.883262551062831,-42.946273397154066,60.11513428328055,Giro izquierdo agresivo,28.7557315826416,2022-01-23 19:09:48.517000-05:00,-0.006812005208606257,-0.021082759143172213,-0.006935937372240029
12511,-0.4188250021458369,1.0321824762358616,9.930984979408684,0,16,Nissan March (Xiaomi Redmi Note 9S),0.8339457,-77.6500509,4.943078558346162,-43.05227832318716,60.22241358319345,Giro izquierdo agresivo,28.7557315826416,2022-01-23 19:09:48.567000-05:00,0.0005792510128578435,-0.008742437427598688,-0.013700976555143102
12512,0.5910636269163685,1.3993905533262379,10.114503111878104,0,16,Nissan March (Xiaomi Redmi Note 9S),0.8339457,-77.6500509,5.033309082308738,-43.14767666624072,60.1150988125423,Giro izquierdo agresivo,28.7557315826416,2022-01-23 19:09:48.619000-05:00,-0.006829226703188065,-0.0030710383475041226,-0.00703275538569431
12513,-0.18745787105535505,1.0997847964075618,9.941719870413907,0,16,Nissan March (Xiaomi Redmi Note 9S),0.8339457,-77.6500509,5.210720744253594,-43.274103135369316,60.112933695377016,Giro izquierdo agresivo,28.7557315826416,2022-01-23 19:09:48.668000-05:00,-0.0018553375624233781,-0.01691416660691756,-0.0030433396604454648
12514,-0.18392427739700928,0.6964817397320394,10.093027148826527,0,16,Nissan March (Xiaomi Redmi Note 9S),0.8339457,-77.6500509,5.245926138119921,-43.14505504698973,60.018739182310036,Giro izquierdo agresivo,28.7557315826416,2022-01-23 19:09:48.717000-05:00,-0.00024196187756206117,-0.021346994048551164,-0.001912269207188814
12515,-0.45652387236849024,0.4197053619906841,9.88240681972652,0,16,Nissan March (Xiaomi Redmi Note 9S),0.8339457,-77.6500509,5.115135122850192,-42.9167349545453,59.94055412516658,Giro izquierdo agresivo,28.7557315826416,2022-01-23 19:09:48.766000-05:00,-0.0031372287708498333,0.01724147061212506,-0.007411146534963939
12516,-0.05515829076050266,0.9841067009993453,9.831714709496888,0,16,Nissan March (Xiaomi Redmi Note 9S),0.8339457,-77.6500509,5.286428538506041,-42.85356680693249,60.115253644943735,Giro izquierdo agresivo,28.7557315826416,2022-01-23 19:09:48.816000-05:00,-0.01307266805503728,0.011133013339047863,-0.014408122889023458
12517,-0.06802781243168209,1.2438271650835098,10.260801457736862,0,16,Nissan March (Xiaomi Redmi Note 9S),0.8339457,-77.6500509,5.085724827445087,-42.95866866652793,60.128598071241115,Giro izquierdo agresivo,28.7557315826416,2022-01-23 19:09:48.867000-05:00,-0.01989394014770581,0.021125043148163797,-0.01992178456812176
12518,-0.33952756851208343,0.9632582909958773,10.252393506803635,0,16,Nissan March (Xiaomi Redmi Note 9S),0.833875,-77.6500645,5.048103690479766,-42.85920708111038,60.13081194706174,Giro izquierdo agresivo,27.07740020751953,2022-01-23 19:09:48.916000-05:00,-0.006363015374070977,0.00875597755336769,-0.019386149222613884
12519,0.042877224401258573,1.091004645019865,9.330612342165525,0,16,Nissan March (Xiaomi Redmi Note 9S),0.833875,-77.6500645,4.842537840903238,-42.81337428789128,59.92786673562435,Giro izquierdo agresivo,27.07740020751953,2022-01-23 19:09:48.967000-05:00,-8.477809338334943e-05,0.013394163397842995,-0.014368757155026515
12520,-0.3704521601891475,1.0991825796793129,9.434837527895212,0,16,Nissan March (Xiaomi Redmi Note 9S),0.833875,-77.6500645,4.95565986135108,-42.87212239027672,59.87855889642973,Giro izquierdo agresivo,27.07740020751953,2022-01-23 19:09:49.016000-05:00,-0.0038059474612481205,-0.0032237423161569356,-0.015235898023120894
12521,0.2832193791638188,0.19488677192664117,9.622196393921715,0,16,Nissan March (Xiaomi Redmi Note 9S),0.833875,-77.6500645,5.1690567391007916,-43.042304676935004,59.9798557796976,Giro izquierdo agresivo,27.07740020751953,2022-01-23 19:09:49.067000-05:00,-0.004023386210836476,0.0030409040144143322,-0.013192086978581898
12522,-0.8176550478114061,-0.9053961191937128,9.969393845923202,0,16,Nissan March (Xiaomi Redmi Note 9S),0.833875,-77.6500645,5.3256316267579304,-43.34107032599161,59.88718401713902,Giro izquierdo agresivo,27.07740020751953,2022-01-23 19:09:49.117000-05:00,-0.008142253853288699,-0.0011986226315768662,-0.012708032580319276
12523,-0.819708987007829,-2.0689902214433538,10.694529839203218,0,16,Nissan March (Xiaomi Redmi Note 9S),0.833875,-77.6500645,5.5939509034558546,-43.559763439469016,59.7936128995988,Giro izquierdo agresivo,27.07740020751953,2022-01-23 19:09:49.169000-05:00,-0.011187585003527964,0.0007928827516044171,0.00011774606265196712
12524,-1.4944811793652404,-2.1480560532069575,10.01210341045216,0,16,Nissan March (Xiaomi Redmi Note 9S),0.833875,-77.6500645,5.537753046342948,-43.556723894162104,59.621695951061774,Giro izquierdo agresivo,27.07740020751953,2022-01-23 19:09:49.217000-05:00,-0.023690666603176747,0.05257197086974797,0.017301246904240578
12525,-1.6583608222070687,-2.877051822024012,10.382451479766374,0,16,Nissan March (Xiaomi Redmi Note 9S),0.833875,-77.6500645,5.716783345119288,-43.49140224090391,59.7339290344474,Giro izquierdo agresivo,27.07740020751953,2022-01-23 19:09:49.267000-05:00,-0.03989128974561385,0.11178549438338398,0.06596284740259976
12526,-2.116761540023393,-3.647335830685745,10.051650525068487,0,16,Nissan March (Xiaomi Redmi Note 9S),0.833875,-77.6500645,5.768962124557872,-43.66112396328211,59.70562955343618,Giro izquierdo agresivo,27.07740020751953,2022-01-23 19:09:49.318000-05:00,-0.03057225713230856,0.1410655491773572,0.1388134630218963
12527,-2.8819012828324544,-3.35732520453493,10.40089212273939,1,16,Nissan March (Xiaomi Redmi Note 9S),0.833875,-77.6500645,5.892011139519249,-43.586584723434314,59.857327845482075,Giro izquierdo agresivo,27.07740020751953,2022-01-23 19:09:49.366000-05:00,-0.0721711246425571,0.326404087625829,0.22939799010649653
12528,-3.8777577419249876,-3.4025640046516266,10.381890854673376,1,16,Nissan March (Xiaomi Redmi Note 9S),0.833875,-77.6500645,5.6190825658409675,-43.44673651839569,59.97633349186806,Giro izquierdo agresivo,27.07740020751953,2022-01-23 19:09:49.417000-05:00,-0.06650238141875359,0.2926122778830041,0.32863568109379593
12529,-4.7360315083941815,-3.1043192359592746,10.291387442957639,1,16,Nissan March (Xiaomi Redmi Note 9S),0.833875,-77.6500645,5.204252843002225,-43.265645900631206,60.08991215954358,Giro izquierdo agresivo,27.07740020751953,2022-01-23 19:09:49.467000-05:00,-0.037764663111800253,0.2731020137755752,0.40895654822227034
12530,-5.179752106674024,-3.022142233873522,10.21120069038454,1,16,Nissan March (Xiaomi Redmi Note 9S),0.833875,-77.6500645,4.892343494178281,-43.19260295150208,60.35898372824048,Giro izquierdo agresivo,27.07740020751953,2022-01-23 19:09:49.517000-05:00,-0.013599133512154901,0.20258831728565585,0.4895428935367002
12531,-5.2814468321547325,-3.411668038029485,9.764897007584308,1,16,Nissan March (Xiaomi Redmi Note 9S),0.833875,-77.6500645,4.708745415333298,-43.1503235845128,60.54437797972133,Giro izquierdo agresivo,27.07740020751953,2022-01-23 19:09:49.567000-05:00,0.007463984252391798,0.1529443238650911,0.5395802737238121
12532,-5.802179506763384,-2.935784072303694,9.584652730064818,1,16,Nissan March (Xiaomi Redmi Note 9S),0.833875,-77.6500645,4.488039515682154,-43.35559935827444,60.68460938234113,Giro izquierdo agresivo,27.07740020751953,2022-01-23 19:09:49.617000-05:00,0.0022411593648252338,0.13740945260962406,0.5946944635077247
12533,-5.495600474934566,-3.0635759358243,9.574631937080595,1,16,Nissan March (Xiaomi Redmi Note 9S),0.833875,-77.6500645,4.2130688684292465,-43.36698249977043,60.58276145318589,Giro izquierdo agresivo,27.07740020751953,2022-01-23 19:09:49.666000-05:00,-0.022483505300955817,0.142572654643576,0.6317858943412178
12534,-5.65747374767849,-3.447747921190714,9.508444787239757,1,16,Nissan March (Xiaomi Redmi Note 9S),0.833875,-77.6500645,3.8652487424626982,-43.38474096361677,60.56586461081046,Giro izquierdo agresivo,27.07740020751953,2022-01-23 19:09:49.717000-05:00,-0.05821204064086311,0.14105796658698624,0.672353782166891
12535,-5.129081588383229,-3.3619594703876947,9.552776466295704,1,16,Nissan March (Xiaomi Redmi Note 9S),0.833875,-77.6500645,3.392235732660197,-43.468269757841256,60.42230681724351,Giro izquierdo agresivo,27.07740020751953,2022-01-23 19:09:49.768000-05:00,-0.07708827766062075,0.13840055585391126,0.7177234430911842
12536,-5.1083146245859234,-3.9106911157749207,9.829799623619735,1,16,Nissan March (Xiaomi Redmi Note 9S),0.833875,-77.6500645,2.906238298702377,-43.511962820089074,60.44540626367904,Giro izquierdo agresivo,27.07740020751953,2022-01-23 19:09:49.817000-05:00,-0.07187580141871482,0.13845475816548483,0.7645498540127247
12537,-6.022946184346551,-3.964465577991904,9.787146668774913,1,16,Nissan March (Xiaomi Redmi Note 9S),0.833875,-77.6500645,2.3348674949633326,-43.56652187412958,60.152093891424045,Giro izquierdo agresivo,27.07740020751953,2022-01-23 19:09:49.867000-05:00,-0.06784599493698747,0.08968415625159479,0.8156053724010733
12538,-5.255864794565455,-4.194399950989974,10.226305666458062,1,16,Nissan March (Xiaomi Redmi Note 9S),0.833875,-77.6500645,1.7378366539485688,-43.59008769375526,59.993955403662895,Giro izquierdo agresivo,27.07740020751953,2022-01-23 19:09:49.916000-05:00,-0.07373589666889127,0.07162297958699713,0.8320839726199291
12539,-5.188894537733452,-4.191008413105293,10.324395249305514,1,16,Nissan March (Xiaomi Redmi Note 9S),0.8338014,-77.6500745,0.9028698708309868,-43.59325740322363,59.88952318226167,Giro izquierdo agresivo,23.05660820007324,2022-01-23 19:09:49.967000-05:00,-0.08230366070532762,0.06692563914312448,0.8398088493751071
12540,-4.493846822114185,-4.548233635400074,10.293580163193964,1,16,Nissan March (Xiaomi Redmi Note 9S),0.8338014,-77.6500745,-0.02399590044043809,-43.512543543092896,59.70016565894535,Giro izquierdo agresivo,23.05660820007324,2022-01-23 19:09:50.017000-05:00,-0.08580248178389015,0.03211168781429537,0.8528748842072534
12541,-3.7630874605706897,-5.865545513789865,10.534384594004182,1,16,Nissan March (Xiaomi Redmi Note 9S),0.8338014,-77.6500745,-1.061225067889493,-43.339406762535766,59.52799617964274,Giro izquierdo agresivo,23.05660820007324,2022-01-23 19:09:50.067000-05:00,-0.07830094262499619,-0.017958136517001955,0.8536218424596111
12542,-3.299765035053355,-5.642268457962427,10.459245837868792,1,16,Nissan March (Xiaomi Redmi Note 9S),0.8338014,-77.6500745,-2.04267910248955,-43.05647110043029,59.249204239437816,Giro izquierdo agresivo,23.05660820007324,2022-01-23 19:09:50.117000-05:00,-0.07874648997271305,-0.046844655436284605,0.8323680425927129
12543,-2.58180024701525,-5.638233816715483,10.026531313734395,1,16,Nissan March (Xiaomi Redmi Note 9S),0.8338014,-77.6500745,-3.001543318790906,-42.82367981212992,59.04655866370953,Giro izquierdo agresivo,23.05660820007324,2022-01-23 19:09:50.167000-05:00,-0.07790141864101933,-0.07265903198268296,0.8065938732510604
12544,-1.5552649016667843,-5.174911049773548,9.748559999055296,1,16,Nissan March (Xiaomi Redmi Note 9S),0.8338014,-77.6500745,-3.9748697048103474,-42.64631530849226,58.60631740681134,Giro izquierdo agresivo,23.05660820007324,2022-01-23 19:09:50.217000-05:00,-0.062153660821169146,-0.08925271863867411,0.7623656379317166
12545,-0.7188303971967099,-4.832093600817597,9.321742259760168,1,16,Nissan March (Xiaomi Redmi Note 9S),0.8338014,-77.6500745,-4.731226999097772,-42.37903837824655,58.51764152243681,Giro izquierdo agresivo,23.05660820007324,2022-01-23 19:09:50.267000-05:00,-0.05200764275100926,-0.11294101334577931,0.700216852153411
12546,0.0017405212562627836,-4.721748032682925,9.562728938523417,1,16,Nissan March (Xiaomi Redmi Note 9S),0.8338014,-77.6500745,-5.565913033764568,-41.96984217811516,58.237059521148474,Giro izquierdo agresivo,23.05660820007324,2022-01-23 19:09:50.317000-05:00,-0.04799688491421164,-0.14940095566811096,0.6284078997126399
12547,0.33314101062082063,-4.8827962520595465,9.877360574550513,1,16,Nissan March (Xiaomi Redmi Note 9S),0.8338014,-77.6500745,-6.240669590109596,-41.63892807521129,57.8464463407851,Giro izquierdo agresivo,23.05660820007324,2022-01-23 19:09:50.368000-05:00,-0.038419317566495706,-0.18117058729606317,0.5463233365632547
12548,0.44376833864577403,-4.915877168887417,10.029004589465305,1,16,Nissan March (Xiaomi Redmi Note 9S),0.8338014,-77.6500745,-6.781201729709513,-41.075122667692035,57.48449476138657,Giro izquierdo agresivo,23.05660820007324,2022-01-23 19:09:50.416000-05:00,-0.035312651164889707,-0.19134381492582325,0.5230509000861167
12549,1.0320418716972488,-4.456375389965537,10.413063851408522,1,16,Nissan March (Xiaomi Redmi Note 9S),0.8338014,-77.6500745,-7.190175034720921,-40.723409624571936,57.25241409154392,Giro izquierdo agresivo,23.05660820007324,2022-01-23 19:09:50.467000-05:00,-0.020180746813968448,-0.18437319726662094,0.45491807038788323
12550,1.6681782608370128,-4.008820231469048,11.004586420064346,1,16,Nissan March (Xiaomi Redmi Note 9S),0.8338014,-77.6500745,-7.585504096128582,-40.36776920549935,57.041879351069895,Giro izquierdo agresivo,23.05660820007324,2022-01-23 19:09:50.517000-05:00,-0.005466453026414405,-0.15969318211013792,0.3829389848189815
12551,1.7368674607066945,-4.025500347511017,11.389467897398259,1,16,Nissan March (Xiaomi Redmi Note 9S),0.8338014,-77.6500745,-7.9290019431295145,-40.027831217938726,56.78799988949375,Giro izquierdo agresivo,23.05660820007324,2022-01-23 19:09:50.567000-05:00,0.007493045954865956,-0.12219155271532464,0.3032866590807931
12552,1.5595437857648413,-3.6757579076710507,11.150580889822766,1,16,Nissan March (Xiaomi Redmi Note 9S),0.8338014,-77.6500745,-8.01504404049091,-39.592634396757944,56.60512604899719,Giro izquierdo agresivo,23.05660820007324,2022-01-23 19:09:50.617000-05:00,0.016464747787544323,-0.07723511960681706,0.21268177240556685
12553,1.176358099929947,-2.2943879204878277,10.674426238449715,1,16,Nissan March (Xiaomi Redmi Note 9S),0.8338014,-77.6500745,-8.36007466958156,-39.32313261161231,56.35583560430886,Giro izquierdo agresivo,23.05660820007324,2022-01-23 19:09:50.669000-05:00,0.017485666290292457,-0.018758087706914554,0.12803489214356512
12554,1.210439898074476,0.5979606230538161,10.071983651713833,1,16,Nissan March (Xiaomi Redmi Note 9S),0.8338014,-77.6500745,-8.614328683886585,-39.09214824060457,56.17372309392137,Giro izquierdo agresivo,23.05660820007324,2022-01-23 19:09:50.717000-05:00,0.060459308956345964,0.10098286539562282,0.1121452064908213
12555,0.5172441763862972,0.7172250443995948,9.730026593280025,1,16,Nissan March (Xiaomi Redmi Note 9S),0.8338014,-77.6500745,-9.027221995587368,-38.80143181559389,56.002758763365165,Giro izquierdo agresivo,23.05660820007324,2022-01-23 19:09:50.768000-05:00,0.08744326849980903,0.10855081209773987,0.1078310063537558
12556,-0.20891198529863575,1.1880563654563137,9.714887392567615,1,16,Nissan March (Xiaomi Redmi Note 9S),0.8338014,-77.6500745,-9.288514411983062,-38.729871078660246,56.021311392409274,Giro izquierdo agresivo,23.05660820007324,2022-01-23 19:09:50.819000-05:00,0.08027257028098563,0.07730236918139241,0.07006867257011788
12557,-0.010758424534666938,0.9239957182818321,9.566127515973234,1,16,Nissan March (Xiaomi Redmi Note 9S),0.8338014,-77.6500745,-9.567694504152094,-38.59042349575311,56.00875063416324,Giro izquierdo agresivo,23.05660820007324,2022-01-23 19:09:50.867000-05:00,0.059954007202110526,0.04964547341594682,0.01557260219483126
12558,0.292305338679806,0.9441438706593993,9.7897512963497,1,16,Nissan March (Xiaomi Redmi Note 9S),0.8338014,-77.6500745,-9.69748195972242,-38.55543978453787,56.02230545971382,Giro izquierdo agresivo,23.05660820007324,2022-01-23 19:09:50.917000-05:00,0.02241600479330747,0.03879787597450464,-0.017050465602257453
12559,0.15815081298229963,0.767420104210028,9.923562344871685,1,16,Nissan March (Xiaomi Redmi Note 9S),0.8337536,-77.6500756,-9.71094291150761,-38.55073431693949,56.024554241330236,Giro izquierdo agresivo,12.481118202209473,2022-01-23 19:09:50.968000-05:00,0.01023983869256534,0.03532427328058169,-0.026299686696550396
12560,-0.05101938177107093,1.1175611510761603,9.872622876400776,1,16,Nissan March (Xiaomi Redmi Note 9S),0.8337536,-77.6500756,-10.233304640826342,-38.69615112969158,55.89981462829903,Giro izquierdo agresivo,12.481118202209473,2022-01-23 19:09:51.019000-05:00,-0.02726594965514701,0.036927432749054315,0.009239017865881313
12561,-0.1925766185185291,1.1055881870209523,9.592414941699465,1,16,Nissan March (Xiaomi Redmi Note 9S),0.8337536,-77.6500756,-10.606782806537494,-38.342467408671226,55.535052932879445,Giro izquierdo agresivo,12.481118202209473,2022-01-23 19:09:51.067000-05:00,-0.03268443945238645,0.02938489656127723,0.028759727046528388
12562,-0.1123064136643218,1.27258331377775,9.76631947802037,1,16,Nissan March (Xiaomi Redmi Note 9S),0.8337536,-77.6500756,-10.729544912022194,-38.1650697050767,54.98971955486181,Giro izquierdo agresivo,12.481118202209473,2022-01-23 19:09:51.116000-05:00,-0.024815982015056325,0.007237214333562482,0.028283835274476546
12563,-0.018361187233068677,1.2156227325186548,9.81047122595611,1,16,Nissan March (Xiaomi Redmi Note 9S),0.8337536,-77.6500756,-10.456586154044402,-37.573227507647495,55.196395110486826,Giro izquierdo agresivo,12.481118202209473,2022-01-23 19:09:51.167000-05:00,-0.010028723603648605,-0.023751029233286536,0.014315540080908
12564,0.19970322388034323,1.2343435394025206,9.940985905990761,1,16,Nissan March (Xiaomi Redmi Note 9S),0.8337536,-77.6500756,-10.29383378494684,-37.461167292139336,55.60602757425651,Giro izquierdo agresivo,12.481118202209473,2022-01-23 19:09:51.217000-05:00,-0.001273820381625287,-0.035212808917802124,0.004726528668565091
12565,0.3075662134356787,1.3066362225324417,9.814085089749446,1,16,Nissan March (Xiaomi Redmi Note 9S),0.8337536,-77.6500756,-10.192927179869681,-37.429867305875625,55.64270613032839,Giro izquierdo agresivo,12.481118202209473,2022-01-23 19:09:51.267000-05:00,0.00327529721550733,-0.027297075020338013,0.006968805988923257
12566,0.15686893652159936,2.1038760651622295,9.664759883818073,1,16,Nissan March (Xiaomi Redmi Note 9S),0.8337536,-77.6500756,-10.216071777091596,-37.52302489613772,55.41420132351152,Giro izquierdo agresivo,12.481118202209473,2022-01-23 19:09:51.316000-05:00,0.011318192887551357,-0.022770965209309952,0.021819512786105902
12567,0.14641493650234905,1.4282074784737495,9.739210398480822,1,16,Nissan March (Xiaomi Redmi Note 9S),0.8337536,-77.6500756,-9.983197678312383,-37.6816080349934,55.42321101630777,Giro izquierdo agresivo,12.481118202209473,2022-01-23 19:09:51.367000-05:00,0.002411788707640609,-0.021321620567102437,0.029369042095702003
12568,0.23557971826098717,1.9517883495291626,9.716834703689596,1,16,Nissan March (Xiaomi Redmi Note 9S),0.8337536,-77.6500756,-10.564037366520562,-37.45951758415743,55.54981844019303,Giro izquierdo agresivo,12.481118202209473,2022-01-23 19:09:51.416000-05:00,0.0009622357073209788,-0.0185041053488246,0.024545081602911273
12569,0.2539868612465801,1.3437304371994276,9.643918185098046,1,16,Nissan March (Xiaomi Redmi Note 9S),0.8337536,-77.6500756,-11.111633965677502,-37.218679570974004,55.664661444806235,Giro izquierdo agresivo,12.481118202209473,2022-01-23 19:09:51.467000-05:00,-0.004365959054920408,-0.01796394690222762,0.016594626733182342
12570,0.2651129032742739,2.124804858409002,9.596378699551657,1,16,Nissan March (Xiaomi Redmi Note 9S),0.8337536,-77.6500756,-11.40370268918001,-37.02400536663495,55.621156267912575,Giro izquierdo agresivo,12.481118202209473,2022-01-23 19:09:51.517000-05:00,-0.006094260516879423,-0.015256538205018547,0.009284195279484243
12571,0.3341832785149687,1.904507392618663,9.675263552373494,1,16,Nissan March (Xiaomi Redmi Note 9S),0.8337536,-77.6500756,-11.081083304076177,-37.09518838465016,55.47318408086747,Giro izquierdo agresivo,12.481118202209473,2022-01-23 19:09:51.569000-05:00,-0.0021567155819367124,-0.010044822398681166,0.008165583239530379
12572,0.32535906488181054,2.5615536724650805,9.592893056234159,1,16,Nissan March (Xiaomi Redmi Note 9S),0.8337536,-77.6500756,-11.198870583834417,-37.26704322377791,55.511193038267784,Giro izquierdo agresivo,12.481118202209473,2022-01-23 19:09:51.616000-05:00,-0.0008794978803960763,-0.008375933950102504,0.007848436791482514
12573,0.22975886548294533,2.10283249383769,9.664906936876218,1,16,Nissan March (Xiaomi Redmi Note 9S),0.8337536,-77.6500756,-11.026228053776276,-37.53357907919397,56.14307183031285,Giro izquierdo agresivo,12.481118202209473,2022-01-23 19:09:51.666000-05:00,0.001513979036573957,-0.005126053850813957,0.0062320791653666455
12574,0.25204375793102335,2.2217913200805297,9.676064353259715,1,16,Nissan March (Xiaomi Redmi Note 9S),0.8337536,-77.6500756,-10.773047823954608,-37.69925500017528,56.23226351403508,Giro izquierdo agresivo,12.481118202209473,2022-01-23 19:09:51.718000-05:00,0.006788501496505688,-0.007977556706452655,0.005105995117546065
12575,0.2931572837609664,2.291858085601659,9.737221245265198,1,16,Nissan March (Xiaomi Redmi Note 9S),0.8337536,-77.6500756,-10.393876896354103,-37.6079409003518,56.52856659473527,Giro izquierdo agresivo,12.481118202209473,2022-01-23 19:09:51.769000-05:00,0.004541019034539387,-0.01468366497673829,-0.012099522752095207
12576,0.4009310127515832,2.212848614178802,9.586808475604547,1,16,Nissan March (Xiaomi Redmi Note 9S),0.8337536,-77.6500756,-10.606631106639332,-37.806624582073965,56.374414746531315,Giro izquierdo agresivo,12.481118202209473,2022-01-23 19:09:51.819000-05:00,0.0038120052882194984,-0.01683108571936369,-0.016977593686684674
12577,0.4640067467374859,2.423350861297418,9.401359782157606,1,16,Nissan March (Xiaomi Redmi Note 9S),0.8337536,-77.6500756,-10.981609235348326,-38.01185621767738,56.25500204865193,Giro izquierdo agresivo,12.481118202209473,2022-01-23 19:09:51.867000-05:00,-0.0012824689602208973,-0.02059626395259057,-0.02494339049823867
12578,0.5025971608031695,2.287629002091432,9.428650808320628,1,16,Nissan March (Xiaomi Redmi Note 9S),0.8337536,-77.6500756,-10.97008370013502,-37.99077866286858,56.32902966061925,Giro izquierdo agresivo,12.481118202209473,2022-01-23 19:09:51.917000-05:00,0.0011133786779352968,-0.02659927651636282,-0.03283058673251089
12579,0.5252428951889507,2.415657937788855,9.572111379360887,1,16,Nissan March (Xiaomi Redmi Note 9S),0.8337547,-77.6500717,-11.036110357507281,-37.93925819540021,56.3569497271244,Giro izquierdo agresivo,1.6431398391723633,2022-01-23 19:09:51.967000-05:00,0.005039224116836527,-0.031961149436980335,-0.04212653580221539
12580,0.4879696238561944,2.5581742496730366,9.576644458871366,1,16,Nissan March (Xiaomi Redmi Note 9S),0.8337547,-77.6500717,-11.126985021236944,-38.045923419123774,56.34594305167175,Giro izquierdo agresivo,1.6431398391723633,2022-01-23 19:09:52.018000-05:00,0.0061327209600893495,-0.03856596707024422,-0.05191729586339996
12581,0.6160033344815354,2.408487398630067,9.655836030081192,1,16,Nissan March (Xiaomi Redmi Note 9S),0.8337547,-77.6500717,-11.03557792534886,-37.93044803510378,55.765460076301814,Giro izquierdo agresivo,1.6431398391723633,2022-01-23 19:09:52.067000-05:00,0.004958045419189212,-0.05290057419725977,-0.06547364097145544
12582,0.8454470952219328,2.5909249701042927,9.577331919204909,1,16,Nissan March (Xiaomi Redmi Note 9S),0.8337547,-77.6500717,-10.942070920476157,-37.93114345273067,56.044500845836595,Giro izquierdo agresivo,1.6431398391723633,2022-01-23 19:09:52.117000-05:00,0.00214801477357083,-0.05866748446263724,-0.08143323225817437
12583,0.8311782803600821,2.5105180707963672,9.666083514792236,1,16,Nissan March (Xiaomi Redmi Note 9S),0.8337547,-77.6500717,-11.386116398070632,-38.1422028312576,56.52869682795081,Giro izquierdo agresivo,1.6431398391723633,2022-01-23 19:09:52.167000-05:00,0.0026759366521036864,-0.057436622390975224,-0.09673855095305596
12584,1.0258713896762282,2.5548436603591433,9.551282477944783,1,16,Nissan March (Xiaomi Redmi Note 9S),0.8337547,-77.6500717,-11.76827747416077,-38.5276068347111,57.35971192619414,Giro izquierdo agresivo,1.6431398391723633,2022-01-23 19:09:52.217000-05:00,0.0023973629375364687,-0.057314024862281994,-0.11576987438586767
12585,1.0332781251006389,2.582961660949023,9.569084523518532,1,16,Nissan March (Xiaomi Redmi Note 9S),0.8337547,-77.6500717,-11.891940130761549,-38.75795319923678,57.4350216047435,Giro izquierdo agresivo,1.6431398391723633,2022-01-23 19:09:52.271000-05:00,-0.000301926269707009,-0.058632503983417655,-0.13871966690066356
12586,1.2288306351813054,2.575428299127736,9.49585444131397,1,16,Nissan March (Xiaomi Redmi Note 9S),0.8337547,-77.6500717,-11.92157135494052,-38.61042804791484,57.65082818007348,Giro izquierdo agresivo,1.6431398391723633,2022-01-23 19:09:52.319000-05:00,-0.011073428258906821,-0.053804794545150865,-0.168313761653872
12587,1.231941365629659,2.511137439765118,9.69374903051444,1,16,Nissan March (Xiaomi Redmi Note 9S),0.8337547,-77.6500717,-11.67256451088502,-38.52567242627768,57.70226975375076,Giro izquierdo agresivo,1.6431398391723633,2022-01-23 19:09:52.368000-05:00,-0.020325005320384396,-0.04447452181073216,-0.19712036307619776
12588,1.4754755381566511,2.5701814252560293,9.806482669706067,1,16,Nissan March (Xiaomi Redmi Note 9S),0.8337547,-77.6500717,-11.445075145434663,-38.77392039230293,57.6951653589082,Giro izquierdo agresivo,1.6431398391723633,2022-01-23 19:09:52.418000-05:00,-0.023775744693734387,-0.03677997859093353,-0.2208381648691836
12589,1.437217308755411,2.334901280622121,9.719354074334579,1,16,Nissan March (Xiaomi Redmi Note 9S),0.8337547,-77.6500717,-10.749267520406605,-39.375292270907266,57.5375934696793,Giro izquierdo agresivo,1.6431398391723633,2022-01-23 19:09:52.467000-05:00,-0.022915871537439264,-0.03766512412266823,-0.24282698790805088
12590,1.1913153099741176,2.3531183548338666,9.534657720771445,1,16,Nissan March (Xiaomi Redmi Note 9S),0.8337547,-77.6500717,-9.786418206178425,-39.76451293404807,57.38633600038249,Giro izquierdo agresivo,1.6431398391723633,2022-01-23 19:09:52.517000-05:00,-0.01759902432826739,-0.03957784623110175,-0.2683325271311046
12591,1.13174498024802,1.4375754492958868,9.718649257162115,1,16,Nissan March (Xiaomi Redmi Note 9S),0.8337547,-77.6500717,-9.535308086342612,-39.979145276825896,57.36124198386185,Giro izquierdo agresivo,1.6431398391723633,2022-01-23 19:09:52.567000-05:00,-0.022351743123088085,-0.04118600767609851,-0.3028489430095927
12592,1.0975128521914628,1.203882337730266,9.755266990650288,1,16,Nissan March (Xiaomi Redmi Note 9S),0.8337547,-77.6500717,-9.189962877093699,-39.76459369776222,57.7167845703189,Giro izquierdo agresivo,1.6431398391723633,2022-01-23 19:09:52.617000-05:00,-0.039546949250829536,-0.0409768461338451,-0.3314292557695339
12593,1.097243945267964,0.818871668556276,9.617817866525193,1,16,Nissan March (Xiaomi Redmi Note 9S),0.8337547,-77.6500717,-8.649985162898426,-40.4010845217212,58.29186903297813,Giro izquierdo agresivo,1.6431398391723633,2022-01-23 19:09:52.667000-05:00,-0.0650063762942081,-0.028599733482190956,-0.3411541381868936
12594,1.113094701203644,0.8120365463989717,9.372921345070173,1,16,Nissan March (Xiaomi Redmi Note 9S),0.8337547,-77.6500717,-7.434412665264605,-41.022222063532496,58.82517626946709,Giro izquierdo agresivo,1.6431398391723633,2022-01-23 19:09:52.717000-05:00,-0.07902226036241365,-0.01286931084235748,-0.3449607433366006
12595,1.443972018428652,1.1457388957077481,9.189036703411114,1,16,Nissan March (Xiaomi Redmi Note 9S),0.8337547,-77.6500717,-7.409171328154579,-41.36541585700547,58.882375981152734,Giro izquierdo agresivo,1.6431398391723633,2022-01-23 19:09:52.767000-05:00,-0.07061389915079405,-0.01643112820225901,-0.3503330989024227
12596,1.452205840224027,1.7281145211812792,9.217081560611739,1,16,Nissan March (Xiaomi Redmi Note 9S),0.8337547,-77.6500717,-7.507385180307721,-41.18438375507163,58.93878163175043,Giro izquierdo agresivo,1.6431398391723633,2022-01-23 19:09:52.816000-05:00,-0.043686428416317535,-0.044816911877321244,-0.3689333136627953
12597,1.5187166812207007,2.089444771155732,9.24423362655254,1,16,Nissan March (Xiaomi Redmi Note 9S),0.8337547,-77.6500717,-7.4335447790203055,-41.338545199657844,58.35384703366971,Giro izquierdo agresivo,1.6431398391723633,2022-01-23 19:09:52.867000-05:00,-0.005713998269199896,-0.08151385547116861,-0.400060901489582
12598,1.4261470823796214,2.1123301910234433,9.280871538294779,1,16,Nissan March (Xiaomi Redmi Note 9S),0.8337547,-77.6500717,-7.509913081371043,-41.13208739067825,57.97529570290876,Giro izquierdo agresivo,1.6431398391723633,2022-01-23 19:09:52.917000-05:00,0.023696061861206097,-0.10747586356216172,-0.4349310317449565
12599,1.6122366704150144,2.080906004819743,9.420160428792114,1,16,Nissan March (Xiaomi Redmi Note 9S),0.8337635,-77.6500678,-6.946452355384171,-41.33151110179865,57.9906896557533,Giro izquierdo agresivo,5.812746524810791,2022-01-23 19:09:52.967000-05:00,0.0438514147198817,-0.12402631215544309,-0.46084496363015226
12600,1.750871304462825,1.6024503265941301,9.658506063851897,1,16,Nissan March (Xiaomi Redmi Note 9S),0.8337635,-77.6500678,-6.770375552792001,-41.48815683382056,58.68137449523987,Giro izquierdo agresivo,5.812746524810791,2022-01-23 19:09:53.018000-05:00,0.05029922501366184,-0.12371410058548447,-0.4761104242661535
12601,1.5769709967659966,0.9996097995128024,9.98565461514751,1,16,Nissan March (Xiaomi Redmi Note 9S),0.8337635,-77.6500678,-6.046289183712239,-41.9798402169173,59.65612382916361,Giro izquierdo agresivo,5.812746524810791,2022-01-23 19:09:53.067000-05:00,0.03322856557004002,-0.11257120776548216,-0.48568559279042844
12602,1.5954347341473987,0.7807146789127631,10.143331447707833,1,16,Nissan March (Xiaomi Redmi Note 9S),0.8337635,-77.6500678,-5.65188907575501,-42.256939700466184,60.02114983594525,Giro izquierdo agresivo,5.812746524810791,2022-01-23 19:09:53.117000-05:00,-0.002536213813398344,-0.0929817680857031,-0.4963187441942777
12603,1.5760932933581084,0.608125827024207,10.026887899030669,1,16,Nissan March (Xiaomi Redmi Note 9S),0.8337635,-77.6500678,-5.140434204199463,-42.78105203843517,60.191182624613,Giro izquierdo agresivo,5.812746524810791,2022-01-23 19:09:53.166000-05:00,-0.03428892513838014,-0.08598473994264633,-0.5113541374998307
12604,1.6893902630932367,0.7630432877446497,9.864164670684819,1,16,Nissan March (Xiaomi Redmi Note 9S),0.8337635,-77.6500678,-4.482396173994616,-43.48443844349066,60.12555620219226,Giro izquierdo agresivo,5.812746524810791,2022-01-23 19:09:53.217000-05:00,-0.04512829833176961,-0.08356313131009938,-0.5262066206823095
12605,1.693735646280481,0.8882668667160423,9.723603908884085,1,16,Nissan March (Xiaomi Redmi Note 9S),0.8337635,-77.6500678,-3.876376824673821,-43.69264536211707,60.06774935603863,Giro izquierdo agresivo,5.812746524810791,2022-01-23 19:09:53.268000-05:00,-0.0384784324855619,-0.08903326781411561,-0.5413888634145921
12606,1.6967802322396959,0.9044825033624464,9.550341223616154,1,16,Nissan March (Xiaomi Redmi Note 9S),0.8337635,-77.6500678,-3.2085312199557325,-43.83424509556606,60.16763623144356,Giro izquierdo agresivo,5.812746524810791,2022-01-23 19:09:53.318000-05:00,-0.024356334751092182,-0.10218988916739781,-0.5526576970592765
12607,1.712143070122471,0.9933724572890641,9.474270364038507,1,16,Nissan March (Xiaomi Redmi Note 9S),0.8337635,-77.6500678,-2.4334410896003624,-43.837063521253576,60.07473054482971,Giro izquierdo agresivo,5.812746524810791,2022-01-23 19:09:53.366000-05:00,-0.01599711559766228,-0.10423050490189911,-0.559573300643381
12608,1.899193165785484,1.0363484245171957,9.369431254307035,1,16,Nissan March (Xiaomi Redmi Note 9S),0.8337635,-77.6500678,-1.9161136204145421,-43.78875717138597,60.2000718067485,Giro izquierdo agresivo,5.812746524810791,2022-01-23 19:09:53.417000-05:00,-0.007258119252386504,-0.08017316263163089,-0.5653501330896454
12609,1.8753554462541715,0.9710248765795216,9.69246993382378,1,16,Nissan March (Xiaomi Redmi Note 9S),0.8337635,-77.6500678,-1.9969016017767673,-43.36033136674114,60.14266962991173,Giro izquierdo agresivo,5.812746524810791,2022-01-23 19:09:53.467000-05:00,0.005652402301291106,-0.06595242555729655,-0.5660339234634452
12610,1.4158816268310455,1.0089421972107369,9.865519670080696,1,16,Nissan March (Xiaomi Redmi Note 9S),0.8337635,-77.6500678,-1.6355631175851442,-42.88077777388189,59.476296073660066,Giro izquierdo agresivo,5.812746524810791,2022-01-23 19:09:53.517000-05:00,0.00894054510737841,-0.05488155010179811,-0.5699484786448055
12611,1.2561249220044235,1.0205334296099067,9.908019908891179,1,16,Nissan March (Xiaomi Redmi Note 9S),0.8337635,-77.6500678,-1.1611479396402526,-42.507942221884285,60.08515124731205,Giro izquierdo agresivo,5.812746524810791,2022-01-23 19:09:53.568000-05:00,0.0006509597884048791,-0.025992054385535725,-0.5803123863382819
12612,1.675233679088405,0.9905920813730335,9.902318379144157,1,16,Nissan March (Xiaomi Redmi Note 9S),0.8337635,-77.6500678,-0.5909783402508021,-42.344199191649906,60.420751817092764,Giro izquierdo agresivo,5.812746524810791,2022-01-23 19:09:53.617000-05:00,-0.00950485830053286,0.0015430711120868641,-0.582487503205334
12613,1.6170780899311221,1.077606103868992,9.918163664771429,1,16,Nissan March (Xiaomi Redmi Note 9S),0.8337635,-77.6500678,0.42606129223234335,-42.33840239225859,61.19583716363344,Giro izquierdo agresivo,5.812746524810791,2022-01-23 19:09:53.667000-05:00,-0.009200569491201294,-0.0028549608141251364,-0.5713696955819897
12614,1.225851128263528,1.2782434189468581,9.804324899635418,1,16,Nissan March (Xiaomi Redmi Note 9S),0.8337635,-77.6500678,1.2373680976397532,-42.35385007624827,61.355703261964784,Giro izquierdo agresivo,5.812746524810791,2022-01-23 19:09:53.718000-05:00,-0.01108105445038577,-0.025987059432959234,-0.5585819196231363
12615,0.9436181015588793,1.4546872049211463,9.730709765099991,1,16,Nissan March (Xiaomi Redmi Note 9S),0.8337635,-77.6500678,2.2794173071730035,-42.46952612124242,61.30402884732936,Giro izquierdo agresivo,5.812746524810791,2022-01-23 19:09:53.767000-05:00,-0.017898476172103744,-0.0453424597272214,-0.5528575018929518
12616,0.8687316343074248,1.3728114632838824,9.851721777098591,1,16,Nissan March (Xiaomi Redmi Note 9S),0.8337635,-77.6500678,2.975680608423656,-42.98815365540635,61.17034323259734,Giro izquierdo agresivo,5.812746524810791,2022-01-23 19:09:53.817000-05:00,-0.01957005779483955,-0.06747118226068664,-0.5495172899256225
12617,1.130862610381771,1.4474940773149245,10.022844968373272,1,16,Nissan March (Xiaomi Redmi Note 9S),0.8337635,-77.6500678,4.291489006551572,-43.20396442865439,60.83537793104057,Giro izquierdo agresivo,5.812746524810791,2022-01-23 19:09:53.867000-05:00,-0.02065204610441279,-0.08578115806601717,-0.5420829053256107
12618,1.4082585235521567,1.2971826809265492,9.721992417230416,1,16,Nissan March (Xiaomi Redmi Note 9S),0.8337635,-77.6500678,4.797675870564464,-43.62246227573938,60.6546904227493,Giro izquierdo agresivo,5.812746524810791,2022-01-23 19:09:53.917000-05:00,-0.014075854771443224,-0.07942473426893173,-0.5308164677226002
12619,1.4626008080797288,1.494702410119773,9.715973208695267,1,16,Nissan March (Xiaomi Redmi Note 9S),0.8337547,-77.6500618,5.152671373708848,-43.8897179732401,60.73419106942723,Giro izquierdo agresivo,8.084842681884766,2022-01-23 19:09:53.966000-05:00,-0.004475808560075491,-0.06770410927720594,-0.5141705023395203
12620,1.100957320081044,1.4535185228968397,9.614993056179866,1,16,Nissan March (Xiaomi Redmi Note 9S),0.8337547,-77.6500618,5.81128724596968,-43.81207011501272,60.60662587572394,Giro izquierdo agresivo,8.084842681884766,2022-01-23 19:09:54.017000-05:00,-0.0042406684176764155,-0.05109771808711135,-0.5019142504944283
12621,1.0758776751311336,1.3630648639622671,9.670600470834344,1,16,Nissan March (Xiaomi Redmi Note 9S),0.8337547,-77.6500618,5.812374218787496,-44.3371494681592,60.585462470748766,Giro izquierdo agresivo,8.084842681884766,2022-01-23 19:09:54.067000-05:00,-0.006053620112168038,-0.03935342672518756,-0.4874680856135844
12622,1.233486755544859,1.3064585206590849,9.814074079632142,1,16,Nissan March (Xiaomi Redmi Note 9S),0.8337547,-77.6500618,6.804002101595804,-43.92093381676388,60.018936337518504,Giro izquierdo agresivo,8.084842681884766,2022-01-23 19:09:54.118000-05:00,0.0024445823726586356,-0.023554099402291428,-0.4705883993771567
12623,0.8553057801683117,1.1348830578215037,9.842164292728937,1,16,Nissan March (Xiaomi Redmi Note 9S),0.8337547,-77.6500618,6.436299612538487,-43.70267052580652,59.76855489375739,Giro izquierdo agresivo,8.084842681884766,2022-01-23 19:09:54.167000-05:00,0.005021210317475636,-0.027093851883053924,-0.45359119321276586
12624,0.7976067273129762,1.2196600719546982,9.729114549748294,1,16,Nissan March (Xiaomi Redmi Note 9S),0.8337547,-77.6500618,6.667048784058677,-42.894369181694906,59.601900072478344,Giro izquierdo agresivo,8.084842681884766,2022-01-23 19:09:54.217000-05:00,-0.002779464154787239,-0.023973109012142172,-0.44094916632756864
12625,1.0592981377895079,1.6482330781878247,9.5940569313288,1,16,Nissan March (Xiaomi Redmi Note 9S),0.8337547,-77.6500618,7.077503855308149,-42.4610881885062,59.730644845530826,Giro izquierdo agresivo,8.084842681884766,2022-01-23 19:09:54.267000-05:00,-0.01016776625984758,-0.013469640500241149,-0.4360292853629711
12626,1.1227445631582258,1.7647858859441758,9.264629674275367,1,16,Nissan March (Xiaomi Redmi Note 9S),0.8337547,-77.6500618,7.2881277192529685,-42.32166973219907,59.76764263461469,Giro izquierdo agresivo,8.084842681884766,2022-01-23 19:09:54.317000-05:00,-0.0033880717110605103,-0.009472624479779201,-0.4216596614694948
12627,0.9795370111108318,1.4574232829324902,9.362750561349882,1,16,Nissan March (Xiaomi Redmi Note 9S),0.8337547,-77.6500618,7.864548431028521,-41.84853087546896,59.679945351872796,Giro izquierdo agresivo,8.084842681884766,2022-01-23 19:09:54.367000-05:00,0.018153107515645306,-0.00982198818153724,-0.40690053132264664
12628,1.115247534436683,1.1449782860316002,9.830713206548165,1,16,Nissan March (Xiaomi Redmi Note 9S),0.8337547,-77.6500618,7.873916439215275,-41.11954257337129,59.46208364005466,Giro izquierdo agresivo,8.084842681884766,2022-01-23 19:09:54.417000-05:00,0.027299512675346162,-0.054377068853265556,-0.39336661026140796
12629,0.41532881489716145,1.353161970320539,9.644264278977918,1,16,Nissan March (Xiaomi Redmi Note 9S),0.8337547,-77.6500618,8.429464256224978,-40.37236874190035,59.566694364992976,Giro izquierdo agresivo,8.084842681884766,2022-01-23 19:09:54.468000-05:00,-0.00832782513561189,0.02259538854867063,-0.3833283408437629
12630,0.7162902154858185,2.094419838954199,9.594066470710379,0,16,Nissan March (Xiaomi Redmi Note 9S),0.8337547,-77.6500618,9.02485336951094,-39.83371141447051,59.49021424816843,Giro izquierdo agresivo,8.084842681884766,2022-01-23 19:09:54.517000-05:00,-0.02231323362867845,0.020812819028778098,-0.3740903420482207
12631,0.45450715951378706,1.7803846021517624,9.55995632541204,0,16,Nissan March (Xiaomi Redmi Note 9S),0.8337547,-77.6500618,9.624375491672652,-39.72880480484956,59.39932936772735,Giro izquierdo agresivo,8.084842681884766,2022-01-23 19:09:54.567000-05:00,-0.02514036929111334,0.013000751019779658,-0.3547757450193098
12632,0.845734709157034,1.5920556528391707,9.754393850239383,0,16,Nissan March (Xiaomi Redmi Note 9S),0.8337547,-77.6500618,9.669749632194968,-39.649781570088976,59.19658069555716,Giro izquierdo agresivo,8.084842681884766,2022-01-23 19:09:54.616000-05:00,-0.024617996104541306,0.011132791192540773,-0.32869277683033093
12633,0.441726786634193,1.4086335881042649,9.783651086079072,0,16,Nissan March (Xiaomi Redmi Note 9S),0.8337547,-77.6500618,10.380280128524262,-39.96371338875932,58.97527034093821,Giro izquierdo agresivo,8.084842681884766,2022-01-23 19:09:54.666000-05:00,-0.02444855441137376,0.010534635672568399,-0.3212977905256768
12634,0.05798978085636586,1.6433198745603805,9.798991807925503,0,16,Nissan March (Xiaomi Redmi Note 9S),0.8337547,-77.6500618,10.706053106789135,-40.36295750292077,59.11058630437568,Giro izquierdo agresivo,8.084842681884766,2022-01-23 19:09:54.717000-05:00,-0.03078096802207547,-0.009389327345333353,-0.30641721772141456
12635,0.5091317830400538,1.5030592135785559,9.93173457898238,0,16,Nissan March (Xiaomi Redmi Note 9S),0.8337547,-77.6500618,11.260806388218231,-40.0596387816725,58.96100364268507,Giro izquierdo agresivo,8.084842681884766,2022-01-23 19:09:54.767000-05:00,-0.03814282682378409,-0.04772138962467894,-0.29513852977286775
12636,0.8097714865331156,1.5731164972307126,9.900113017952231,0,16,Nissan March (Xiaomi Redmi Note 9S),0.8337547,-77.6500618,11.856113095965883,-39.85656063912592,58.6390396675065,Giro izquierdo agresivo,8.084842681884766,2022-01-23 19:09:54.817000-05:00,-0.04610849526702107,-0.04868157052468863,-0.26847179400136567
12637,0.29263279068559467,1.3001710680873915,9.84396717765147,0,16,Nissan March (Xiaomi Redmi Note 9S),0.8337547,-77.6500618,12.455626671408089,-39.374862567887455,58.538708921288375,Giro izquierdo agresivo,8.084842681884766,2022-01-23 19:09:54.867000-05:00,-0.04869231155569892,-0.04898903832840569,-0.26091129918377765
12638,0.2108639772277795,1.5029215249196806,9.664287534287132,0,16,Nissan March (Xiaomi Redmi Note 9S),0.8337547,-77.6500618,12.786690998602422,-39.18024635441636,58.38130922112902,Giro izquierdo agresivo,8.084842681884766,2022-01-23 19:09:54.916000-05:00,-0.05555794754567497,-0.043747069275534185,-0.22776192409082968
12639,0.2682523457003861,1.6893060064234868,9.871768803443787,0,16,Nissan March (Xiaomi Redmi Note 9S),0.8337464,-77.6500618,11.745485192137865,-39.05670201212386,58.511589443395074,Giro izquierdo agresivo,6.714499473571777,2022-01-23 19:09:54.967000-05:00,-0.04689941821375611,-0.012017280828671852,-0.2025266658743239
12640,0.00964529390800406,1.3924847986208926,9.697519961244874,0,16,Nissan March (Xiaomi Redmi Note 9S),0.8337464,-77.6500618,11.419027123477237,-38.92648647702223,58.32989077950592,Giro izquierdo agresivo,6.714499473571777,2022-01-23 19:09:55.016000-05:00,-0.029516844722725477,0.015431686131685048,-0.1778179526265934
12641,0.12436804071233594,1.2402516980731162,9.774832666215888,0,16,Nissan March (Xiaomi Redmi Note 9S),0.8337464,-77.6500618,11.553221780896568,-38.74669149699027,58.37794311343787,Giro izquierdo agresivo,6.714499473571777,2022-01-23 19:09:55.067000-05:00,-0.018120840692718142,0.032277252915591956,-0.1642298126494217
12642,0.06542709013754724,1.3629878840178244,9.818292909693291,0,16,Nissan March (Xiaomi Redmi Note 9S),0.8337464,-77.6500618,12.222547804255134,-37.84619673474864,58.026212554740276,Giro izquierdo agresivo,6.714499473571777,2022-01-23 19:09:55.117000-05:00,-0.0038986526971578287,0.028710463401013665,-0.1445405025114701
12643,-0.16028020569954396,1.384396490485022,9.63208043678196,0,16,Nissan March (Xiaomi Redmi Note 9S),0.8337464,-77.6500618,12.375993874765912,-37.49788288945192,57.780185708835475,Giro izquierdo agresivo,6.714499473571777,2022-01-23 19:09:55.167000-05:00,0.002423882856467683,0.022499432438799136,-0.12045014115754929
12644,-0.246783682692532,1.535432810334166,9.38351407684962,0,16,Nissan March (Xiaomi Redmi Note 9S),0.8337464,-77.6500618,12.39190858815401,-37.24006725805246,57.48914063504116,Giro izquierdo agresivo,6.714499473571777,2022-01-23 19:09:55.216000-05:00,0.006363941887414047,0.01734249558003116,-0.08910163464350498
12645,-0.3744915582590223,1.4255223102875962,9.539201019009937,0,16,Nissan March (Xiaomi Redmi Note 9S),0.8337464,-77.6500618,12.359949026873116,-37.31898814952737,57.36265885746844,Giro izquierdo agresivo,6.714499473571777,2022-01-23 19:09:55.267000-05:00,0.00674234430594031,0.02347549737979285,-0.06733442888107351
12646,-0.24317131044791235,1.0034322457526725,9.55086590605271,0,16,Nissan March (Xiaomi Redmi Note 9S),0.8337464,-77.6500618,12.709546580350493,-36.810304103276316,56.99761131414588,Giro izquierdo agresivo,6.714499473571777,2022-01-23 19:09:55.317000-05:00,0.010193719335614622,0.04209428648348672,-0.046852655129706836
12647,-0.6510499959282501,1.415350048762642,9.583758461947866,0,16,Nissan March (Xiaomi Redmi Note 9S),0.8337464,-77.6500618,12.39289296339851,-36.64451621507337,57.453144775583496,Giro izquierdo agresivo,6.714499473571777,2022-01-23 19:09:55.367000-05:00,0.01851028290371444,0.04633657246347455,-0.03245947692950346
12648,-0.29245187036970166,1.6485021379084506,9.50044784948997,0,16,Nissan March (Xiaomi Redmi Note 9S),0.8337464,-77.6500618,12.51129898490726,-36.57353155237576,57.37232573738762,Giro izquierdo agresivo,6.714499473571777,2022-01-23 19:09:55.416000-05:00,0.020578177417083683,0.03511335003852041,-0.014545383681667648
12649,-0.7918370481385578,1.2336618626660676,9.707119089823298,0,16,Nissan March (Xiaomi Redmi Note 9S),0.8337464,-77.6500618,12.557190523403136,-37.37538579785336,57.57786883204395,Giro izquierdo agresivo,6.714499473571777,2022-01-23 19:09:55.467000-05:00,0.018100230668711158,0.025998006799557882,0.007324431185184652
12650,-0.8724616194131785,1.0457786534377944,9.948192275529525,0,16,Nissan March (Xiaomi Redmi Note 9S),0.8337464,-77.6500618,13.603880569661836,-37.79157224731581,57.73708485193073,Giro izquierdo agresivo,6.714499473571777,2022-01-23 19:09:55.518000-05:00,0.023503912047189466,0.030953969397785087,0.03432267276234599
12651,-0.9583556286305056,1.2279754859144894,10.189732043444529,0,16,Nissan March (Xiaomi Redmi Note 9S),0.8337464,-77.6500618,13.947712946271022,-38.17211201130041,58.029366467517534,Giro izquierdo agresivo,6.714499473571777,2022-01-23 19:09:55.567000-05:00,0.015900541960700346,0.046570894395554764,0.06067605534599333
12652,-0.8690683926513372,1.0997486812519486,9.90530951794605,0,16,Nissan March (Xiaomi Redmi Note 9S),0.8337464,-77.6500618,13.44560336735653,-38.38557673382626,58.59395576682707,Giro izquierdo agresivo,6.714499473571777,2022-01-23 19:09:55.619000-05:00,0.006417126399644094,0.027947127595894985,0.08875466069215796
12653,-1.0355309097070307,1.1496997825176878,9.800608582233302,0,16,Nissan March (Xiaomi Redmi Note 9S),0.8337464,-77.6500618,12.973393466849435,-38.62525454748637,58.32791688291147,Giro izquierdo agresivo,6.714499473571777,2022-01-23 19:09:55.667000-05:00,0.0017216649793308659,0.004061342996470627,0.11503274384271686
12654,-0.8404336849682038,0.9848017928012833,9.685534467418002,0,16,Nissan March (Xiaomi Redmi Note 9S),0.8337464,-77.6500618,12.437063444483405,-38.30047343615082,58.03355175877657,Giro izquierdo agresivo,6.714499473571777,2022-01-23 19:09:55.719000-05:00,0.009284870607535533,0.011890853993907984,0.1293520308505696
12655,-0.5200585338843103,0.7168309469101608,10.22319447822655,0,16,Nissan March (Xiaomi Redmi Note 9S),0.8337464,-77.6500618,12.146162383207585,-38.094508504935135,57.85959992792127,Giro izquierdo agresivo,6.714499473571777,2022-01-23 19:09:55.767000-05:00,0.021364186971452627,0.03738899574454936,0.15134747888066055
12656,-1.0066983718079245,0.5455693075244801,9.78493240052975,0,16,Nissan March (Xiaomi Redmi Note 9S),0.8337464,-77.6500618,11.595025854963025,-37.43391436696575,57.815102167691336,Giro izquierdo agresivo,6.714499473571777,2022-01-23 19:09:55.818000-05:00,0.02429275021882483,0.06646310205408959,0.17962157228732262
12657,-1.2249393173907057,1.3117938763595876,9.81696311887486,0,16,Nissan March (Xiaomi Redmi Note 9S),0.8337464,-77.6500618,11.016899768130765,-37.23146320206701,58.0423097477383,Giro izquierdo agresivo,6.714499473571777,2022-01-23 19:09:55.867000-05:00,0.002751922334806582,0.06862243182582582,0.21473211370044568
