id,accX,accY,accZ,eventClass,idTrip,idVehicle,latitude,longitude,magX,magY,magZ,route,speed,timestamp,velAngX,velAngY,velAngZ
34493,0.023994897641802966,-0.0009619134625184538,9.671931316110708,0,11,Nissan March (Xiaomi Redmi Note 9S),0.8341156,-77.6499868,19.24417845450057,-32.37072845428354,52.59454114679893,Giro derecho agresivo,6.86224889755249,2022-02-02 20:08:02.346000-05:00,-0.0011606799625729144,0.0011078219621953147,-0.0005187289622540947
34494,0.030410258959674804,0.007514534270141577,9.67873951048971,0,11,Nissan March (Xiaomi Redmi Note 9S),0.8341156,-77.6499868,19.317216205786536,-32.28583028545519,52.533033948009894,Giro derecho agresivo,6.86224889755249,2022-02-02 20:08:02.395000-05:00,-0.0007540435932858236,0.001080320937769083,-0.0005279620299112276
34495,0.025743551870786398,-0.02291796694509022,9.681033824054266,0,11,Nissan March (Xiaomi Redmi Note 9S),0.8341156,-77.6499868,19.425332850160473,-32.1439552625499,52.53675071087134,Giro derecho agresivo,6.86224889755249,2022-02-02 20:08:02.447000-05:00,-0.0006040290168029323,0.0016122630256328201,-0.000438821942567236
34496,0.01830636328815147,-0.017722307551421543,9.685945672445982,0,11,Nissan March (Xiaomi Redmi Note 9S),0.8341156,-77.6499868,19.53723907466179,-32.15439998255071,52.50616370594647,Giro derecho agresivo,6.86224889755249,2022-02-02 20:08:02.496000-05:00,-0.0005554267499751532,0.0015116216959396027,-0.00022596023395139272
34497,0.020342913618060315,0.009656412963969234,9.693394800520148,0,11,Nissan March (Xiaomi Redmi Note 9S),0.8341156,-77.6499868,19.505407724395287,-32.108187170552306,52.43860673139055,Giro derecho agresivo,6.86224889755249,2022-02-02 20:08:02.547000-05:00,0.0003667515876504793,0.001207032275570753,-0.0001613087501709286
34498,0.006842011117891445,-0.005225611608180291,9.672830852481395,0,11,Nissan March (Xiaomi Redmi Note 9S),0.8341156,-77.6499868,19.564894722581112,-31.89415801433337,52.42728321576399,Giro derecho agresivo,6.86224889755249,2022-02-02 20:08:02.596000-05:00,0.0006610323112242972,0.0011102719317855887,-0.000141694765582047
34499,0.023729729916317537,0.013988474105439032,9.700018970310444,0,11,Nissan March (Xiaomi Redmi Note 9S),0.8341156,-77.6499868,19.92613182424595,-31.830096482813023,52.300526031839354,Giro derecho agresivo,6.86224889755249,2022-02-02 20:08:02.645000-05:00,0.0004829200159220888,0.0006252304108502692,-0.0003212697301982395
34500,0.018511311343529527,-0.003159445448051015,9.677602103895161,0,11,Nissan March (Xiaomi Redmi Note 9S),0.8341156,-77.6499868,20.042697124790582,-31.97974725809495,52.248066570119995,Giro derecho agresivo,6.86224889755249,2022-02-02 20:08:02.696000-05:00,0.00024475182808635814,0.00019858607924562552,-0.00019021811802695247
34501,0.03051978281812577,0.009374465143248948,9.702880756796198,0,11,Nissan March (Xiaomi Redmi Note 9S),0.8341156,-77.6499868,19.995516497738503,-31.93854836667836,52.34852306723615,Giro derecho agresivo,6.86224889755249,2022-02-02 20:08:02.745000-05:00,-0.000556594648095092,0.0006082448343410548,-0.000335989116070383
34502,0.018579938647499003,-0.005303865459660518,9.699566294758064,0,11,Nissan March (Xiaomi Redmi Note 9S),0.8341156,-77.6499868,20.148937056946412,-31.948277594560075,52.39657734731915,Giro derecho agresivo,6.86224889755249,2022-02-02 20:08:02.796000-05:00,-8.691984351783547e-05,0.0007383608939585661,-0.000936782728671171
34503,0.014812186195206713,0.006185988926114798,9.712866500956261,0,11,Nissan March (Xiaomi Redmi Note 9S),0.8341156,-77.6499868,20.139161498678003,-32.140889130990814,52.3109859128918,Giro derecho agresivo,6.86224889755249,2022-02-02 20:08:02.845000-05:00,0.00024427534764793205,0.000507103530169797,8.688113824078484e-05
34504,0.004842333259037702,-0.009646470888020708,9.686133548117388,0,11,Nissan March (Xiaomi Redmi Note 9S),0.8341156,-77.6499868,20.057605952267927,-32.169870149592874,52.32785600050333,Giro derecho agresivo,6.86224889755249,2022-02-02 20:08:02.897000-05:00,-0.0008287549574414327,-0.0007475497825095308,0.0012322667801240653
34505,0.011452004105868325,0.0015232327005467693,9.686753533771462,0,11,Nissan March (Xiaomi Redmi Note 9S),0.8341156,-77.6499868,20.02973621843807,-32.17423073699474,52.455539690764496,Giro derecho agresivo,6.86224889755249,2022-02-02 20:08:02.945000-05:00,-0.0008991119714212899,-0.0012369152078172624,0.0011159019310443053
34506,0.0013615923467485084,-0.02131421942594658,9.663871027297212,0,11,Nissan March (Xiaomi Redmi Note 9S),0.8341156,-77.6499868,19.99363436351123,-32.30231536720716,52.539370836992425,Giro derecho agresivo,6.86224889755249,2022-02-02 20:08:02.996000-05:00,-0.0017375853482830834,-0.000665454647699352,0.0007095534103870114
34507,0.009802990757457601,-0.006900513153041923,9.65384299155323,0,11,Nissan March (Xiaomi Redmi Note 9S),0.8341156,-77.6499868,19.78003857469508,-32.353446998117924,52.615851693635584,Giro derecho agresivo,6.86224889755249,2022-02-02 20:08:03.045000-05:00,-0.0016424341965081161,-0.00021136210079477112,0.00021523970189369745
34508,0.018209378743674794,-0.02883817813048754,9.665774220955498,0,11,Nissan March (Xiaomi Redmi Note 9S),0.8341156,-77.6499868,19.636830301901245,-32.10627692282052,52.659884151281666,Giro derecho agresivo,6.86224889755249,2022-02-02 20:08:03.097000-05:00,-0.0012493971117967337,0.001114068275068263,0.0005291041708814525
34509,0.013377444621927689,-0.03838173306924501,9.65643932397421,0,11,Nissan March (Xiaomi Redmi Note 9S),0.8341156,-77.6499868,19.55192470010544,-32.00537257156978,52.511192175981094,Giro derecho agresivo,6.86224889755249,2022-02-02 20:08:03.146000-05:00,-0.00012662924508607693,0.0011716057201990942,0.0001605012707205784
34510,0.006681021903684304,0.026404425612222372,9.662751838525486,0,11,Nissan March (Xiaomi Redmi Note 9S),0.8341156,-77.6499868,19.427404333783365,-32.006119923424166,52.470662748590435,Giro derecho agresivo,6.86224889755249,2022-02-02 20:08:03.196000-05:00,-0.0006750889659750422,-0.00026390535738906977,4.86873083234344e-05
34511,0.00036053981828492506,0.008930069703523766,9.675939807822997,0,11,Nissan March (Xiaomi Redmi Note 9S),0.8341156,-77.6499868,19.44137666970958,-31.83101451089575,52.44826285203755,Giro derecho agresivo,6.86224889755249,2022-02-02 20:08:03.246000-05:00,-0.0003967354452997852,-0.0009924380837247099,1.4769066818841334e-05
34512,-0.0013745937831849211,0.01099902360510578,9.662424385098875,0,11,Nissan March (Xiaomi Redmi Note 9S),0.8341156,-77.6499868,19.53956982995667,-31.69316554507091,52.42890171423018,Giro derecho agresivo,6.86224889755249,2022-02-02 20:08:03.297000-05:00,-0.00012658397956254858,-0.0007695269277403784,0.0006538172782403835
34513,0.021098855557720776,0.047018718706847006,9.673286798351324,0,11,Nissan March (Xiaomi Redmi Note 9S),0.8341156,-77.6499868,19.698072851998234,-31.576852097426254,52.33201370374678,Giro derecho agresivo,6.86224889755249,2022-02-02 20:08:03.346000-05:00,-0.000493735592706519,-0.0014256188314202209,0.0006621446233804865
34514,0.033634543072710014,-0.1844100225515688,9.733803802225735,0,11,Nissan March (Xiaomi Redmi Note 9S),0.8341156,-77.6499868,19.70506352344745,-31.575279321327983,52.2221279476961,Giro derecho agresivo,6.86224889755249,2022-02-02 20:08:03.396000-05:00,0.003469244432119295,0.0003649487916696657,0.00020085846852486479
34515,-0.0007214932162275048,0.05073664541969736,9.74729282433474,0,11,Nissan March (Xiaomi Redmi Note 9S),0.8341156,-77.6499868,19.770186485514614,-31.638758556531343,52.18810297644283,Giro derecho agresivo,6.86224889755249,2022-02-02 20:08:03.445000-05:00,0.004733688505399103,0.0009336699445533376,6.092947515330235e-05
34516,0.018260205072711946,0.26488097140446387,9.6542483371498,0,11,Nissan March (Xiaomi Redmi Note 9S),0.8341156,-77.6499868,20.020051327373004,-31.823526110010974,52.088757105768494,Giro derecho agresivo,6.86224889755249,2022-02-02 20:08:03.496000-05:00,0.002507713288392679,-0.0013389565819572282,0.0007605822487650311
34517,-0.009893951319217109,0.6039597318233287,9.630956810986483,0,11,Nissan March (Xiaomi Redmi Note 9S),0.8341156,-77.6499868,20.184554629589282,-31.915042775670912,52.24378439922091,Giro derecho agresivo,6.86224889755249,2022-02-02 20:08:03.546000-05:00,0.0016161459051980604,0.0001198896226379826,-0.0005113805171266544
34518,-0.0163064036096178,0.6902380333329612,9.572470361623354,0,11,Nissan March (Xiaomi Redmi Note 9S),0.8341156,-77.6499868,20.14433374903922,-31.801382558479332,52.26976910605015,Giro derecho agresivo,6.86224889755249,2022-02-02 20:08:03.599000-05:00,0.003235737148136546,0.0008558341056052897,-0.000433412225164654
34519,-0.018085108424938337,1.0645227824400834,9.54344829490773,0,11,Nissan March (Xiaomi Redmi Note 9S),0.8341156,-77.6499868,20.138493023562518,-31.83206693724786,52.414590314195884,Giro derecho agresivo,6.86224889755249,2022-02-02 20:08:03.646000-05:00,0.004749854411778568,-0.0019088486952827798,-0.0006880482509302953
34520,-0.039075223445134886,1.304295424596633,9.463260435105749,0,11,Nissan March (Xiaomi Redmi Note 9S),0.8341156,-77.6499868,20.105590138637204,-31.836683818294354,52.42325773371213,Giro derecho agresivo,6.86224889755249,2022-02-02 20:08:03.697000-05:00,0.009585088036428942,-0.0006062896573480702,-0.0003014786598021283
34521,-0.01187253030287675,1.8910392381733887,9.416541070545293,0,11,Nissan March (Xiaomi Redmi Note 9S),0.8341156,-77.6499868,20.1809480815374,-31.96480863172462,52.409103905418135,Giro derecho agresivo,6.86224889755249,2022-02-02 20:08:03.746000-05:00,0.014301267721518313,0.0005343229961698608,-0.0011118390786821332
34522,-0.03235434007933574,2.1125878189913396,9.40969929692987,0,11,Nissan March (Xiaomi Redmi Note 9S),0.8344759,-77.6500054,20.191891279472145,-31.984086748031757,52.40673152910593,Giro derecho agresivo,1.907999873161316,2022-02-02 20:08:03.796000-05:00,0.022787577306867535,-0.0008297660138191214,0.00059035325780127
34523,-0.06913076675360924,2.140327666407927,9.368770221961874,0,11,Nissan March (Xiaomi Redmi Note 9S),0.8344759,-77.6500054,20.113344433158794,-31.859557261110144,52.531189917727644,Giro derecho agresivo,1.907999873161316,2022-02-02 20:08:03.846000-05:00,0.026764624909820525,-0.0001726891398851773,0.0021270922662052685
34524,-0.0764800226073748,2.2552245136415037,9.41761433321538,0,11,Nissan March (Xiaomi Redmi Note 9S),0.8344759,-77.6500054,19.97372091831797,-32.20718399395161,52.44280143112634,Giro derecho agresivo,1.907999873161316,2022-02-02 20:08:03.896000-05:00,0.025313474510642683,0.0031253076069050487,0.00129458062189212
34525,-0.0384076783386119,2.361662423216662,9.328164657616309,0,11,Nissan March (Xiaomi Redmi Note 9S),0.8344759,-77.6500054,19.79317336199349,-32.75328155595624,52.61527193989933,Giro derecho agresivo,1.907999873161316,2022-02-02 20:08:03.946000-05:00,0.022130381798007102,0.0068078066804650485,0.003546628293104894
34526,-0.16911547693841317,2.430956293780857,9.344382735104213,0,11,Nissan March (Xiaomi Redmi Note 9S),0.8344759,-77.6500054,19.606682969797834,-32.819521182462076,52.238392710320994,Giro derecho agresivo,1.907999873161316,2022-02-02 20:08:03.997000-05:00,0.018938704802651533,0.006341934681679153,0.009238948592607184
34527,-0.0369623550429099,2.1819571074554602,9.509654126059315,0,11,Nissan March (Xiaomi Redmi Note 9S),0.8344759,-77.6500054,19.59562807738554,-32.47905210936227,51.972327150090834,Giro derecho agresivo,1.907999873161316,2022-02-02 20:08:04.045000-05:00,0.018464371801662872,0.004467593220298088,0.01263541145197536
34528,-0.1470241165600299,2.4729631652286463,9.408922772482915,0,11,Nissan March (Xiaomi Redmi Note 9S),0.8344759,-77.6500054,19.738268137185095,-32.44375207854471,52.11501971262407,Giro derecho agresivo,1.907999873161316,2022-02-02 20:08:04.097000-05:00,0.016318301715275464,0.0012372763450896745,0.016912398542145036
34529,-0.10960465505682127,2.45837245062355,9.425509894175248,0,11,Nissan March (Xiaomi Redmi Note 9S),0.8344759,-77.6500054,19.871172485039512,-32.45437211075113,52.74762002538202,Giro derecho agresivo,1.907999873161316,2022-02-02 20:08:04.145000-05:00,0.015633568109610894,0.00021126117886108016,0.018209802532901984
34530,-0.045286101018554376,2.700068238137446,9.363318293889014,0,11,Nissan March (Xiaomi Redmi Note 9S),0.8344759,-77.6500054,19.56992845019171,-32.631186280057975,53.36868962313451,Giro derecho agresivo,1.907999873161316,2022-02-02 20:08:04.198000-05:00,0.0021773551339459955,-0.00129582355962247,0.0198092750987119
34531,0.012887764571760593,2.2911890274159767,9.307021971144597,0,11,Nissan March (Xiaomi Redmi Note 9S),0.8344759,-77.6500054,18.532496486342154,-32.21178244627115,53.33232361686144,Giro derecho agresivo,1.907999873161316,2022-02-02 20:08:04.245000-05:00,-0.002116037373531553,-0.0017745047101755454,0.020294467606016317
34532,-0.09822315840034601,2.994750046315152,9.197983687662212,0,11,Nissan March (Xiaomi Redmi Note 9S),0.8344759,-77.6500054,18.077327143302142,-31.973461208502272,53.248191963544,Giro derecho agresivo,1.907999873161316,2022-02-02 20:08:04.297000-05:00,-0.00684067378261245,-0.003925499863657222,0.023410047440215236
34533,-0.18486113198579823,3.105190778362489,9.382992336683344,0,11,Nissan March (Xiaomi Redmi Note 9S),0.8344759,-77.6500054,17.866985378376288,-31.873886664537867,52.64101704702277,Giro derecho agresivo,1.907999873161316,2022-02-02 20:08:04.346000-05:00,-0.01251892932777383,-0.0007016497921166938,0.024911718057768952
34534,-0.03434817618325056,3.182511285682933,9.233855306253645,0,11,Nissan March (Xiaomi Redmi Note 9S),0.8344759,-77.6500054,17.884521595709803,-32.20934004708836,52.77335481046435,Giro derecho agresivo,1.907999873161316,2022-02-02 20:08:04.396000-05:00,-0.0076211167436635975,0.0022304057325348214,0.024254093354280873
34535,-0.12311975789376728,3.1624624083624275,8.877163528536636,0,11,Nissan March (Xiaomi Redmi Note 9S),0.8344759,-77.6500054,18.079394809091678,-32.96067852478025,52.73310683654957,Giro derecho agresivo,1.907999873161316,2022-02-02 20:08:04.446000-05:00,-0.0017062680720923915,0.011157510804424516,0.018952671119887982
34536,0.10209261690903315,2.8244884077937407,8.992257843488993,0,11,Nissan March (Xiaomi Redmi Note 9S),0.8344759,-77.6500054,18.23591080282549,-33.1852311927329,53.116541774702654,Giro derecho agresivo,1.907999873161316,2022-02-02 20:08:04.496000-05:00,0.0019943359174287244,0.0036347168491959753,0.014376111865671042
34537,-0.03707381042642746,2.652927958965495,8.96936648780479,0,11,Nissan March (Xiaomi Redmi Note 9S),0.8344759,-77.6500054,19.02794451684369,-33.2986622285804,52.884272509863536,Giro derecho agresivo,1.907999873161316,2022-02-02 20:08:04.546000-05:00,0.00897790945171837,0.01205785661309564,0.014472032894432848
34538,-0.08018115461907437,1.7864100757060526,9.290828660307156,0,11,Nissan March (Xiaomi Redmi Note 9S),0.8344759,-77.6500054,19.303232636265804,-33.1882977053092,52.98580679999733,Giro derecho agresivo,1.907999873161316,2022-02-02 20:08:04.595000-05:00,0.007942016388928103,-0.0021670441057710203,0.022942513295724352
34539,-0.03512426459237513,1.1219887905596357,10.015035894376972,0,11,Nissan March (Xiaomi Redmi Note 9S),0.8344759,-77.6500054,20.08046090677496,-33.17169186559057,52.6594672878392,Giro derecho agresivo,1.907999873161316,2022-02-02 20:08:04.646000-05:00,-0.005626238911340304,-0.01513529785287074,0.03089221637945655
34540,0.07200556115195444,1.29602940544912,9.948787534835562,0,11,Nissan March (Xiaomi Redmi Note 9S),0.8344759,-77.6500054,20.113191105732437,-33.10547741102853,52.885696749110274,Giro derecho agresivo,1.907999873161316,2022-02-02 20:08:04.696000-05:00,-0.04304972894842711,-0.017891357379778827,0.02783073601207811
34541,0.255133643967801,1.4463222513345004,9.588620241242353,0,11,Nissan March (Xiaomi Redmi Note 9S),0.8344759,-77.6500054,20.19808003900147,-33.09551454808196,52.33054262450369,Giro derecho agresivo,1.907999873161316,2022-02-02 20:08:04.748000-05:00,-0.06949732373522782,-0.001321305101487022,0.024026414323348608
34542,-0.12464770932901997,1.9762570888490814,9.693796248152156,0,11,Nissan March (Xiaomi Redmi Note 9S),0.8344759,-77.6500054,20.082188424944913,-32.93472741880013,52.268704370964926,Giro derecho agresivo,1.907999873161316,2022-02-02 20:08:04.796000-05:00,-0.05807919008570041,-0.002327768020538404,0.02213029110247271
34543,-0.19234298793274268,2.286007006603501,9.223727305527596,0,11,Nissan March (Xiaomi Redmi Note 9S),0.8344758,-77.6499728,19.472354157532074,-33.06982289537635,52.46123484633496,Giro derecho agresivo,5.21778678894043,2022-02-02 20:08:04.846000-05:00,-0.024787167868421514,-0.02636232927768261,0.021462349312069973
34544,0.2710869446389793,2.427260374299256,9.045496896629475,0,11,Nissan March (Xiaomi Redmi Note 9S),0.8344758,-77.6499728,18.999142972323366,-32.89900544113098,52.774434054727045,Giro derecho agresivo,5.21778678894043,2022-02-02 20:08:04.896000-05:00,0.01566536366892654,0.007345844085542015,0.01291111208805372
34545,0.09980991370971667,2.5755906538576916,9.095301348427245,0,11,Nissan March (Xiaomi Redmi Note 9S),0.8344758,-77.6499728,18.513718592583743,-32.98480399853753,53.34197080923198,Giro derecho agresivo,5.21778678894043,2022-02-02 20:08:04.946000-05:00,0.04761289261112219,0.02168671937655936,0.01773812980509178
34546,0.0702945956281263,2.203058483862608,9.236926620276122,0,11,Nissan March (Xiaomi Redmi Note 9S),0.8344758,-77.6499728,18.042547201673813,-32.99771355543275,53.92092164559693,Giro derecho agresivo,5.21778678894043,2022-02-02 20:08:04.996000-05:00,0.047469880583288576,-0.001380259917721026,0.025324704324741175
34547,0.04120103043147251,1.9611782912061768,9.550819046954038,0,11,Nissan March (Xiaomi Redmi Note 9S),0.8344758,-77.6499728,17.910016025469833,-33.477520217586594,53.893102562587046,Giro derecho agresivo,5.21778678894043,2022-02-02 20:08:05.046000-05:00,0.026116930725239556,-0.017792970666057683,0.023637270738392627
34548,0.1207571170410206,1.8335644666286313,9.711885686284536,0,11,Nissan March (Xiaomi Redmi Note 9S),0.8344758,-77.6499728,17.794607825310948,-33.5497136389099,53.732367280733186,Giro derecho agresivo,5.21778678894043,2022-02-02 20:08:05.096000-05:00,-9.928756709554065e-05,-0.010285357309620593,0.016075450244346035
34549,0.20881566894233017,2.13381943481757,9.578173686694127,0,11,Nissan March (Xiaomi Redmi Note 9S),0.8344758,-77.6499728,18.114419128279813,-33.672079719927794,53.174782145776476,Giro derecho agresivo,5.21778678894043,2022-02-02 20:08:05.146000-05:00,-0.029680588976936758,-0.015533161927215912,0.009978347035967026
34550,0.1888322267292323,2.0249667242766463,9.455168206373704,0,11,Nissan March (Xiaomi Redmi Note 9S),0.8344758,-77.6499728,18.305106336483707,-33.53120327542472,53.065713425078656,Giro derecho agresivo,5.21778678894043,2022-02-02 20:08:05.196000-05:00,-0.029054606443511172,-0.027467338323989454,0.0063663328322320165
34551,0.19321635962141714,1.9048600838610552,9.359131242358108,0,11,Nissan March (Xiaomi Redmi Note 9S),0.8344758,-77.6499728,18.701422383706877,-33.49407834324073,52.92257597569256,Giro derecho agresivo,5.21778678894043,2022-02-02 20:08:05.246000-05:00,-0.02078529663701928,-0.027169103713205058,0.011021916858255517
34552,0.06291844528727197,1.977015885924858,9.384386274312938,0,11,Nissan March (Xiaomi Redmi Note 9S),0.8344758,-77.6499728,18.887191150518383,-33.34513247215939,52.49279651104526,Giro derecho agresivo,5.21778678894043,2022-02-02 20:08:05.296000-05:00,-0.013160038832752139,0.01254129438860669,0.008167094003406919
34553,0.02637362744836333,2.2168387528432683,9.235660006119339,0,11,Nissan March (Xiaomi Redmi Note 9S),0.8344758,-77.6499728,18.705814581550147,-33.434221905960364,52.171041147373934,Giro derecho agresivo,5.21778678894043,2022-02-02 20:08:05.345000-05:00,0.0133003095054586,0.01752175676989573,0.001457062752823447
34554,0.18047094786894854,1.9442522449175315,9.492876462349425,0,11,Nissan March (Xiaomi Redmi Note 9S),0.8344758,-77.6499728,18.855774252352152,-33.20869449775809,52.163933518966815,Giro derecho agresivo,5.21778678894043,2022-02-02 20:08:05.396000-05:00,0.050213059337192445,0.015560050498660659,-0.004288891672174445
34555,-0.02134842883900795,2.474458295345941,9.736936452140576,0,11,Nissan March (Xiaomi Redmi Note 9S),0.8344758,-77.6499728,18.20440830493289,-33.20662040042893,52.81824508026047,Giro derecho agresivo,5.21778678894043,2022-02-02 20:08:05.445000-05:00,0.04993154956201722,0.01829885280933872,0.0003687088200476857
34556,0.1339373533754512,2.5054718863861085,9.482587975218463,0,11,Nissan March (Xiaomi Redmi Note 9S),0.8344758,-77.6499728,18.286119510658658,-32.999232522243666,53.240061539947035,Giro derecho agresivo,5.21778678894043,2022-02-02 20:08:05.496000-05:00,0.01847010214777285,0.010991205744588867,0.007903891580683773
34557,0.10535082217623623,2.058899091919168,9.351657821972253,0,11,Nissan March (Xiaomi Redmi Note 9S),0.8344758,-77.6499728,18.570447951737965,-33.509608327463305,53.71655461533507,Giro derecho agresivo,5.21778678894043,2022-02-02 20:08:05.545000-05:00,-0.004896520466501946,0.03084038532577326,0.006479156231506902
34558,0.10817758295605719,2.3279511787306526,9.233119444958026,0,11,Nissan March (Xiaomi Redmi Note 9S),0.8344758,-77.6499728,19.092552920876823,-33.17225292757242,53.437453570925975,Giro derecho agresivo,5.21778678894043,2022-02-02 20:08:05.596000-05:00,-0.006639792284648589,0.007887447212112441,0.008273268336232556
34559,-0.3354580728372419,1.6997210457327405,8.988048822256417,0,11,Nissan March (Xiaomi Redmi Note 9S),0.8344758,-77.6499728,19.745349425583456,-33.21706543182711,53.65599424214314,Giro derecho agresivo,5.21778678894043,2022-02-02 20:08:05.645000-05:00,0.00767378182026996,-0.0043094071084819885,0.0010254580231463667
34560,-0.08932428376353749,1.4096053154466275,9.401338444936727,0,11,Nissan March (Xiaomi Redmi Note 9S),0.8344758,-77.6499728,19.391384944257315,-32.968947798924056,53.91112668902577,Giro derecho agresivo,5.21778678894043,2022-02-02 20:08:05.696000-05:00,0.02819854945307173,-0.002822542602722137,0.002444604111712838
34561,-0.04701112786938782,1.4588079663924394,9.216120049983877,0,11,Nissan March (Xiaomi Redmi Note 9S),0.8344758,-77.6499728,18.97135838359313,-33.17054725721307,54.078749603372046,Giro derecho agresivo,5.21778678894043,2022-02-02 20:08:05.745000-05:00,0.02241621915532175,-0.018796239833263954,0.012244103065887635
34562,-0.44171885448316633,1.5245447361443139,9.272511620083968,0,11,Nissan March (Xiaomi Redmi Note 9S),0.8344758,-77.6499728,18.653927598236642,-33.26459327056697,53.88834348522503,Giro derecho agresivo,5.21778678894043,2022-02-02 20:08:05.796000-05:00,0.008602918628383424,-0.030684438459860054,0.02467850481085548
34563,-0.10047260277139114,1.6102133539528358,9.570785959634327,0,11,Nissan March (Xiaomi Redmi Note 9S),0.8344535,-77.649966,18.36742356023676,-33.5336072919073,54.3558592774313,Giro derecho agresivo,6.561143398284912,2022-02-02 20:08:05.845000-05:00,0.012537181422075402,-0.0022044938850652868,0.025018210970406234
34564,-0.08377305650886534,1.5040815102649914,9.461643122532719,0,11,Nissan March (Xiaomi Redmi Note 9S),0.8344535,-77.649966,18.261710715035154,-33.46258049941927,54.4810443514092,Giro derecho agresivo,6.561143398284912,2022-02-02 20:08:05.896000-05:00,-0.008693559784941523,0.007023046112030624,0.023637060410345384
34565,-0.030529853904802617,1.2064201090342357,9.624941620990233,0,11,Nissan March (Xiaomi Redmi Note 9S),0.8344535,-77.649966,18.887447303907457,-33.48375311566198,54.267918460443454,Giro derecho agresivo,6.561143398284912,2022-02-02 20:08:05.946000-05:00,-0.02127036851753939,-0.004765681770540901,0.02099179596414533
34566,0.38300452100197996,1.4891145374398045,9.07383813488087,0,11,Nissan March (Xiaomi Redmi Note 9S),0.8344535,-77.649966,19.68351004020274,-33.614367343683575,53.77958497389042,Giro derecho agresivo,6.561143398284912,2022-02-02 20:08:05.996000-05:00,-0.0024344744809334934,-5.989252189677642e-05,0.016015057284749376
34567,-0.3653354525843094,1.2973667407789273,9.144460541024864,0,11,Nissan March (Xiaomi Redmi Note 9S),0.8344535,-77.649966,20.16773645193159,-33.82516766829743,53.35437550855254,Giro derecho agresivo,6.561143398284912,2022-02-02 20:08:06.046000-05:00,0.007564835697924915,0.02860239169139752,0.009310690044758818
34568,-0.060508071802211905,1.3100971935333616,9.46083072220664,0,11,Nissan March (Xiaomi Redmi Note 9S),0.8344535,-77.649966,19.773266310559382,-33.90466991681301,53.142638739425244,Giro derecho agresivo,6.561143398284912,2022-02-02 20:08:06.095000-05:00,0.004952410937066434,0.009902463344663819,0.022026181199568378
34569,-0.6270789196434015,1.4381210837235945,9.364433107182268,0,11,Nissan March (Xiaomi Redmi Note 9S),0.8344535,-77.649966,19.090921566820555,-33.70955954723977,52.88864672012257,Giro derecho agresivo,6.561143398284912,2022-02-02 20:08:06.145000-05:00,0.0004014330396680463,0.007779169683533432,0.021894580439091767
34570,-0.3648924238233785,1.2348076448334677,9.336214983452324,0,11,Nissan March (Xiaomi Redmi Note 9S),0.8344535,-77.649966,18.751426091925723,-33.425339022478745,53.06457618824612,Giro derecho agresivo,6.561143398284912,2022-02-02 20:08:06.196000-05:00,0.000944107802436429,0.010284924805067978,0.018236923934341193
34571,-0.00741117944837999,1.4745112914949416,9.595499256740158,0,11,Nissan March (Xiaomi Redmi Note 9S),0.8344535,-77.649966,18.78226180839246,-33.159573467449746,53.20331381156241,Giro derecho agresivo,6.561143398284912,2022-02-02 20:08:06.245000-05:00,0.015080350089883059,0.004447905161830951,0.015364905105096296
34572,-0.01198215369776337,1.1290549225200093,9.093036005224823,0,11,Nissan March (Xiaomi Redmi Note 9S),0.8344535,-77.649966,19.07522884481434,-32.83286559154718,53.367033959461345,Giro derecho agresivo,6.561143398284912,2022-02-02 20:08:06.296000-05:00,0.011158457341617693,-0.022302139241656253,0.01876076410414891
34573,0.11948642992111685,0.8722076139696637,9.222677615951188,0,11,Nissan March (Xiaomi Redmi Note 9S),0.8344535,-77.649966,19.470371042072575,-32.60849171814475,53.55054812915025,Giro derecho agresivo,6.561143398284912,2022-02-02 20:08:06.346000-05:00,0.007187039173506289,-0.02425646734355457,0.026377015711652425
34574,0.027988627144590106,0.9758106736962331,9.246851374300713,0,11,Nissan March (Xiaomi Redmi Note 9S),0.8344535,-77.649966,19.111045684890218,-32.63844750576451,53.53448780719864,Giro derecho agresivo,6.561143398284912,2022-02-02 20:08:06.395000-05:00,-0.015296747101617676,-0.009339862962174698,0.027759745188737552
34575,-0.024173306368707292,1.3715434454973259,9.146813281745178,0,11,Nissan March (Xiaomi Redmi Note 9S),0.8344535,-77.649966,18.7703766144223,-32.81817100177994,53.82833093575889,Giro derecho agresivo,6.561143398284912,2022-02-02 20:08:06.446000-05:00,-0.03552691393991336,0.0053018757918875965,0.029570626830337565
34576,-0.14348369379350145,1.252649477588119,9.448439394510544,0,11,Nissan March (Xiaomi Redmi Note 9S),0.8344535,-77.649966,18.272143156615947,-32.74964063917082,53.424975605689895,Giro derecho agresivo,6.561143398284912,2022-02-02 20:08:06.495000-05:00,-0.018316904892685205,0.015313230502502941,0.025481826805862823
34577,-0.2314877581902004,1.0292557355967098,9.704869757246314,0,11,Nissan March (Xiaomi Redmi Note 9S),0.8344535,-77.649966,17.847194569603072,-32.611897555034325,53.26372171132736,Giro derecho agresivo,6.561143398284912,2022-02-02 20:08:06.546000-05:00,0.01437502236366242,0.010224633683421075,0.02442703317134099
34578,-0.04384559586742909,1.0280206572444042,10.083402078404117,0,11,Nissan March (Xiaomi Redmi Note 9S),0.8344535,-77.649966,17.929728908479067,-32.75046032081554,53.065014312627355,Giro derecho agresivo,6.561143398284912,2022-02-02 20:08:06.595000-05:00,0.022629771061701342,-0.01274409379526093,0.025962315978068837
34579,-0.06072346150797121,0.9738608746923844,9.806746697815116,0,11,Nissan March (Xiaomi Redmi Note 9S),0.8344535,-77.649966,18.42253009466568,-33.21731689285376,53.25021024362034,Giro derecho agresivo,6.561143398284912,2022-02-02 20:08:06.646000-05:00,0.02499155514073417,0.01003576722694644,0.02485107499646914
34580,-0.041016690417084646,1.260126390903285,9.448902596418254,0,11,Nissan March (Xiaomi Redmi Note 9S),0.8344535,-77.649966,19.055044670728645,-33.303489957434515,53.04714299775753,Giro derecho agresivo,6.561143398284912,2022-02-02 20:08:06.696000-05:00,0.002443067906623117,0.01127425189998686,0.030543544871008556
34581,-0.6291777332877441,1.732465048300401,9.150517802531835,0,11,Nissan March (Xiaomi Redmi Note 9S),0.8344535,-77.649966,19.307168019008643,-33.412028064707634,53.05992913048556,Giro derecho agresivo,6.561143398284912,2022-02-02 20:08:06.747000-05:00,-0.010463516736299566,-0.04566606970589874,0.04015513546733221
34582,-0.05061098037285805,1.6194757224606369,9.076319685352438,0,11,Nissan March (Xiaomi Redmi Note 9S),0.8344535,-77.649966,19.391861686200205,-33.396502775372845,52.96842626943763,Giro derecho agresivo,6.561143398284912,2022-02-02 20:08:06.796000-05:00,-0.00614928392468569,-0.015867408667914414,0.03221756093529359
34583,0.3141505556009314,1.6642117348969843,9.63842933731211,0,11,Nissan March (Xiaomi Redmi Note 9S),0.8344686,-77.6499613,19.195807370217562,-33.601239346358945,53.187197762599325,Giro derecho agresivo,10.504055976867676,2022-02-02 20:08:06.845000-05:00,0.01118505497958126,-0.011763577019238303,0.03500443275555726
34584,-0.5278117511863735,1.758103408868081,9.58031409285139,0,11,Nissan March (Xiaomi Redmi Note 9S),0.8344686,-77.6499613,19.407745026967646,-33.424972179515876,53.05218784621081,Giro derecho agresivo,10.504055976867676,2022-02-02 20:08:06.896000-05:00,0.009643600411282328,-0.040262730956845384,0.037983351866168434
34585,-0.0013292346902978869,1.78760680248638,9.469220897098216,0,11,Nissan March (Xiaomi Redmi Note 9S),0.8344686,-77.6499613,19.11797791292471,-33.22323091092857,53.34170316888573,Giro derecho agresivo,10.504055976867676,2022-02-02 20:08:06.945000-05:00,-0.00045918304518482306,-0.010607593308806864,0.028033787521319378
34586,0.12201485361085783,1.5880871304863757,10.047124197788456,0,11,Nissan March (Xiaomi Redmi Note 9S),0.8344686,-77.6499613,18.579056616939276,-32.90615959819161,53.57751872957446,Giro derecho agresivo,10.504055976867676,2022-02-02 20:08:06.996000-05:00,-0.007400064082005433,-0.005095561171692924,0.029189943909511983
34587,0.16156138990581417,1.2245356845258104,9.650452687956433,0,11,Nissan March (Xiaomi Redmi Note 9S),0.8344686,-77.6499613,17.443000618991295,-32.98588043851978,53.96040271707816,Giro derecho agresivo,10.504055976867676,2022-02-02 20:08:07.045000-05:00,-0.010340005064262688,0.009284940518216787,0.025180823734058215
34588,0.3000794732691723,0.6198821191735776,9.382468408716333,0,11,Nissan March (Xiaomi Redmi Note 9S),0.8344686,-77.6499613,17.262000283139308,-33.220879482530854,54.14943854689304,Giro derecho agresivo,10.504055976867676,2022-02-02 20:08:07.096000-05:00,0.012296021182006484,0.0034033964806236333,0.023129814154907967
34589,-0.3895109171404523,1.2397419297403567,9.582262981520099,0,11,Nissan March (Xiaomi Redmi Note 9S),0.8344686,-77.6499613,17.956939881377462,-33.495170398767144,53.759726110652856,Giro derecho agresivo,10.504055976867676,2022-02-02 20:08:07.146000-05:00,0.036473548642969325,-0.004734155807068651,0.023528036464052656
34590,0.1915292925113833,1.3650038540748957,9.78464335550934,0,11,Nissan March (Xiaomi Redmi Note 9S),0.8344686,-77.6499613,18.057856404354794,-33.58422890882273,53.46029631440587,Giro derecho agresivo,10.504055976867676,2022-02-02 20:08:07.195000-05:00,0.05624676125818989,0.00794594446761589,0.017897563403043867
34591,-0.06773728695569631,1.5780606984210073,9.645734051765974,0,11,Nissan March (Xiaomi Redmi Note 9S),0.8344686,-77.6499613,18.280864336261025,-33.29498096702001,52.91067728510821,Giro derecho agresivo,10.504055976867676,2022-02-02 20:08:07.246000-05:00,0.058384886902446836,-0.010832864714552588,0.020734945275330128
34592,0.37922872657426976,1.7097825575818828,10.09188269876542,0,11,Nissan March (Xiaomi Redmi Note 9S),0.8344686,-77.6499613,17.88051411291266,-33.01252756817663,53.130698417387656,Giro derecho agresivo,10.504055976867676,2022-02-02 20:08:07.296000-05:00,0.05906708572299908,-0.016797401250422485,0.021595651769597234
34593,0.440976550179799,1.412396338344171,9.53104493135401,0,11,Nissan March (Xiaomi Redmi Note 9S),0.8344686,-77.6499613,18.078812857464797,-33.43196470678476,53.23000658902689,Giro derecho agresivo,10.504055976867676,2022-02-02 20:08:07.345000-05:00,0.051305838143102654,0.02065122778609154,0.016198234113511782
34594,0.4853404116249037,0.26004462646876725,10.549462663951104,0,11,Nissan March (Xiaomi Redmi Note 9S),0.8344686,-77.6499613,18.588424916617914,-33.86143535710184,53.38711464315936,Giro derecho agresivo,10.504055976867676,2022-02-02 20:08:07.396000-05:00,0.048829503808288884,0.03254568360273738,0.014560952761206027
34595,0.28693982524267003,0.7400786045028953,9.857522100131487,0,11,Nissan March (Xiaomi Redmi Note 9S),0.8344686,-77.6499613,18.96694460163824,-33.814554681903935,53.33541190365924,Giro derecho agresivo,10.504055976867676,2022-02-02 20:08:07.445000-05:00,0.03289759807803139,0.02860036768877159,0.013043904682270712
34596,-0.2683978251776451,0.3696484552130343,9.672774244153613,0,11,Nissan March (Xiaomi Redmi Note 9S),0.8344686,-77.6499613,18.669314818889546,-33.23406440346014,53.54524783762702,Giro derecho agresivo,10.504055976867676,2022-02-02 20:08:07.496000-05:00,0.0030615430430608014,0.011355606714300907,0.008873217204553828
34597,-0.205039710577543,1.0683134386577655,9.96401157243024,0,11,Nissan March (Xiaomi Redmi Note 9S),0.8344686,-77.6499613,17.792679656157254,-33.16264992619838,53.62724222290092,Giro derecho agresivo,10.504055976867676,2022-02-02 20:08:07.546000-05:00,-0.010084844921437746,0.028139415803563987,0.005288997460985723
34598,-0.07412900521487722,0.6128570707973169,9.554285921760917,0,11,Nissan March (Xiaomi Redmi Note 9S),0.8344686,-77.6499613,17.569213834510848,-33.19969237000238,53.60976922037278,Giro derecho agresivo,10.504055976867676,2022-02-02 20:08:07.596000-05:00,-0.03531469336933387,0.024656720757873393,0.005964227716381831
34599,0.057304609254916095,1.1928377135955,9.70015031295971,0,11,Nissan March (Xiaomi Redmi Note 9S),0.8344686,-77.6499613,18.049633541316897,-33.73091463235998,53.35712526645241,Giro derecho agresivo,10.504055976867676,2022-02-02 20:08:07.645000-05:00,-0.04463400067277774,0.039178746969545604,0.0119203272579681
34600,-0.05199623369015059,1.518199160748984,9.204835703352625,0,11,Nissan March (Xiaomi Redmi Note 9S),0.8344686,-77.6499613,18.407887479228265,-34.033848190332,53.33038527161034,Giro derecho agresivo,10.504055976867676,2022-02-02 20:08:07.695000-05:00,-0.03736181004333361,0.03497766310171363,0.012892220380435396
34601,0.06527165417164986,2.205628273344138,9.406830233436937,0,11,Nissan March (Xiaomi Redmi Note 9S),0.8344686,-77.6499613,18.47593994644045,-33.90421241229962,53.31029667363036,Giro derecho agresivo,10.504055976867676,2022-02-02 20:08:07.747000-05:00,-0.03875896379526111,-0.00024807785169739943,0.022463284573005258
34602,0.0854123127604996,1.809517505089091,8.817376418118885,0,11,Nissan March (Xiaomi Redmi Note 9S),0.8344842,-77.6499576,17.828706285153253,-33.75727518946363,53.15085712740263,Giro derecho agresivo,15.584291458129885,2022-02-02 20:08:07.796000-05:00,-0.02850574963260097,0.017820947539140975,0.016183139420854985
34603,-0.04371694681761465,1.5662839496635277,9.444645476757389,0,11,Nissan March (Xiaomi Redmi Note 9S),0.8344842,-77.6499576,17.686636179660777,-33.03429828466512,52.95245383840691,Giro derecho agresivo,15.584291458129885,2022-02-02 20:08:07.846000-05:00,-0.02541565728143902,0.025286413204322643,0.014927423889234131
34604,-0.23852652621498924,0.8082673122251578,9.635598720799322,0,11,Nissan March (Xiaomi Redmi Note 9S),0.8344842,-77.6499576,17.505733338614665,-32.90958844152146,53.012841535543544,Giro derecho agresivo,15.584291458129885,2022-02-02 20:08:07.896000-05:00,-0.010919972996220766,0.016027309605969757,0.012598497257524552
34605,0.0990460671157389,1.1657776859625966,9.899810647749913,0,11,Nissan March (Xiaomi Redmi Note 9S),0.8344842,-77.6499576,17.880143188726915,-32.843039673836685,52.929320526765736,Giro derecho agresivo,15.584291458129885,2022-02-02 20:08:07.946000-05:00,-0.011372411771001763,0.0040911256032937215,0.013840039487529984
34606,-0.5881641921236211,-0.6253487972031788,9.379584002683202,0,11,Nissan March (Xiaomi Redmi Note 9S),0.8344842,-77.6499576,17.966568300086465,-33.486106994526175,52.93092786386607,Giro derecho agresivo,15.584291458129885,2022-02-02 20:08:07.997000-05:00,-1.748995201920206e-06,0.01592814883271252,0.008372621226628806
34607,-0.08170663774273179,0.44260226585930673,9.12545052609396,0,11,Nissan March (Xiaomi Redmi Note 9S),0.8344842,-77.6499576,17.85090139442336,-33.869581798780615,52.946803882701346,Giro derecho agresivo,15.584291458129885,2022-02-02 20:08:08.045000-05:00,0.007978353322803005,-0.004572225454629493,0.014320625666319066
34608,0.10786087065645408,-0.4261088741965907,9.473378201076335,0,11,Nissan March (Xiaomi Redmi Note 9S),0.8344842,-77.6499576,18.058484435990092,-34.03878438666811,53.33964597404158,Giro derecho agresivo,15.584291458129885,2022-02-02 20:08:08.096000-05:00,0.0014575716051978584,-0.010356672968428616,0.014640726107630692
34609,0.09425618118300425,0.5966432915052348,9.49297915361896,0,11,Nissan March (Xiaomi Redmi Note 9S),0.8344842,-77.6499576,18.200819560171457,-33.7456670486058,53.28063568068584,Giro derecho agresivo,15.584291458129885,2022-02-02 20:08:08.146000-05:00,0.015788195227545807,-0.01873597016557763,0.011862191110272183
34610,-0.2663431319103373,1.5553336041359973,8.612003037217514,0,11,Nissan March (Xiaomi Redmi Note 9S),0.8344842,-77.6499576,18.67025007552431,-33.574131807291174,53.56728297855066,Giro derecho agresivo,15.584291458129885,2022-02-02 20:08:08.196000-05:00,0.018637861168037912,-0.0032250810602724393,0.015471933332197641
34611,-0.09183879517945184,1.8662261071880017,9.338490574895943,0,11,Nissan March (Xiaomi Redmi Note 9S),0.8344842,-77.6499576,18.35376730604242,-33.771325965307845,53.70897182606046,Giro derecho agresivo,15.584291458129885,2022-02-02 20:08:08.246000-05:00,0.029248716428830986,-0.02401234540371381,0.014989969892755297
34612,-0.18561416929434438,1.5768274421762423,9.024379046028812,0,11,Nissan March (Xiaomi Redmi Note 9S),0.8344842,-77.6499576,17.971236785344338,-33.86471238219828,53.732720825875425,Giro derecho agresivo,15.584291458129885,2022-02-02 20:08:08.296000-05:00,0.03209024304522676,-0.028888437582813696,0.012710232640460698
34613,0.5010907773424915,1.3443918236282393,9.470945748478224,0,11,Nissan March (Xiaomi Redmi Note 9S),0.8344842,-77.6499576,17.755415184340155,-33.57611563269075,53.53380606765225,Giro derecho agresivo,15.584291458129885,2022-02-02 20:08:08.346000-05:00,0.030367456275021402,-0.023168254421610433,0.014987082691626777
34614,0.11795422040062636,0.6375681656088031,9.542716683127582,0,11,Nissan March (Xiaomi Redmi Note 9S),0.8344842,-77.6499576,17.579830601146305,-33.29376021456218,53.62532442486819,Giro derecho agresivo,15.584291458129885,2022-02-02 20:08:08.396000-05:00,0.02528430472274603,-0.014355060593843689,0.010390295579426747
34615,0.39526810896369285,1.02829905115155,9.320022078427623,0,11,Nissan March (Xiaomi Redmi Note 9S),0.8344842,-77.6499576,17.666523559438215,-33.41056409289991,53.8279497953372,Giro derecho agresivo,15.584291458129885,2022-02-02 20:08:08.446000-05:00,0.007432624080986914,-0.03708792686884867,0.018643176751365894
34616,0.08419011605924764,1.0450458654645163,9.706140580676408,0,11,Nissan March (Xiaomi Redmi Note 9S),0.8344842,-77.6499576,17.75924876229974,-33.3962825009543,53.83069938054444,Giro derecho agresivo,15.584291458129885,2022-02-02 20:08:08.495000-05:00,0.0024621518676464357,0.002121940152625436,0.011499354579064765
34617,-0.06444341412651738,1.0324007757272935,9.974799765782578,0,11,Nissan March (Xiaomi Redmi Note 9S),0.8344842,-77.6499576,17.884903031400594,-33.6649220837879,53.784337252461434,Giro derecho agresivo,15.584291458129885,2022-02-02 20:08:08.546000-05:00,0.012209934241781854,0.005853085129882212,0.01452700680911971
34618,0.001293484078605689,0.7708303283669813,9.691636660197354,0,11,Nissan March (Xiaomi Redmi Note 9S),0.8344842,-77.6499576,18.127531459571898,-33.62569851266082,53.87020913953851,Giro derecho agresivo,15.584291458129885,2022-02-02 20:08:08.596000-05:00,0.0073411888571418196,0.012126425317391623,0.015538192621825053
34619,0.2568915064167196,0.09763836131112258,9.705246262892812,0,11,Nissan March (Xiaomi Redmi Note 9S),0.8344842,-77.6499576,18.595499649359333,-33.63572495427706,53.915818838363265,Giro derecho agresivo,15.584291458129885,2022-02-02 20:08:08.646000-05:00,-0.009172710307559154,-0.011594875122518923,0.014731782300132642
34620,-0.35818618137074604,0.02869007680769893,8.87486437742313,0,11,Nissan March (Xiaomi Redmi Note 9S),0.8344842,-77.6499576,18.48715610886812,-34.05138193192172,54.20439210366731,Giro derecho agresivo,15.584291458129885,2022-02-02 20:08:08.696000-05:00,-0.0286768035018305,-0.012859796372396315,0.022464731687824764
34621,-0.03697366309138689,0.6326753118526512,9.685384457578744,0,11,Nissan March (Xiaomi Redmi Note 9S),0.8344842,-77.6499576,18.247043110174456,-33.859062880873864,53.84697329311159,Giro derecho agresivo,15.584291458129885,2022-02-02 20:08:08.746000-05:00,-0.043422784023197714,-0.009172787870338577,0.022769711441541017
34622,0.7644842767916074,-0.2728815497261503,9.800091260037238,0,11,Nissan March (Xiaomi Redmi Note 9S),0.8344842,-77.6499576,18.24422951740944,-33.87791359137414,54.02117361538265,Giro derecho agresivo,15.584291458129885,2022-02-02 20:08:08.795000-05:00,-0.053477192009387456,0.015985753362417057,0.01581228019724895
34623,0.6763797521712003,0.4018339940761865,9.457776671437683,0,11,Nissan March (Xiaomi Redmi Note 9S),0.8344164,-77.6499657,18.323956914505896,-33.80110589579726,54.019158771516906,Giro derecho agresivo,18.22683525085449,2022-02-02 20:08:08.846000-05:00,-0.06684017065225961,0.0618659270241656,0.016670174345612954
34624,-0.1153796225479854,0.05687813584950224,9.521187166968518,0,11,Nissan March (Xiaomi Redmi Note 9S),0.8344164,-77.6499657,18.39964243116584,-33.75768957531943,53.47256758288453,Giro derecho agresivo,18.22683525085449,2022-02-02 20:08:08.896000-05:00,-0.049343146935193274,0.032461383626428975,0.023516546209206922
34625,-0.3908431299399089,0.024299624202001102,9.184711583776549,0,11,Nissan March (Xiaomi Redmi Note 9S),0.8344164,-77.6499657,18.394606654984273,-33.735228840927924,53.380951381145074,Giro derecho agresivo,18.22683525085449,2022-02-02 20:08:08.946000-05:00,-0.0236318615434917,0.015489517201905865,0.010565844778279678
34626,-0.6279059596884579,-0.03142230265279964,9.18562926010948,0,11,Nissan March (Xiaomi Redmi Note 9S),0.8344164,-77.6499657,18.185522165650067,-33.97078144083366,53.55288088046273,Giro derecho agresivo,18.22683525085449,2022-02-02 20:08:08.995000-05:00,0.01331389734259942,0.013642506592404815,0.007564934621438368
34627,0.048839889984177876,0.3097399541583488,9.399458339980859,0,11,Nissan March (Xiaomi Redmi Note 9S),0.8344164,-77.6499657,18.171186243161472,-34.13365528637598,53.59730523651772,Giro derecho agresivo,18.22683525085449,2022-02-02 20:08:09.046000-05:00,0.04105977868767064,-0.014566078644802867,0.01017959530007121
34628,0.1313017028237518,-0.21981481759232563,9.730153493645954,0,11,Nissan March (Xiaomi Redmi Note 9S),0.8344164,-77.6499657,18.169104434246155,-34.15816186596577,53.604751369662786,Giro derecho agresivo,18.22683525085449,2022-02-02 20:08:09.096000-05:00,0.055261986422227856,-0.03424737887292352,0.012920752222575582
34629,0.43071089393990464,0.045238144909748756,9.94170392254686,0,11,Nissan March (Xiaomi Redmi Note 9S),0.8344164,-77.6499657,17.92839419229356,-34.0503456119064,53.69964543677189,Giro derecho agresivo,18.22683525085449,2022-02-02 20:08:09.145000-05:00,0.06487088997662788,-0.011331980990254144,0.015236468809682486
34630,0.16095134656204935,-0.12352220184812554,10.030707872445127,0,11,Nissan March (Xiaomi Redmi Note 9S),0.8344164,-77.6499657,17.89343915343195,-34.034123193860204,53.715550987715545,Giro derecho agresivo,18.22683525085449,2022-02-02 20:08:09.196000-05:00,0.03266632901730274,0.015390811331005769,0.015196830519730338
34631,0.11688954937624377,-0.018826519741110506,9.729965202335254,0,11,Nissan March (Xiaomi Redmi Note 9S),0.8344164,-77.6499657,17.69603644409469,-33.95203827029545,54.15521785012693,Giro derecho agresivo,18.22683525085449,2022-02-02 20:08:09.245000-05:00,0.006614531401548256,-0.011739240762983227,0.01935911653624949
34632,0.44151206570276536,0.12800809926764423,9.557820861161696,0,11,Nissan March (Xiaomi Redmi Note 9S),0.8344164,-77.6499657,17.667370362750173,-33.93968747999046,54.22891206401578,Giro derecho agresivo,18.22683525085449,2022-02-02 20:08:09.296000-05:00,-0.007681841657493952,0.010082344002711442,0.01004680738556334
34633,0.11869049888042099,0.3729850052568022,9.536299507117075,0,11,Nissan March (Xiaomi Redmi Note 9S),0.8344164,-77.6499657,17.87156079468999,-33.890044656055316,54.428553038188305,Giro derecho agresivo,18.22683525085449,2022-02-02 20:08:09.346000-05:00,-0.019134176266985103,0.0007490959391709979,0.017333068774631883
34634,0.08805383097018869,0.07221788878709196,9.794975165641707,0,11,Nissan March (Xiaomi Redmi Note 9S),0.8344164,-77.6499657,17.901212563662213,-33.882575219745405,54.46201561158071,Giro derecho agresivo,18.22683525085449,2022-02-02 20:08:09.396000-05:00,-0.03312452032912407,-0.01620802803900037,0.02279000737139366
34635,-0.04561354595927734,0.7755100651743492,9.556734788564679,0,11,Nissan March (Xiaomi Redmi Note 9S),0.8344164,-77.6499657,17.61702929309511,-33.769947740310954,54.32715858531517,Giro derecho agresivo,18.22683525085449,2022-02-02 20:08:09.450000-05:00,-0.036590971367705956,-0.01041797827349783,0.017488161044628366
34636,0.26237185337239444,-0.05257266477561151,9.745996445853729,0,11,Nissan March (Xiaomi Redmi Note 9S),0.8344164,-77.6499657,17.575761264007888,-33.753001408138545,54.30455469271448,Giro derecho agresivo,18.22683525085449,2022-02-02 20:08:09.496000-05:00,-0.03098745169396159,0.00768529340523752,0.0201469426102857
34637,-0.1539581560407714,0.03197772478504829,9.546102976659437,0,11,Nissan March (Xiaomi Redmi Note 9S),0.8344164,-77.6499657,17.810176405013667,-33.89381152397288,54.12908694148185,Giro derecho agresivo,18.22683525085449,2022-02-02 20:08:09.545000-05:00,-0.030378273960959698,-0.019093201213766935,0.01761402449178271
34638,0.16697075384898213,0.08223214390021022,9.28413044941282,0,11,Nissan March (Xiaomi Redmi Note 9S),0.8344164,-77.6499657,17.844217292917477,-33.91499831611407,54.09967613276405,Giro derecho agresivo,18.22683525085449,2022-02-02 20:08:09.596000-05:00,-0.018759556971804495,-0.04658868319227056,0.023617334036177533
34639,0.12414854175738796,0.3533707556794331,9.301236925164998,0,11,Nissan March (Xiaomi Redmi Note 9S),0.8344164,-77.6499657,17.736969889873468,-33.80668579572151,53.59531282466638,Giro derecho agresivo,18.22683525085449,2022-02-02 20:08:09.647000-05:00,-0.017047171355938286,0.0002855061479565893,0.020521999682801884
34640,-0.006949515958978969,-0.6507842624434858,9.62656752999529,0,11,Nissan March (Xiaomi Redmi Note 9S),0.8344164,-77.6499657,17.72139582409712,-33.790388707673195,53.51077459656162,Giro derecho agresivo,18.22683525085449,2022-02-02 20:08:09.696000-05:00,-0.004169765607272948,0.025986247547290908,0.01902647043698045
34641,-0.22047823119799967,-1.0462607317799302,9.003453363063521,0,11,Nissan March (Xiaomi Redmi Note 9S),0.8344164,-77.6499657,17.6870811303565,-33.74014886898323,53.23128298130458,Giro derecho agresivo,18.22683525085449,2022-02-02 20:08:09.748000-05:00,0.00601380340626816,-0.00692012617594567,0.01801623327582275
34642,-0.7016061379240283,-0.3744277457988403,9.259112940676506,0,11,Nissan March (Xiaomi Redmi Note 9S),0.8343037,-77.6499776,17.682098079184694,-33.732589603704426,53.18443634209705,Giro derecho agresivo,27.29042053222656,2022-02-02 20:08:09.795000-05:00,0.014521840359923587,-0.05217187116954279,0.02550182870400865
34643,0.06507972904923764,-0.7270994192699253,9.540633449018873,0,11,Nissan March (Xiaomi Redmi Note 9S),0.8343037,-77.6499776,17.52110250619802,-33.699595889705535,53.23901380438935,Giro derecho agresivo,27.29042053222656,2022-02-02 20:08:09.846000-05:00,0.017780465611471424,-0.04028574625875802,0.021000890612004407
34644,-0.7005857632475256,-0.9444506263236021,9.728644594284578,0,11,Nissan March (Xiaomi Redmi Note 9S),0.8343037,-77.6499776,17.497723332696108,-33.69463153784545,53.248161737798796,Giro derecho agresivo,27.29042053222656,2022-02-02 20:08:09.896000-05:00,0.03214858270893588,-0.0539559033310658,0.023346049862170835
34645,-0.11922655753970224,-0.4170775834787894,9.611288172779423,0,11,Nissan March (Xiaomi Redmi Note 9S),0.8343037,-77.6499776,17.446245406583834,-33.50273694165194,53.39015769582301,Giro derecho agresivo,27.29042053222656,2022-02-02 20:08:09.947000-05:00,0.04498385225640451,0.004669285282298645,0.018120646306631863
34646,0.07938234200455388,-0.25522485941330764,9.785003595357841,0,11,Nissan March (Xiaomi Redmi Note 9S),0.8343037,-77.6499776,17.438769975155683,-33.47386379643449,53.413958171584575,Giro derecho agresivo,27.29042053222656,2022-02-02 20:08:09.995000-05:00,0.04246025483376996,-0.016870989319252808,0.026924939042145844
34647,-0.07175795258290116,-0.26652210735968607,10.359614776069682,0,11,Nissan March (Xiaomi Redmi Note 9S),0.8343037,-77.6499776,17.50179385437016,-33.48545084076584,53.854951507294025,Giro derecho agresivo,27.29042053222656,2022-02-02 20:08:10.046000-05:00,0.05498347310637207,0.0002748478927990759,0.03005949106487772
34648,0.3540284781102123,0.15785497090858663,9.738859741075172,0,11,Nissan March (Xiaomi Redmi Note 9S),0.8343037,-77.6499776,17.510945945819536,-33.48719426877401,53.92886805635367,Giro derecho agresivo,27.29042053222656,2022-02-02 20:08:10.095000-05:00,0.049730898421421796,0.04052072572364736,0.014220340286114082
34649,0.17121372773839372,0.16923805166034103,10.306862230778576,1,11,Nissan March (Xiaomi Redmi Note 9S),0.8343037,-77.6499776,17.496248435077085,-33.53524107115334,54.05050691121675,Giro derecho agresivo,27.29042053222656,2022-02-02 20:08:10.146000-05:00,0.034091895339344716,0.017685883770518204,0.019341190486396393
34650,-0.07232502020844159,-0.2285308636863744,9.936834634937595,1,11,Nissan March (Xiaomi Redmi Note 9S),0.8343037,-77.6499776,17.494114117671213,-33.542470364368725,54.0708952564705,Giro derecho agresivo,27.29042053222656,2022-02-02 20:08:10.195000-05:00,0.012418875533225422,-0.0016515295409064087,0.015978166226412467
34651,0.534614438674847,0.04887210650529175,9.73041731244218,1,11,Nissan March (Xiaomi Redmi Note 9S),0.8343037,-77.6499776,17.97462003903367,-33.84620611240288,53.98066980611412,Giro derecho agresivo,27.29042053222656,2022-02-02 20:08:10.246000-05:00,0.002058357186202602,-0.0004336981598720049,0.01245342264328015
34652,0.7793409135290016,-3.4295638880516393,9.618235928213656,1,11,Nissan March (Xiaomi Redmi Note 9S),0.8343037,-77.6499776,18.044397307413334,-33.891907276139015,53.96554677955643,Giro derecho agresivo,27.29042053222656,2022-02-02 20:08:10.295000-05:00,-0.01566375253298503,-0.01585681424967948,0.006003986132967443
34653,0.9192060565783426,-4.018829040795039,10.086640624108492,1,11,Nissan March (Xiaomi Redmi Note 9S),0.8343037,-77.6499776,18.070556643866922,-34.105859438304996,53.96301195228363,Giro derecho agresivo,27.29042053222656,2022-02-02 20:08:10.345000-05:00,-0.07526656155921765,-0.14369130757648815,-0.02749165138197771
34654,1.9492388322529561,-6.699156570129943,10.691944596358583,1,11,Nissan March (Xiaomi Redmi Note 9S),0.8343037,-77.6499776,18.074355404629703,-34.138051443553415,53.9625870803654,Giro derecho agresivo,27.29042053222656,2022-02-02 20:08:10.396000-05:00,-0.09428366943055007,-0.18429417534065806,-0.0376523960530854
34655,1.8699444355499077,-6.3503328350919075,10.354210413954425,1,11,Nissan March (Xiaomi Redmi Note 9S),0.8343037,-77.6499776,18.603804165178712,-34.142895167456096,53.790836838078185,Giro derecho agresivo,27.29042053222656,2022-02-02 20:08:10.447000-05:00,-0.1468647653277047,-0.1985534034614659,-0.09212500834059661
34656,2.1021651896043734,-6.483103520949755,10.879491081962872,1,11,Nissan March (Xiaomi Redmi Note 9S),0.8343037,-77.6499776,18.68068872916776,-34.143623971426656,53.76204913499509,Giro derecho agresivo,27.29042053222656,2022-02-02 20:08:10.496000-05:00,-0.2003626229060762,-0.23506572910604037,-0.14723819222267634
34657,2.4635512009967115,-6.060219132168139,10.201155306354426,1,11,Nissan March (Xiaomi Redmi Note 9S),0.8343037,-77.6499776,19.04445223991921,-34.000373708469226,53.41386586415596,Giro derecho agresivo,27.29042053222656,2022-02-02 20:08:10.546000-05:00,-0.18043873197768048,-0.1267254316894761,-0.21024498661440322
34658,2.814511940717952,-7.826294749050976,10.319995836208875,1,11,Nissan March (Xiaomi Redmi Note 9S),0.8343037,-77.6499776,19.097276613122478,-33.978819763090605,53.35550555859868,Giro derecho agresivo,27.29042053222656,2022-02-02 20:08:10.596000-05:00,-0.10898106846968232,-0.002906474591605257,-0.25913454854233314
34659,2.27420420561615,-8.025282287220449,10.070768961612771,1,11,Nissan March (Xiaomi Redmi Note 9S),0.8343037,-77.6499776,19.13700228721879,-33.57735647611889,53.220864361797965,Giro derecho agresivo,27.29042053222656,2022-02-02 20:08:10.647000-05:00,-0.04030276700668392,0.07467372260735079,-0.2820352953794133
34660,2.1032285474690777,-6.366114338700167,10.05454217012687,1,11,Nissan March (Xiaomi Redmi Note 9S),0.8343037,-77.6499776,19.142771100670917,-33.51695087838899,53.198296645184385,Giro derecho agresivo,27.29042053222656,2022-02-02 20:08:10.696000-05:00,0.00010657095811639206,0.05651896139688593,-0.27516051996532714
34661,2.6211419429771587,-5.146808883649452,9.451863572908406,1,11,Nissan March (Xiaomi Redmi Note 9S),0.8343037,-77.6499776,19.576343425246737,-33.18928587396218,53.08526456095776,Giro derecho agresivo,27.29042053222656,2022-02-02 20:08:10.746000-05:00,0.030317598903641208,0.038577176895473936,-0.2584186215431786
34662,2.6867524450955065,-4.659662870568144,9.431479680706689,1,11,Nissan March (Xiaomi Redmi Note 9S),0.8341948,-77.6499797,19.639305172665246,-33.13998422898022,53.06631882885138,Giro derecho agresivo,25.33401298522949,2022-02-02 20:08:10.797000-05:00,0.047029064274140275,-0.005919421557077441,-0.23460204216362243
34663,3.8865441156282396,-4.077135469203324,9.475691366467526,1,11,Nissan March (Xiaomi Redmi Note 9S),0.8341948,-77.6499797,20.177345360321574,-33.068850246968765,53.000713660133194,Giro derecho agresivo,25.33401298522949,2022-02-02 20:08:10.846000-05:00,0.046830253371428175,-0.07193445088109404,-0.2557626969117295
34664,3.873664719184804,-1.6859176482682212,9.53517840713258,1,11,Nissan March (Xiaomi Redmi Note 9S),0.8341948,-77.6499797,20.255477539144024,-33.058147174379684,52.98971733143738,Giro derecho agresivo,25.33401298522949,2022-02-02 20:08:10.896000-05:00,0.0462228051686339,-0.16504632291780114,-0.3273009283240741
34665,3.818453799460338,-2.190153408303618,9.813011676422356,1,11,Nissan March (Xiaomi Redmi Note 9S),0.8341948,-77.6499797,20.811747263121163,-33.12025263261545,53.19076643745538,Giro derecho agresivo,25.33401298522949,2022-02-02 20:08:10.947000-05:00,0.04140484796826314,-0.2576785389111891,-0.4521535531892048
34666,4.079083449513042,-2.3084130570630275,10.260357958449243,1,11,Nissan March (Xiaomi Redmi Note 9S),0.8341948,-77.6499797,20.89252666686165,-33.12959724132256,53.22446503311436,Giro derecho agresivo,25.33401298522949,2022-02-02 20:08:10.996000-05:00,0.023637780729896377,-0.2621135003004153,-0.5811197198450063
34667,4.653198985767374,-2.5757220836900885,10.302575400418046,1,11,Nissan March (Xiaomi Redmi Note 9S),0.8341948,-77.6499797,21.785752890392622,-32.748711220974066,52.90236193248992,Giro derecho agresivo,25.33401298522949,2022-02-02 20:08:11.046000-05:00,-0.016032091673132423,-0.20682446610885488,-0.6699617077587725
34668,4.520508264281754,-2.691370065297174,10.358919905333435,1,11,Nissan March (Xiaomi Redmi Note 9S),0.8341948,-77.6499797,21.91546385367554,-32.69140175215647,52.84837302220113,Giro derecho agresivo,25.33401298522949,2022-02-02 20:08:11.096000-05:00,-0.05697818704871648,-0.122843676014006,-0.7098982187120643
34669,3.7984468594718237,-3.2384950381760174,9.942882947686138,1,11,Nissan March (Xiaomi Redmi Note 9S),0.8341948,-77.6499797,22.703606672040127,-31.95005261847816,52.168214233593105,Giro derecho agresivo,25.33401298522949,2022-02-02 20:08:11.146000-05:00,-0.09524871505083399,-0.07781559832472715,-0.7220127721571282
34670,3.325881581471841,-3.238756180744834,9.586127882710551,1,11,Nissan March (Xiaomi Redmi Note 9S),0.8341948,-77.6499797,22.818057817205194,-31.838506584258763,52.05421026483559,Giro derecho agresivo,25.33401298522949,2022-02-02 20:08:11.196000-05:00,-0.12006251094177336,-0.04207040828936933,-0.7337579925079458
34671,2.8473260653406776,-3.122981314993207,9.602166710234755,1,11,Nissan March (Xiaomi Redmi Note 9S),0.8341948,-77.6499797,23.55590177180516,-30.850066321816175,51.58249097589623,Giro derecho agresivo,25.33401298522949,2022-02-02 20:08:11.245000-05:00,-0.12816104125118385,0.00381042052923327,-0.7368570701226149
34672,2.6697179359358234,-3.0050611018272724,9.737688751064226,1,11,Nissan March (Xiaomi Redmi Note 9S),0.8341948,-77.6499797,23.663048704555646,-30.701342075264222,51.50342433443061,Giro derecho agresivo,25.33401298522949,2022-02-02 20:08:11.296000-05:00,-0.11823260658809832,0.03491993388974644,-0.7190591474630189
34673,2.1777474716179865,-2.939498270223398,9.620057212620686,1,11,Nissan March (Xiaomi Redmi Note 9S),0.8341948,-77.6499797,24.608185181611173,-29.42058800361747,50.97513141870577,Giro derecho agresivo,25.33401298522949,2022-02-02 20:08:11.345000-05:00,-0.09756559491840079,0.08414404342271145,-0.6772045700594257
34674,1.741783771634396,-2.855607012705371,9.668023399634155,1,11,Nissan March (Xiaomi Redmi Note 9S),0.8341948,-77.6499797,24.745434357288165,-29.227881178975075,50.88658225920381,Giro derecho agresivo,25.33401298522949,2022-02-02 20:08:11.396000-05:00,-0.08117919944932322,0.09269142823880858,-0.6296295121440125
34675,0.9937822377294725,-3.0530076516030342,9.769082080710206,1,11,Nissan March (Xiaomi Redmi Note 9S),0.8341948,-77.6499797,25.66288745253193,-28.338731155645302,50.40352293940632,Giro derecho agresivo,25.33401298522949,2022-02-02 20:08:11.445000-05:00,-0.07005737683806985,0.07896029607771175,-0.5882967363157826
34676,0.7585670104541689,-3.0306062713264716,9.96757543268612,1,11,Nissan March (Xiaomi Redmi Note 9S),0.8341948,-77.6499797,25.796116551293203,-28.20494647252789,50.32255555278338,Giro derecho agresivo,25.33401298522949,2022-02-02 20:08:11.496000-05:00,-0.06369805123848897,0.06969247645145901,-0.5687086708205321
34677,0.9408446241269903,-2.838301831998942,9.900180265593526,1,11,Nissan March (Xiaomi Redmi Note 9S),0.8341948,-77.6499797,26.809150016048598,-27.452090605404166,49.93440985987863,Giro derecho agresivo,25.33401298522949,2022-02-02 20:08:11.547000-05:00,-0.04997266193426922,0.04784960891565705,-0.5420807010016945
34678,0.510291881063541,-2.7140657170268563,9.97378743703508,1,11,Nissan March (Xiaomi Redmi Note 9S),0.8341948,-77.6499797,26.956258937718875,-27.33881322703888,49.86935130268813,Giro derecho agresivo,25.33401298522949,2022-02-02 20:08:11.596000-05:00,-0.0386118357757068,0.028736404619693994,-0.5106270862440795
34679,0.6127772197282546,-2.6891130113453134,10.039756786029,1,11,Nissan March (Xiaomi Redmi Note 9S),0.8341948,-77.6499797,27.795009482191066,-26.493472381784006,49.21855030304879,Giro derecho agresivo,25.33401298522949,2022-02-02 20:08:11.645000-05:00,-0.042693909628644465,0.036113179799882225,-0.473720873948999
34680,0.5176222088368208,-2.5220367275704367,10.076628691329928,1,11,Nissan March (Xiaomi Redmi Note 9S),0.8341948,-77.6499797,27.916809691602168,-26.36627938381826,49.10946710354756,Giro derecho agresivo,25.33401298522949,2022-02-02 20:08:11.696000-05:00,-0.045719070465844114,0.05917264592452655,-0.44072635394799853
34681,0.12893407310217164,-2.6263350497684073,10.11457363530324,1,11,Nissan March (Xiaomi Redmi Note 9S),0.8341948,-77.6499797,28.735856826247737,-25.455127243751182,48.3576441508162,Giro derecho agresivo,25.33401298522949,2022-02-02 20:08:11.746000-05:00,-0.040428098362241344,0.04687069528128563,-0.3948185664717572
34682,-0.40117747184336516,-2.498570702093361,10.12559768954909,1,11,Nissan March (Xiaomi Redmi Note 9S),0.8341948,-77.6499797,28.854795780356163,-25.318032043692444,48.23162828238968,Giro derecho agresivo,25.33401298522949,2022-02-02 20:08:11.796000-05:00,-0.03601985822524809,0.030242714739180273,-0.3578875665471038
34683,-0.368681685657192,-2.6293355613950653,10.096171257029125,1,11,Nissan March (Xiaomi Redmi Note 9S),0.8341147,-77.6499931,29.465072571066187,-24.373533662998774,47.64864303404048,Giro derecho agresivo,20.90655517578125,2022-02-02 20:08:11.845000-05:00,-0.03397866164119348,0.0271420050661205,-0.3358315062075646
34684,-0.2202821846092651,-2.507183814058093,10.074417998144845,1,11,Nissan March (Xiaomi Redmi Note 9S),0.8341147,-77.6499931,29.553694678553452,-24.231421068666485,47.55092668728135,Giro derecho agresivo,20.90655517578125,2022-02-02 20:08:11.896000-05:00,-0.03332738938977196,0.02470336870809797,-0.3082693531337513
34685,-0.29242601065609175,-2.554781495055675,10.002937545833733,1,11,Nissan March (Xiaomi Redmi Note 9S),0.8341147,-77.6499931,29.871081411545838,-22.935733649794315,47.05072421377431,Giro derecho agresivo,20.90655517578125,2022-02-02 20:08:11.946000-05:00,-0.02622871268362529,0.004211833425557081,-0.2756975003947404
34686,-0.31149382892176114,-2.184565123839582,9.931824062176373,1,11,Nissan March (Xiaomi Redmi Note 9S),0.8341147,-77.6499931,29.917171122959502,-22.740779900477776,46.96688339878045,Giro derecho agresivo,20.90655517578125,2022-02-02 20:08:11.996000-05:00,-0.023057087366795462,0.002791551191546948,-0.24373952631914167
34687,-0.5078354036577867,-2.0524744882348767,9.91898435138177,1,11,Nissan March (Xiaomi Redmi Note 9S),0.8341147,-77.6499931,30.212353287337052,-21.803504076140594,46.453400048231494,Giro derecho agresivo,20.90655517578125,2022-02-02 20:08:12.046000-05:00,-0.019869069204078826,0.001704408841343506,-0.21771904139161508
34688,-0.5559934209309111,-1.724918195793895,9.86222363753084,1,11,Nissan March (Xiaomi Redmi Note 9S),0.8341147,-77.6499931,30.255218534546202,-21.66247821339251,46.36733317556299,Giro derecho agresivo,20.90655517578125,2022-02-02 20:08:12.096000-05:00,-0.021299961782213408,0.0012682484269640898,-0.19479832454099327
34689,-0.5366247647699657,-1.627139150043345,9.841105674050327,1,11,Nissan March (Xiaomi Redmi Note 9S),0.8341147,-77.6499931,30.165280745396252,-20.860746712213828,46.040762342065015,Giro derecho agresivo,20.90655517578125,2022-02-02 20:08:12.145000-05:00,-0.01785772295754376,0.00040282181930735843,-0.17439488001746117
34690,-0.4965980463660943,-1.5152915236463107,9.883778012737038,1,11,Nissan March (Xiaomi Redmi Note 9S),0.8341147,-77.6499931,30.152220316852116,-20.740115331663716,45.98602457829163,Giro derecho agresivo,20.90655517578125,2022-02-02 20:08:12.196000-05:00,-0.014402022452190594,-0.00559633857935067,-0.1522504542703554
34691,-0.5898627266535604,-1.495504359248976,9.899061171914285,1,11,Nissan March (Xiaomi Redmi Note 9S),0.8341147,-77.6499931,30.134295556865137,-19.87773819665964,45.57106211691703,Giro derecho agresivo,20.90655517578125,2022-02-02 20:08:12.245000-05:00,-0.008403282890177253,-0.011499707477495957,-0.12920685285853745
34692,-0.6371952463530229,-1.4614859306971284,9.965256097136718,1,11,Nissan March (Xiaomi Redmi Note 9S),0.8341147,-77.6499931,30.131692590423626,-19.74798185778877,45.50150870045834,Giro derecho agresivo,20.90655517578125,2022-02-02 20:08:12.296000-05:00,-0.005491937569170228,-0.010648889776858635,-0.11423911093463647
34693,-0.5314941310279809,-1.5521189042777497,9.958963624294647,1,11,Nissan March (Xiaomi Redmi Note 9S),0.8341147,-77.6499931,30.339669440564027,-19.61695627529605,45.177705749368634,Giro derecho agresivo,20.90655517578125,2022-02-02 20:08:12.346000-05:00,-0.004653701568270109,-0.010923822400884796,-0.09754683822533053
34694,-0.5287957907129298,-1.5294947504152618,9.961162941138634,1,11,Nissan March (Xiaomi Redmi Note 9S),0.8341147,-77.6499931,30.369871058991237,-19.597241698931967,45.12343192075992,Giro derecho agresivo,20.90655517578125,2022-02-02 20:08:12.396000-05:00,-0.005292945091630104,-0.015281643276558853,-0.07810513569239223
34695,-0.527517442328835,-1.5232189011776405,9.962457804580131,1,11,Nissan March (Xiaomi Redmi Note 9S),0.8341147,-77.6499931,30.48644588757497,-19.148269069634644,44.880226249209976,Giro derecho agresivo,20.90655517578125,2022-02-02 20:08:12.446000-05:00,-0.005496904657267979,-0.0166657769336821,-0.07220758633777333
34696,-0.593020577570904,-1.5720530895960805,9.98917384765315,1,11,Nissan March (Xiaomi Redmi Note 9S),0.8341147,-77.6499931,30.50337444711766,-19.08071504684556,44.83946163329172,Giro derecho agresivo,20.90655517578125,2022-02-02 20:08:12.497000-05:00,-0.00438327803066276,-0.010290783825600485,-0.05585488915354006
34697,-0.5990260351107142,-1.615641985147475,9.985345680791257,1,11,Nissan March (Xiaomi Redmi Note 9S),0.8341147,-77.6499931,30.922540805030895,-18.863476445943835,44.64534011269551,Giro derecho agresivo,20.90655517578125,2022-02-02 20:08:12.546000-05:00,-0.0037559515603876174,-0.0018147787211295272,-0.03781486940465812
34698,-0.629573846795367,-1.7472548518779427,9.979770740347153,1,11,Nissan March (Xiaomi Redmi Note 9S),0.8341147,-77.6499931,30.983410571981747,-18.830789951404174,44.61280267564422,Giro derecho agresivo,20.90655517578125,2022-02-02 20:08:12.596000-05:00,-0.003737133306760893,0.0030580541326727714,-0.016943947669719888
34699,-0.5850203186032997,-1.2239795138448764,9.892353905808772,1,11,Nissan March (Xiaomi Redmi Note 9S),0.8341147,-77.6499931,31.00827639447399,-18.714369843829484,44.88828058133983,Giro derecho agresivo,20.90655517578125,2022-02-02 20:08:12.645000-05:00,-0.002824434506278888,0.0007895777021501077,0.0020028412960798603
34700,-0.5001652043296836,-0.4124873037005854,9.800295165759561,0,11,Nissan March (Xiaomi Redmi Note 9S),0.8341147,-77.6499931,31.011887315988968,-18.696852859303018,44.93445446761509,Giro derecho agresivo,20.90655517578125,2022-02-02 20:08:12.696000-05:00,0.007168405471351507,-0.015649999713974638,0.007193686215340913
34701,-0.35844062539088406,0.25590599453282403,9.712268778956892,0,11,Nissan March (Xiaomi Redmi Note 9S),0.8341147,-77.6499931,30.932275703984228,-18.646431091001098,45.16069587038498,Giro derecho agresivo,20.90655517578125,2022-02-02 20:08:12.745000-05:00,0.018607679901989756,-0.035681995494078224,0.0045939945899620875
34702,-0.3031032188767163,0.48238088294350473,9.628092678668102,0,11,Nissan March (Xiaomi Redmi Note 9S),0.8341147,-77.6499931,30.920714804170046,-18.638844451944134,45.19861704150712,Giro derecho agresivo,20.90655517578125,2022-02-02 20:08:12.796000-05:00,0.028695071864541906,-0.04676937482684966,-0.002873505721654044
34703,-0.2321848160480575,0.5024098039836108,9.661929844413194,0,11,Nissan March (Xiaomi Redmi Note 9S),0.8340946,-77.6500098,30.870954713824055,-18.621774779183752,45.329829182928584,Giro derecho agresivo,2.9803214073181152,2022-02-02 20:08:12.846000-05:00,0.03345497327697993,-0.03575309265496864,-0.0006861396001852432
34704,-0.27351023240111527,0.22050897781832007,9.737941807832966,0,11,Nissan March (Xiaomi Redmi Note 9S),0.8340946,-77.6500098,30.591266093928553,-18.68292067569302,45.33621553566507,Giro derecho agresivo,2.9803214073181152,2022-02-02 20:08:12.896000-05:00,0.02762946220199062,-0.01907915731350417,0.005635897045899502
34705,-0.1418251848870823,0.09735515478417708,9.742348839729946,0,11,Nissan March (Xiaomi Redmi Note 9S),0.8340946,-77.6500098,30.358324091512667,-19.122199049163946,44.88467532061286,Giro derecho agresivo,2.9803214073181152,2022-02-02 20:08:12.945000-05:00,0.0041007543480335445,-0.005333040210335073,0.00022542380161446208
34706,-0.1828518974193858,0.09950306768740108,9.67298651709905,0,11,Nissan March (Xiaomi Redmi Note 9S),0.8340946,-77.6500098,30.46874253710025,-19.4590845020992,44.621705334562556,Giro derecho agresivo,2.9803214073181152,2022-02-02 20:08:12.996000-05:00,-0.003678416550540551,0.0012136889082934475,-0.0029927794040807702
34707,-0.2463609333529901,0.17985194982341163,9.64494107526837,0,11,Nissan March (Xiaomi Redmi Note 9S),0.8340946,-77.6500098,30.58093960942443,-19.47791554829108,44.562021340642154,Giro derecho agresivo,2.9803214073181152,2022-02-02 20:08:13.046000-05:00,-0.0018990056903743502,0.003293064902783107,-0.0009078456073047321
34708,-0.3471219830515748,0.19868227143370254,9.637285596527711,0,11,Nissan March (Xiaomi Redmi Note 9S),0.8340946,-77.6500098,30.581205904466707,-19.369246953600513,45.06705456601843,Giro derecho agresivo,2.9803214073181152,2022-02-02 20:08:13.095000-05:00,0.0008448068655168583,0.007678844306582513,0.0008377586564311992
34709,-0.32544369190813016,0.25923580001513413,9.670294659910969,0,11,Nissan March (Xiaomi Redmi Note 9S),0.8340946,-77.6500098,30.66138055132337,-19.193608207947136,45.073668871033185,Giro derecho agresivo,2.9803214073181152,2022-02-02 20:08:13.146000-05:00,0.0008135640913329245,0.004892223250111906,0.0009034673135113891
34710,-0.3013221636926591,0.20514146779316922,9.689728980859263,0,11,Nissan March (Xiaomi Redmi Note 9S),0.8340946,-77.6500098,30.801240449256117,-19.310540897370142,44.93431170568162,Giro derecho agresivo,2.9803214073181152,2022-02-02 20:08:13.196000-05:00,0.000259578975184061,-0.002989210996915225,-0.0004680370023314916
34711,-0.22441535468870671,0.19013591772052119,9.696250637576492,0,11,Nissan March (Xiaomi Redmi Note 9S),0.8340946,-77.6500098,30.901686355757935,-19.18477508538764,44.38030983711305,Giro derecho agresivo,2.9803214073181152,2022-02-02 20:08:13.245000-05:00,-0.0012772193293195404,-0.0016763280513924902,-0.0006985515148233699
34712,-0.23583064620875174,0.16155045191873088,9.716818857413609,0,11,Nissan March (Xiaomi Redmi Note 9S),0.8340946,-77.6500098,30.756000780728662,-18.799489649710832,44.50595035247323,Giro derecho agresivo,2.9803214073181152,2022-02-02 20:08:13.296000-05:00,-0.00013550631179643988,0.0009213498429057416,0.0007157221035275036
34713,-0.2790151097314672,0.19187648515651234,9.748609118740623,0,11,Nissan March (Xiaomi Redmi Note 9S),0.8340946,-77.6500098,30.33416498528453,-18.63001624812518,44.74551145536491,Giro derecho agresivo,2.9803214073181152,2022-02-02 20:08:13.345000-05:00,0.0006821203846149967,0.001473840915989138,0.0011447353780094467
34714,-0.2805856740892244,0.2365990925578791,9.719969488665287,0,11,Nissan March (Xiaomi Redmi Note 9S),0.8340946,-77.6500098,30.14469033631543,-18.381514334062096,45.11341664023502,Giro derecho agresivo,2.9803214073181152,2022-02-02 20:08:13.395000-05:00,0.00021764002649185343,0.0002863989585005929,-0.0004876118925850319
34715,-0.2876258216427831,0.0776115431762869,9.579980663173199,0,11,Nissan March (Xiaomi Redmi Note 9S),0.8340946,-77.6500098,29.90882232537623,-19.076848376221644,45.4716208446001,Giro derecho agresivo,2.9803214073181152,2022-02-02 20:08:13.446000-05:00,6.944108723287856e-05,-9.075706193496043e-05,-0.000982776787526641
34716,-0.30607169434249537,0.18069559893019738,9.573454668932193,0,11,Nissan March (Xiaomi Redmi Note 9S),0.8340946,-77.6500098,30.066897126795595,-19.11775493498313,45.484840975373686,Giro derecho agresivo,2.9803214073181152,2022-02-02 20:08:13.495000-05:00,0.007638389492049028,-0.02029097094817803,0.00016569148302484444
34717,-0.31984733085524303,0.17816757271031372,9.571580853912755,0,11,Nissan March (Xiaomi Redmi Note 9S),0.8340946,-77.6500098,29.913552030302885,-19.49027376518407,45.42462724772522,Giro derecho agresivo,2.9803214073181152,2022-02-02 20:08:13.546000-05:00,0.0031624903117632467,-0.0070808617176465055,0.0005140739508831036
34718,-0.27852345172974674,0.18956973768311708,9.639482598503383,0,11,Nissan March (Xiaomi Redmi Note 9S),0.8340946,-77.6500098,29.939365090133425,-19.387036195339153,45.46135441979714,Giro derecho agresivo,2.9803214073181152,2022-02-02 20:08:13.596000-05:00,0.0002836810967687168,-0.0015221344305578251,-0.00012234541783355654
34719,-0.2765751284775976,0.14756085603362182,9.621279368122627,0,11,Nissan March (Xiaomi Redmi Note 9S),0.8340946,-77.6500098,30.295712188529087,-19.355572922089994,45.342654367505205,Giro derecho agresivo,2.9803214073181152,2022-02-02 20:08:13.646000-05:00,-0.0006348431519532093,0.00024343183486118247,-0.00031540025091121603
34720,-0.2517270038757862,0.22776425032886816,9.67169497988481,0,11,Nissan March (Xiaomi Redmi Note 9S),0.8340946,-77.6500098,30.84430361059009,-19.23933686475254,45.13546979574762,Giro derecho agresivo,2.9803214073181152,2022-02-02 20:08:13.696000-05:00,-0.00011188612022319973,0.000622488772269517,-0.00046672497707248896
34721,-0.2764723581441008,0.2206182451035058,9.631388554366104,0,11,Nissan March (Xiaomi Redmi Note 9S),0.8340946,-77.6500098,30.84383202362491,-19.381135654477532,44.804207752201656,Giro derecho agresivo,2.9803214073181152,2022-02-02 20:08:13.745000-05:00,0.00032697895424235247,0.001924086332957705,4.394605989871273e-05
34722,-0.280640253835181,0.20134538337553162,9.638162535918635,0,11,Nissan March (Xiaomi Redmi Note 9S),0.8340946,-77.6500098,30.491164918908083,-19.5299029674247,45.01400552247339,Giro derecho agresivo,2.9803214073181152,2022-02-02 20:08:13.796000-05:00,0.0004670049798345102,0.000338544540800673,0.0004771430473077154
34723,-0.24609759845359727,0.18389573981684904,9.693443567261191,0,11,Nissan March (Xiaomi Redmi Note 9S),0.8341035,-77.6499996,30.087353301560523,-19.60007312816445,44.658989462397706,Giro derecho agresivo,2.426279306411743,2022-02-02 20:08:13.845000-05:00,0.000239673900560566,-0.00016505618578049994,0.0005157888963916098
34724,-0.2322513266333004,0.2153655667331486,9.687490377692248,0,11,Nissan March (Xiaomi Redmi Note 9S),0.8341035,-77.6499996,30.028713292466378,-19.65841728111462,44.693126704845994,Giro derecho agresivo,2.426279306411743,2022-02-02 20:08:13.896000-05:00,0.0003484796387520922,0.0007653294485438154,-0.00040011253890334816
34725,-0.2936891892752962,0.14434211033899208,9.650528298894772,0,11,Nissan March (Xiaomi Redmi Note 9S),0.8341035,-77.6499996,30.24457919651731,-19.65126779042129,45.026600025039386,Giro derecho agresivo,2.426279306411743,2022-02-02 20:08:13.946000-05:00,0.0004738650732312702,0.0007882542025796149,6.41526308545454e-05
34726,-0.27242699421207034,0.15403459339632722,9.67120293879606,0,11,Nissan March (Xiaomi Redmi Note 9S),0.8341035,-77.6499996,30.275926433775638,-19.554618231502136,45.51949878911786,Giro derecho agresivo,2.426279306411743,2022-02-02 20:08:13.996000-05:00,0.0004232016001152297,-0.00020394238519712304,0.00039051018893835454
34727,-0.30013038148321125,0.1619104085544389,9.64290697168366,0,11,Nissan March (Xiaomi Redmi Note 9S),0.8341035,-77.6499996,30.168287868883958,-19.18964189108125,45.805010819213514,Giro derecho agresivo,2.426279306411743,2022-02-02 20:08:14.046000-05:00,0.0004070367120986256,-0.0007008077643464282,0.0003039843302867443
34728,-0.31955104744537066,0.13470111007727345,9.624279501366681,0,11,Nissan March (Xiaomi Redmi Note 9S),0.8341035,-77.6499996,29.97635687355243,-18.704649725956948,45.353432910758464,Giro derecho agresivo,2.426279306411743,2022-02-02 20:08:14.096000-05:00,0.0009458957323147177,-0.0004043142481099307,0.0008343118000530777
34729,-0.2557172356974292,0.18442858577647264,9.677397758541881,0,11,Nissan March (Xiaomi Redmi Note 9S),0.8341035,-77.6499996,30.07670424068012,-18.759106216410537,45.02802700336241,Giro derecho agresivo,2.426279306411743,2022-02-02 20:08:14.147000-05:00,0.0005738095682466514,-0.00040100343592118807,-0.0001179652142546748
34730,-0.2783627447543103,0.22242964596865017,9.66033073642576,0,11,Nissan March (Xiaomi Redmi Note 9S),0.8341035,-77.6499996,29.834840206123182,-18.57615391240161,44.73937586590517,Giro derecho agresivo,2.426279306411743,2022-02-02 20:08:14.196000-05:00,0.00045509028579809456,0.0003269412039119472,-0.00031407153668230696
34731,-0.28909113573909223,0.2139512879590543,9.67402216614084,0,11,Nissan March (Xiaomi Redmi Note 9S),0.8341035,-77.6499996,29.559309688358326,-18.453054055660434,44.78463678225359,Giro derecho agresivo,2.426279306411743,2022-02-02 20:08:14.247000-05:00,-0.00021747487641011765,0.0001947048942377407,-9.527212883371749e-05
34732,-0.3080250781879121,0.20122502069983228,9.613078126292447,0,11,Nissan March (Xiaomi Redmi Note 9S),0.8341035,-77.6499996,29.423135659953417,-18.482318112601668,45.35408321452454,Giro derecho agresivo,2.426279306411743,2022-02-02 20:08:14.296000-05:00,-0.0002507272848309126,-0.0002107426198301031,0.0006204367972201259
34733,-0.24521989684641102,0.1767299537335123,9.657026348725212,0,11,Nissan March (Xiaomi Redmi Note 9S),0.8341035,-77.6499996,29.90020338017802,-18.916799430804197,45.277851241569024,Giro derecho agresivo,2.426279306411743,2022-02-02 20:08:14.346000-05:00,-7.999803867997555e-05,-6.693619619049985e-05,0.0006520188108923897
34734,-0.2696119406540723,0.13535385731803595,9.65128895144253,0,11,Nissan March (Xiaomi Redmi Note 9S),0.8341035,-77.6499996,30.14578149237722,-19.10960318029634,45.54600534201572,Giro derecho agresivo,2.426279306411743,2022-02-02 20:08:14.395000-05:00,-0.0003882022725436011,0.000978217687075769,0.00019778685075872555
34735,-0.27864932390285774,0.11696002476697095,9.658735511001012,0,11,Nissan March (Xiaomi Redmi Note 9S),0.8341035,-77.6499996,30.726367087008313,-19.393473402050507,45.41927262988066,Giro derecho agresivo,2.426279306411743,2022-02-02 20:08:14.446000-05:00,-3.3191906211433e-05,0.0008558718914577014,0.00024552260880038556
34736,-0.2615241832771641,0.1533551829598635,9.65524726039667,0,11,Nissan March (Xiaomi Redmi Note 9S),0.8341035,-77.6499996,30.6824603140114,-19.197253405769665,45.42924369813632,Giro derecho agresivo,2.426279306411743,2022-02-02 20:08:14.496000-05:00,-0.00019192923184694174,0.0008170123471226453,-0.00048209655070779073
34737,-0.2685216641921851,0.06835255746402924,9.66303401189872,0,11,Nissan March (Xiaomi Redmi Note 9S),0.8341035,-77.6499996,30.483757667405,-19.13587150507948,44.88466151324528,Giro derecho agresivo,2.426279306411743,2022-02-02 20:08:14.545000-05:00,0.0009361262210628581,-0.0006491163598450779,0.0005958578485777213
34738,-0.24665242892650788,0.06898002976386729,9.660730453081099,0,11,Nissan March (Xiaomi Redmi Note 9S),0.8341035,-77.6499996,30.75942017685053,-18.871775483331326,44.652916234313544,Giro derecho agresivo,2.426279306411743,2022-02-02 20:08:14.596000-05:00,0.0012960480533273193,0.0003389970840742241,0.0018504746959929702
34739,-0.306807818741328,0.10027730265235843,9.65150175090426,0,11,Nissan March (Xiaomi Redmi Note 9S),0.8341035,-77.6499996,30.27055373420045,-18.832038654162915,44.59846593081136,Giro derecho agresivo,2.426279306411743,2022-02-02 20:08:14.646000-05:00,-3.982499230558334e-05,0.0021066284583698023,0.004179068209200091
34740,-0.30634471224471427,0.09858463533967694,9.637212204321985,0,11,Nissan March (Xiaomi Redmi Note 9S),0.8341035,-77.6499996,29.895045019458273,-18.746415668451018,44.74541173184587,Giro derecho agresivo,2.426279306411743,2022-02-02 20:08:14.696000-05:00,-1.270671948224674e-05,0.0013960016608312816,0.0060913479330398715
34741,-0.268348885584783,0.0998441206458367,9.67615550473249,0,11,Nissan March (Xiaomi Redmi Note 9S),0.8341035,-77.6499996,29.007100570206838,-18.924678550447226,45.16022292158661,Giro derecho agresivo,2.426279306411743,2022-02-02 20:08:14.745000-05:00,0.0007213013079934038,0.0016246001085646828,0.005743804593879273
34742,-0.30197601516168293,0.11056790166722132,9.667471816187636,0,11,Nissan March (Xiaomi Redmi Note 9S),0.8341062,-77.6499937,29.02240201621076,-18.855926798282237,45.51068261054622,Giro derecho agresivo,1.0562493801116943,2022-02-02 20:08:14.796000-05:00,0.0016808523750839518,0.0010611762604256533,0.0048962795348154705
34743,-0.2889450504083358,0.1463948743727194,9.633822182526178,0,11,Nissan March (Xiaomi Redmi Note 9S),0.8341062,-77.6499937,28.91243334167227,-18.973013925897504,46.05324834476605,Giro derecho agresivo,1.0562493801116943,2022-02-02 20:08:14.845000-05:00,0.0008989771856569365,0.0016091143601185739,0.005195761179517526
34744,-0.27647552850679397,0.13039716333268017,9.657431057239021,0,11,Nissan March (Xiaomi Redmi Note 9S),0.8341062,-77.6499937,28.768246866743816,-18.799485250889614,46.066153614533825,Giro derecho agresivo,1.0562493801116943,2022-02-02 20:08:14.896000-05:00,0.0013748645609323448,0.001964874014745235,0.006492519651384163
34745,-0.31589974927850206,0.14152102689619392,9.638735107282567,0,11,Nissan March (Xiaomi Redmi Note 9S),0.8341062,-77.6499937,28.811416450409826,-18.90080564870927,45.97467389779406,Giro derecho agresivo,1.0562493801116943,2022-02-02 20:08:14.946000-05:00,0.001164025286106471,0.002623040455623795,0.008833896791084803
34746,-0.2615426932326871,0.15671017115715005,9.6721320788496,0,11,Nissan March (Xiaomi Redmi Note 9S),0.8341062,-77.6499937,29.282474691282268,-18.93197883705694,45.47551359396344,Giro derecho agresivo,1.0562493801116943,2022-02-02 20:08:14.995000-05:00,0.000915415182549065,0.002014332900003835,0.00861651781776117
34747,-0.3025292094092082,0.12288418028413417,9.666087004737216,0,11,Nissan March (Xiaomi Redmi Note 9S),0.8341062,-77.6499937,29.655397365729097,-19.430463290682074,44.62709513886395,Giro derecho agresivo,1.0562493801116943,2022-02-02 20:08:15.046000-05:00,0.0012894399075036758,0.001639271614660039,0.009292676340702155
34748,-0.2275056317446789,0.14981136049803895,9.672491164231483,0,11,Nissan March (Xiaomi Redmi Note 9S),0.8341062,-77.6499937,30.01406753078043,-19.186890876320096,44.42245893212766,Giro derecho agresivo,1.0562493801116943,2022-02-02 20:08:15.095000-05:00,0.0014087777148522644,0.0017018676559163435,0.009126736476488278
34749,-0.2536644396666013,0.16960040925319322,9.683149722875939,0,11,Nissan March (Xiaomi Redmi Note 9S),0.8341062,-77.6499937,30.242452393915404,-18.94316792056087,44.18526367177993,Giro derecho agresivo,1.0562493801116943,2022-02-02 20:08:15.146000-05:00,0.0021722096715783464,0.0002679633124965672,0.00861258701813286
34750,-0.25850199545285846,0.08496234713691353,9.578106487826863,0,11,Nissan March (Xiaomi Redmi Note 9S),0.8341062,-77.6499937,30.499997343422514,-18.970210755890466,44.22354269389498,Giro derecho agresivo,1.0562493801116943,2022-02-02 20:08:15.195000-05:00,0.0021437849333392064,0.001357173592056423,0.008920434567557898
34751,-0.24064638894506624,0.1844637067749505,9.615648814805473,0,11,Nissan March (Xiaomi Redmi Note 9S),0.8341062,-77.6499937,30.16877188962286,-18.846849576281077,44.464067415863255,Giro derecho agresivo,1.0562493801116943,2022-02-02 20:08:15.246000-05:00,0.0015000294855433691,0.0018848524382222291,0.010034205132453324
34752,-0.3064808706256157,0.1878581249805378,9.623975606416218,0,11,Nissan March (Xiaomi Redmi Note 9S),0.8341062,-77.6499937,30.31299924070569,-18.971648134706875,44.33270363984487,Giro derecho agresivo,1.0562493801116943,2022-02-02 20:08:15.295000-05:00,0.0010226220107222115,0.0035971017975407558,0.010464824559777498
34753,-0.30618981940444784,0.17648016560715882,9.621990000055339,0,11,Nissan March (Xiaomi Redmi Note 9S),0.8341062,-77.6499937,29.88518225362603,-18.751493648730307,44.41993468853284,Giro derecho agresivo,1.0562493801116943,2022-02-02 20:08:15.347000-05:00,0.0013236457419135072,0.0034140545382488827,0.010595450945064457
34754,-0.2707939393738343,0.19774695206080525,9.658336848955319,0,11,Nissan March (Xiaomi Redmi Note 9S),0.8341062,-77.6499937,29.88716407770955,-18.51129261761945,44.68427422583384,Giro derecho agresivo,1.0562493801116943,2022-02-02 20:08:15.396000-05:00,0.0018730387713746656,0.0013569589360739654,0.010078501771646292
34755,-0.2628395050214319,0.18635568440619246,9.652060517778084,0,11,Nissan March (Xiaomi Redmi Note 9S),0.8341062,-77.6499937,29.67909865797534,-18.586653094999082,45.07193922417356,Giro derecho agresivo,1.0562493801116943,2022-02-02 20:08:15.446000-05:00,0.00277368584737375,0.0012487527963388183,0.008994062906079963
34756,-0.2452197030910105,0.17973765764411065,9.657221757836318,0,11,Nissan March (Xiaomi Redmi Note 9S),0.8341062,-77.6499937,30.113673493588358,-18.359059979057765,44.82477236857961,Giro derecho agresivo,1.0562493801116943,2022-02-02 20:08:15.496000-05:00,0.0024263638047317395,0.0013961076070199254,0.007830241372080715
34757,-0.20916956985626078,0.21075399651604554,9.636643470243186,0,11,Nissan March (Xiaomi Redmi Note 9S),0.8341062,-77.6499937,30.080616671891857,-18.61153372970343,44.43998574790935,Giro derecho agresivo,1.0562493801116943,2022-02-02 20:08:15.545000-05:00,0.0027688930685356794,0.0012611872204773655,0.006735102147899144
34758,-0.23994082641881812,0.23837750328708493,9.66893259432432,0,11,Nissan March (Xiaomi Redmi Note 9S),0.8341062,-77.6499937,30.171980434191465,-18.76102381156803,44.26623761763233,Giro derecho agresivo,1.0562493801116943,2022-02-02 20:08:15.596000-05:00,0.0026061734531690585,0.002126950113764237,0.0044548852621448505
34759,-0.2872583780199451,0.24085299354083178,9.673059367963818,0,11,Nissan March (Xiaomi Redmi Note 9S),0.8341062,-77.6499937,29.99292126756233,-18.974662644098085,44.783368514126295,Giro derecho agresivo,1.0562493801116943,2022-02-02 20:08:15.645000-05:00,0.0018288999252786167,0.0031288273161571307,0.003484904793497383
34760,-0.263084318658218,0.23289439025772363,9.638095902561025,0,11,Nissan March (Xiaomi Redmi Note 9S),0.8341062,-77.6499937,29.87075481670679,-19.022735664646962,44.635938134345814,Giro derecho agresivo,1.0562493801116943,2022-02-02 20:08:15.696000-05:00,0.0015808999607313425,0.0025384278415394408,0.003747240487964461
34761,-0.39408039242088133,0.04027358584779597,9.715052930274087,0,11,Nissan March (Xiaomi Redmi Note 9S),0.8341062,-77.6499937,29.949178412751177,-19.237044704846756,44.62683338177366,Giro derecho agresivo,1.0562493801116943,2022-02-02 20:08:15.746000-05:00,0.001955119319414959,0.0020783198854929623,0.004847205569343609
34762,-0.2872481274486368,0.4178103311177649,9.632314842607848,0,11,Nissan March (Xiaomi Redmi Note 9S),0.8341062,-77.6499937,29.992621510011467,-19.61972289001922,44.96866853112448,Giro derecho agresivo,1.0562493801116943,2022-02-02 20:08:15.796000-05:00,-0.0004642252471332821,0.005112337198268329,0.008891372549903392
34763,-0.3197441205456453,0.1399823269388938,9.703777216750737,0,11,Nissan March (Xiaomi Redmi Note 9S),0.8341193,-77.6499891,29.998930153718042,-19.804733775753764,45.1508208357244,Giro derecho agresivo,0.5395339131355286,2022-02-02 20:08:15.846000-05:00,0.00039589913056992695,0.0008968905024851169,0.010581964029646595
34764,-0.4184047415759111,0.03351985256221984,9.740930760000426,0,11,Nissan March (Xiaomi Redmi Note 9S),0.8341193,-77.6499891,29.823546144806418,-19.832571173349027,45.07210264303805,Giro derecho agresivo,0.5395339131355286,2022-02-02 20:08:15.896000-05:00,0.0006703338147866632,-0.0004420221829840893,0.011094797032486337
34765,-0.3894353091316388,-0.1795092593804616,9.795278259871191,0,11,Nissan March (Xiaomi Redmi Note 9S),0.8341193,-77.6499891,30.23081213569968,-19.836759687456183,44.887229363242135,Giro derecho agresivo,0.5395339131355286,2022-02-02 20:08:15.947000-05:00,-0.00042080678151631013,0.0032214852741941965,0.013662186108608488
34766,-0.3064541359042413,-0.08622895624525301,9.726781692878983,0,11,Nissan March (Xiaomi Redmi Note 9S),0.8341193,-77.6499891,30.49830698876627,-20.012606147615756,44.9342782690021,Giro derecho agresivo,0.5395339131355286,2022-02-02 20:08:15.996000-05:00,-0.0005876114830273551,0.004748537149925921,0.020377788177479966
34767,-0.3376575263339182,-0.3132288803828875,9.732826215136722,0,11,Nissan March (Xiaomi Redmi Note 9S),0.8341193,-77.6499891,30.45701561194354,-19.57712854886512,44.64562607804379,Giro derecho agresivo,0.5395339131355286,2022-02-02 20:08:16.047000-05:00,-0.0020008744738246867,0.007323377812879813,0.025476095251965373
34768,-0.42940971652327564,-0.2065334356940719,9.67525207744983,0,11,Nissan March (Xiaomi Redmi Note 9S),0.8341193,-77.6499891,30.33882873985289,-19.304530854750855,45.003031659574205,Giro derecho agresivo,0.5395339131355286,2022-02-02 20:08:16.095000-05:00,0.0006309653573584521,0.006505690691248051,0.029898278777209346
34769,-0.4401380707614984,-0.3794530547883441,9.724136381261712,0,11,Nissan March (Xiaomi Redmi Note 9S),0.8341193,-77.6499891,30.01715035296011,-19.120156532602724,45.047331144231116,Giro derecho agresivo,0.5395339131355286,2022-02-02 20:08:16.150000-05:00,0.0011986822217836834,0.009426133973516795,0.034486412775775126
34770,-0.44773910181512533,-0.3355638153215073,9.712572202725013,0,11,Nissan March (Xiaomi Redmi Note 9S),0.8341193,-77.6499891,30.13070937663541,-19.39506129707057,45.382507796003345,Giro derecho agresivo,0.5395339131355286,2022-02-02 20:08:16.197000-05:00,0.0025585229807768587,0.010262864734034781,0.04079461319133819
34771,-0.4184431449026525,-0.38412243439810917,9.712652166688859,0,11,Nissan March (Xiaomi Redmi Note 9S),0.8341193,-77.6499891,29.93884677949888,-19.786858551355973,45.20457938197265,Giro derecho agresivo,0.5395339131355286,2022-02-02 20:08:16.245000-05:00,0.002539051941328058,0.010801212897302964,0.050685744458876095
34772,-0.45005319578984876,-0.388947105603319,9.711714844682312,0,11,Nissan March (Xiaomi Redmi Note 9S),0.8341193,-77.6499891,29.766739802648583,-20.08474188543461,45.08111331485408,Giro derecho agresivo,0.5395339131355286,2022-02-02 20:08:16.296000-05:00,0.00334886450362355,0.010427033513064003,0.06092164224284253
34773,-0.43480743105632635,-0.3902854499802636,9.759380615463126,0,11,Nissan March (Xiaomi Redmi Note 9S),0.8341193,-77.6499891,29.661611096247633,-19.842844251656757,45.10724170007756,Giro derecho agresivo,0.5395339131355286,2022-02-02 20:08:16.349000-05:00,0.004241932560294728,0.011580249201170225,0.07116936423208102
34774,-0.46536112373449656,-0.42177982978114936,9.718439210667174,0,11,Nissan March (Xiaomi Redmi Note 9S),0.8341193,-77.6499891,29.357855510367983,-19.567515349004577,44.799476335081486,Giro derecho agresivo,0.5395339131355286,2022-02-02 20:08:16.396000-05:00,0.0055242421469297994,0.008766377337161964,0.07873056046654743
34775,-0.445837237594459,-0.44780687570451005,9.714137998835726,0,11,Nissan March (Xiaomi Redmi Note 9S),0.8341193,-77.6499891,29.746479862146757,-19.143796337023808,44.59181820562221,Giro derecho agresivo,0.5395339131355286,2022-02-02 20:08:16.445000-05:00,0.005933380912902223,0.007872633682954624,0.08102421391058996
34776,-0.3860617573201627,-0.43946510927770754,9.683929832664923,0,11,Nissan March (Xiaomi Redmi Note 9S),0.8341193,-77.6499891,29.89907695311392,-19.41454800669754,44.057578194723256,Giro derecho agresivo,0.5395339131355286,2022-02-02 20:08:16.495000-05:00,0.008965344601567607,0.009769441048237864,0.09257318713366075
34777,-0.4384900340564862,-0.44060927179503,9.663192532378266,0,11,Nissan March (Xiaomi Redmi Note 9S),0.8341193,-77.6499891,30.482188365967826,-19.805718751168605,43.968032220266046,Giro derecho agresivo,0.5395339131355286,2022-02-02 20:08:16.547000-05:00,0.009932734922113327,0.010371906131193277,0.09607651403946227
34778,-0.40021000576134397,-0.45821728957888935,9.700308082442003,0,11,Nissan March (Xiaomi Redmi Note 9S),0.8341193,-77.6499891,30.342484232814197,-20.2946538400947,44.311990921363815,Giro derecho agresivo,0.5395339131355286,2022-02-02 20:08:16.596000-05:00,0.01287080851938953,0.006656211613893907,0.10576613973733467
34779,-0.39860189857932143,-0.42852041944241365,9.693623076403345,0,11,Nissan March (Xiaomi Redmi Note 9S),0.8341193,-77.6499891,30.466442332207112,-20.32043465671458,44.9627164250915,Giro derecho agresivo,0.5395339131355286,2022-02-02 20:08:16.647000-05:00,0.012357530450834322,0.004113105892722572,0.1214139011874148
34780,-0.4406533343141191,-0.5032776507464279,9.744792921484022,0,11,Nissan March (Xiaomi Redmi Note 9S),0.8341193,-77.6499891,30.22800859003862,-20.21281174926469,45.07178697043947,Giro derecho agresivo,0.5395339131355286,2022-02-02 20:08:16.697000-05:00,0.012193761921176475,0.0033053631417653143,0.12616057629391864
34781,-0.3773098088833013,-0.506724374167182,9.764095038848637,0,11,Nissan March (Xiaomi Redmi Note 9S),0.8341193,-77.6499891,30.33762791539843,-20.387764444586995,45.09006869413764,Giro derecho agresivo,0.5395339131355286,2022-02-02 20:08:16.747000-05:00,0.014680254157550475,0.006410687713992532,0.13567078527848023
34782,-0.3712256550653067,-0.518054843169143,9.786283790828488,0,11,Nissan March (Xiaomi Redmi Note 9S),0.8341206,-77.6499854,29.904785280576235,-20.509660651679493,45.07752635547215,Giro derecho agresivo,2.0855629444122314,2022-02-02 20:08:16.798000-05:00,0.015836281585870773,0.016392304287520098,0.1569226291493818
34783,-0.42390608870467766,-0.4762422444672962,9.672284500279158,0,11,Nissan March (Xiaomi Redmi Note 9S),0.8341206,-77.6499854,29.58549502335137,-21.404086037347085,45.13785369040117,Giro derecho agresivo,2.0855629444122314,2022-02-02 20:08:16.846000-05:00,0.016205128267189273,0.01956267127737066,0.16336927639609056
34784,-0.3580428159689383,-0.4698308002820632,9.614023081486694,0,11,Nissan March (Xiaomi Redmi Note 9S),0.8341206,-77.6499854,29.314747502967876,-21.634238291348353,45.42889700926329,Giro derecho agresivo,2.0855629444122314,2022-02-02 20:08:16.896000-05:00,0.014237417077090555,0.01402760758623501,0.17246755218272267
34785,-0.21713079244477287,-0.25170320248573225,9.52646043676687,0,11,Nissan March (Xiaomi Redmi Note 9S),0.8341206,-77.6499854,28.858724137554123,-22.30602014576782,45.774214932326025,Giro derecho agresivo,2.0855629444122314,2022-02-02 20:08:16.947000-05:00,0.014062938098112822,0.011451802912155877,0.1814425545186492
34786,-0.19963996875480125,-0.19811175455391386,9.555720775340014,0,11,Nissan March (Xiaomi Redmi Note 9S),0.8341206,-77.6499854,28.279631558555074,-22.438956779432697,46.06620359750471,Giro derecho agresivo,2.0855629444122314,2022-02-02 20:08:16.996000-05:00,0.014641954838668786,-0.001360061399921439,0.1891742473929556
34787,-0.11690259097488664,-0.1225123420029137,9.613416316349761,0,11,Nissan March (Xiaomi Redmi Note 9S),0.8341206,-77.6499854,27.90704871608978,-22.47488705936552,46.489719359355966,Giro derecho agresivo,2.0855629444122314,2022-02-02 20:08:17.046000-05:00,0.019722847989416918,-0.013970366901127396,0.19337486451595082
34788,-0.07896467947187005,-0.07733451064156652,9.577396000977089,0,11,Nissan March (Xiaomi Redmi Note 9S),0.8341206,-77.6499854,27.868970175750157,-22.384721056714465,46.70117224048151,Giro derecho agresivo,2.0855629444122314,2022-02-02 20:08:17.095000-05:00,0.02306669732867739,-0.013796024554066203,0.19418529095449252
34789,-0.07484281826241296,-0.04578266284246234,9.644874326051102,0,11,Nissan March (Xiaomi Redmi Note 9S),0.8341206,-77.6499854,28.328229868671293,-22.801230881914663,46.486899413605244,Giro derecho agresivo,2.0855629444122314,2022-02-02 20:08:17.147000-05:00,0.02576564862191656,-0.013104618450868232,0.19712124258879055
34790,-0.04015048174575885,-0.10295082715264872,9.68755469759395,0,11,Nissan March (Xiaomi Redmi Note 9S),0.8341206,-77.6499854,28.475057815902428,-23.373622619981756,46.23248231613961,Giro derecho agresivo,2.0855629444122314,2022-02-02 20:08:17.196000-05:00,0.0284401761563637,-0.00952313301062833,0.20255720665271887
34791,-0.11579491298599426,0.0024414610445847307,9.765820741658215,0,11,Nissan March (Xiaomi Redmi Note 9S),0.8341206,-77.6499854,29.025276738663017,-24.383618890363955,46.11180230058057,Giro derecho agresivo,2.0855629444122314,2022-02-02 20:08:17.246000-05:00,0.028205488059031055,-0.0018435419368769846,0.20763839740671308
34792,-0.03184896286674847,-0.17602685084923703,9.735146148185393,0,11,Nissan March (Xiaomi Redmi Note 9S),0.8341206,-77.6499854,29.20133998737518,-24.80637497282101,46.40371951174656,Giro derecho agresivo,2.0855629444122314,2022-02-02 20:08:17.296000-05:00,0.026498558042860894,0.006229075894919698,0.2102001392636179
34793,0.03058658222815277,-0.18749384401162428,9.784000455163898,0,11,Nissan March (Xiaomi Redmi Note 9S),0.8341206,-77.6499854,29.355124468562284,-25.427492645374915,46.90525950736323,Giro derecho agresivo,2.0855629444122314,2022-02-02 20:08:17.348000-05:00,0.024049878758160677,0.011882400950600863,0.21042065627807097
34794,-0.007831938254344174,-0.2909603970495255,9.700461229567125,0,11,Nissan March (Xiaomi Redmi Note 9S),0.8341206,-77.6499854,29.217184521370964,-25.743952187321813,47.22343314078312,Giro derecho agresivo,2.0855629444122314,2022-02-02 20:08:17.396000-05:00,0.018825791051192642,0.01086130264068123,0.2129921330684266
34795,-0.014699924515002533,-0.29718376835464133,9.710441790901935,0,11,Nissan March (Xiaomi Redmi Note 9S),0.8341206,-77.6499854,28.780446973811866,-25.98271384020983,47.3704062357861,Giro derecho agresivo,2.0855629444122314,2022-02-02 20:08:17.447000-05:00,0.01670562560908898,0.008992333415719998,0.22063660118023995
34796,-0.03810107347241148,-0.16231416341184143,9.723205981578484,0,11,Nissan March (Xiaomi Redmi Note 9S),0.8341206,-77.6499854,28.332372245283285,-25.795634807800184,47.64475618651762,Giro derecho agresivo,2.0855629444122314,2022-02-02 20:08:17.497000-05:00,0.018295894073211014,0.007490093674457801,0.23046927710126602
34797,-0.042891395865350714,-0.31877304644153936,9.742529491866526,0,11,Nissan March (Xiaomi Redmi Note 9S),0.8341206,-77.6499854,27.401836945276347,-25.990490191581316,47.72195740138279,Giro derecho agresivo,2.0855629444122314,2022-02-02 20:08:17.546000-05:00,0.022339399097642848,0.002106423101429605,0.23911048090350867
34798,0.06832585490568266,-0.2167166593656401,9.717497222467912,0,11,Nissan March (Xiaomi Redmi Note 9S),0.8341206,-77.6499854,27.18657212129836,-26.13131080850698,48.24993447064836,Giro derecho agresivo,2.0855629444122314,2022-02-02 20:08:17.596000-05:00,0.02843501686389475,0.0033948922793617664,0.243401475700648
34799,0.15123658079330532,-0.24200759088008153,9.55687650498135,0,11,Nissan March (Xiaomi Redmi Note 9S),0.8341206,-77.6499854,27.091202737295188,-26.64629158486398,48.68179192105969,Giro derecho agresivo,2.0855629444122314,2022-02-02 20:08:17.646000-05:00,0.029201205359667474,0.008074633555561712,0.24897019288103298
34800,0.15273943706369045,-0.16257007804790646,9.598229465502355,0,11,Nissan March (Xiaomi Redmi Note 9S),0.8341206,-77.6499854,26.965162859751935,-26.91492345058534,49.035105622482554,Giro derecho agresivo,2.0855629444122314,2022-02-02 20:08:17.695000-05:00,0.026544246867640935,0.009651877297067268,0.25715281303107657
34801,0.3047145320548197,-0.04694883209828413,9.614703849731251,0,11,Nissan March (Xiaomi Redmi Note 9S),0.8341206,-77.6499854,27.26740372724194,-26.700480856560635,49.40647070053953,Giro derecho agresivo,2.0855629444122314,2022-02-02 20:08:17.746000-05:00,0.021072364812208713,0.015150232558253346,0.26176850970692245
