id,accPosition,accX,accY,accZ,eventClass,idTrip,idVehicle,latitude,longitude,magX,magY,magZ,route,speed,timestamp,velAngX,velAngY,velAngZ
7641,6.666666666666667,0.0949928789514407,0.07564926627409374,9.879727639957093,0,24,Nissan March,0,0,16.90050187060863,-68.69937224894521,39.05758468577684,Giro derecho agresivo,0,2022-02-02 20:08:16.376000-05:00,-0.0021838254163963,-0.002785709006769,-0.0015819418260236
7642,6.666666666666667,0.03683397347096684,0.0075406021044917,9.941993166229503,0,24,Nissan March,0,0,16.72681814034127,-68.47075536958098,38.19025989510686,Giro derecho agresivo,0,2022-02-02 20:08:16.425000-05:00,-0.0053796674891715,-0.0006551476249189,0.0005486195558264
7643,6.666666666666667,0.07560657712461594,0.02700022043866379,9.822251769551787,0,24,Nissan March,0,0,15.858399489004473,-70.07107352513046,38.01679493697286,Giro derecho agresivo,0,2022-02-02 20:08:16.474000-05:00,-0.0011185447254712,-0.002785709006769,-0.0005166611350986
7644,6.666666666666667,0.031987398014260426,0.03673002960574967,9.81746211368468,0,24,Nissan March,0,0,17.24786933114335,-70.07107352513046,38.71065476950885,Giro derecho agresivo,0,2022-02-02 20:08:16.524000-05:00,0.0020772973473038,-0.002785709006769,-0.0005166611350986
7645,6.666666666666667,0.022294247100848263,0.002675697520948761,9.91804488689396,0,24,Nissan March,0,0,17.768920521945436,-67.55628785212414,38.53718981137486,Giro derecho agresivo,0,2022-02-02 20:08:16.574000-05:00,-0.0053796674891715,-0.0006551476249189,0.0037444616286015
7646,6.666666666666667,-0.0358646583796256,0.1145685029424377,9.731248308076724,0,24,Nissan March,0,0,16.55313441007391,-69.15660600767363,38.71065476950885,Giro derecho agresivo,0,2022-02-02 20:08:16.624000-05:00,-0.0043143867982464,0.0217157468845071,-0.0005166611350986
7647,6.666666666666667,-0.016478356552801054,0.07078436169055069,10.00425869250192,0,24,Nissan March,0,0,16.90050187060863,-69.61383976640204,39.05758468577684,Giro derecho agresivo,0,2022-02-02 20:08:16.674000-05:00,-0.0064449481800965,-0.0006551476249189,0.0005486195558264
7648,6.666666666666667,0.051373699841085196,0.02700022043866379,10.056944907040112,0,24,Nissan March,0,0,16.379450679806553,-70.29969040449468,39.23104964391084,Giro derecho agresivo,0,2022-02-02 20:08:16.724000-05:00,-0.0043143867982464,0.0057365365206313,-0.0015819418260236
7649,6.666666666666667,0.031987398014260426,-0.007054111646137229,10.06173456290722,0,24,Nissan March,0,0,17.42155306141071,-69.84245664576626,38.53718981137486,Giro derecho agresivo,0,2022-02-02 20:08:16.775000-05:00,-0.0021838254163963,0.0068018172115564,-0.0005166611350986
7650,6.666666666666667,-0.040711233836331795,0.002675697520948761,9.937203510362396,0,24,Nissan March,0,0,15.337348298202391,-70.29969040449468,38.53718981137486,Giro derecho agresivo,0,2022-02-02 20:08:16.825000-05:00,-0.0053796674891715,0.0036059751387812,-0.0005166611350986
7651,6.666666666666667,-0.08433041294668708,-0.007054111646137229,9.803093146083354,0,24,Nissan March,0,0,16.205766949539193,-69.15660600767363,39.05758468577684,Giro derecho agresivo,0,2022-02-02 20:08:16.875000-05:00,-0.0032491061073213,0.0014754137569311,-0.0015819418260236
7652,6.666666666666667,0.007754520730729908,-0.01191901622968028,9.736037963943833,0,24,Nissan March,0,0,15.163664567935037,-69.61383976640204,39.05758468577684,Giro derecho agresivo,0,2022-02-02 20:08:16.925000-05:00,-0.0011185447254712,0.0014754137569311,-0.0015819418260236
7653,6.666666666666667,0.007754520730729908,-0.10435220331699724,9.827041425418898,0,24,Nissan March,0,0,16.379450679806553,-70.7569241632231,38.88411972764285,Giro derecho agresivo,0,2022-02-02 20:08:16.975000-05:00,0.0020772973473038,-0.002785709006769,0.0005486195558264
7654,6.666666666666667,-0.001938630182682477,-0.12867672623471227,9.898886263425528,0,24,Nissan March,0,0,16.72681814034127,-68.47075536958098,38.53718981137486,Giro derecho agresivo,0,2022-02-02 20:08:17.025000-05:00,-0.0021838254163963,-0.0006551476249189,-0.0037125032078737
7655,6.666666666666667,0.007754520730729908,-0.0897574895663682,10.167106991983614,0,24,Nissan March,0,0,15.684715758737113,-68.9279891283094,36.4556103137669,Giro derecho agresivo,0,2022-02-02 20:08:17.075000-05:00,-0.0032491061073213,0.0046712558297063,0.0016139002467514
7656,6.666666666666667,-0.08917698840339328,0.06591945710700764,10.152738024382286,0,24,Nissan March,0,0,16.205766949539193,-67.78490473148837,38.01679493697286,Giro derecho agresivo,0,2022-02-02 20:08:17.125000-05:00,-0.0064449481800965,-0.0017204283158439,0.0016139002467514
7657,6.666666666666667,-0.0358646583796256,0.10970359835889465,9.86056901648866,0,24,Nissan March,0,0,17.07418560087599,-69.38522288703783,37.14947014630288,Giro derecho agresivo,0,2022-02-02 20:08:17.177000-05:00,-0.0032491061073213,0.0014754137569311,-0.0015819418260236
7658,6.2745098039215685,-0.04555780929303799,-0.0021892070625942894,9.807882801950464,0,24,Nissan March,0,0,17.07418560087599,-70.29969040449468,37.84332997883888,Giro derecho agresivo,0,2022-02-02 20:08:17.225000-05:00,0.0031425780382289,0.0057365365206313,0.0026791809376765
7659,6.2745098039215685,-0.0067852056393888915,-0.1530012491524272,9.946782822096614,0,24,Nissan March,0,0,17.07418560087599,-69.38522288703783,37.84332997883888,Giro derecho agresivo,0,2022-02-02 20:08:17.274000-05:00,-0.0011185447254712,0.0014754137569311,0.0037444616286015
7660,6.2745098039215685,-0.0067852056393888915,-0.0362435391473952,10.152738024382286,0,24,Nissan March,0,0,16.72681814034127,-70.29969040449468,38.19025989510686,Giro derecho agresivo,0,2022-02-02 20:08:17.325000-05:00,-0.0053796674891715,0.0004101330660061,-0.0058430645897238
7661,6.2745098039215685,0.0029079452740237155,0.756735907970113,9.77914486674781,0,24,Nissan March,0,0,15.684715758737113,-69.84245664576626,38.19025989510686,Giro derecho agresivo,0,2022-02-02 20:08:17.375000-05:00,0.0010120166563788,0.0036059751387812,-0.0005166611350986
7662,6.2745098039215685,-0.016478356552801054,0.13402812127660968,10.28205873279422,0,24,Nissan March,0,0,17.42155306141071,-68.47075536958098,37.84332997883888,Giro derecho agresivo,0,2022-02-02 20:08:17.424000-05:00,-0.0021838254163963,0.0014754137569311,-0.0015819418260236
7663,14.509803921568627,0.046527124384379004,0.5670046292119364,9.980310413166375,0,24,Nissan March,0,0,17.24786933114335,-70.07107352513046,37.66986502070487,Giro derecho agresivo,0,2022-02-02 20:08:17.474000-05:00,-0.0021838254163963,0.0078670979024814,-0.0026472225169487
7664,14.509803921568627,-0.11825644114363021,0.4794363467081624,9.443868956050204,0,24,Nissan March,0,0,14.642613377132948,-68.01352161085256,39.23104964391084,Giro derecho agresivo,0,2022-02-02 20:08:17.525000-05:00,-0.0032491061073213,0.0110629399752566,-0.0037125032078737
7665,14.509803921568627,0.08045315258132191,0.6302483887979953,10.488013935079891,0,24,Nissan March,0,0,15.337348298202391,-68.47075536958098,38.19025989510686,Giro derecho agresivo,0,2022-02-02 20:08:17.575000-05:00,0.0010120166563788,-0.003850989697694,-0.0005166611350986
7666,10.196078431372548,-0.26850028030152107,1.3405244579952724,8.96011371347223,0,24,Nissan March,0,0,16.032083219271833,-69.38522288703783,39.23104964391084,Giro derecho agresivo,0,2022-02-02 20:08:17.625000-05:00,0.0159259463293295,0.0110629399752566,0.0026791809376765
7667,10.196078431372548,-0.016478356552801054,1.5010663092521923,9.295389624169836,0,24,Nissan March,0,0,15.337348298202391,-69.38522288703783,38.19025989510686,Giro derecho agresivo,0,2022-02-02 20:08:17.675000-05:00,0.0159259463293295,0.019585185502657,0.0016139002467514
7668,10.196078431372548,0.16769151080203293,2.332964993038045,9.439079300183096,0,24,Nissan March,0,0,15.511032028469751,-68.24213849021679,38.36372485324087,Giro derecho agresivo,0,2022-02-02 20:08:17.725000-05:00,0.0297745953113551,0.0078670979024814,0.0037444616286015
7669,10.196078431372548,0.11922575623497145,1.9243130080204327,9.300179280036945,0,24,Nissan March,0,0,16.55313441007391,-69.61383976640204,39.404514602044834,Giro derecho agresivo,0,2022-02-02 20:08:17.774000-05:00,0.0212523497839547,0.0068018172115564,0.0090708650832268
7670,14.901960784313726,0.01744767164414207,2.4545876076266193,9.14212063642236,0,24,Nissan March,0,0,15.511032028469751,-69.15660600767363,38.01679493697286,Giro derecho agresivo,0,2022-02-02 20:08:17.825000-05:00,0.0308398760022802,0.0057365365206313,0.0112014264650769
7671,14.901960784313726,0.07076000166790952,2.673508313886055,8.974482681073555,0,24,Nissan March,0,0,16.032083219271833,-68.9279891283094,38.19025989510686,Giro derecho agresivo,0,2022-02-02 20:08:17.874000-05:00,0.0287093146204301,0.0217157468845071,0.0069403037013767
7672,14.901960784313726,0.08529972803802832,2.5567506038810226,9.587558632063466,0,24,Nissan March,0,0,16.379450679806553,-68.9279891283094,38.19025989510686,Giro derecho agresivo,0,2022-02-02 20:08:17.924000-05:00,0.0223176304748798,0.0206504661935821,0.0058750230104516
7673,9.411764705882351,0.0126010961874361,2.5713453176316516,10.406589785339046,0,24,Nissan March,0,0,16.72681814034127,-69.84245664576626,39.23104964391084,Giro derecho agresivo,0,2022-02-02 20:08:17.974000-05:00,0.0095342621837792,-0.0113079545341694,0.0112014264650769
7674,9.411764705882351,-0.22003452573445959,2.6053996497164524,9.041537863213076,0,24,Nissan March,0,0,16.205766949539193,-70.07107352513046,38.01679493697286,Giro derecho agresivo,0,2022-02-02 20:08:18.024000-05:00,0.0105995428747042,0.0131935013571067,0.0175931106106272
7675,9.411764705882351,-0.021324932009507025,2.094584668444438,10.60775533175761,0,24,Nissan March,0,0,14.121562186330868,-69.61383976640204,36.97600518816888,Giro derecho agresivo,0,2022-02-02 20:08:18.075000-05:00,0.0159259463293295,0.0099976592843315,0.0207889526834023
7676,9.411764705882351,-0.2151879502777534,2.474047225960792,9.439079300183096,0,24,Nissan March,0,0,14.295245916598228,-68.9279891283094,38.53718981137486,Giro derecho agresivo,0,2022-02-02 20:08:18.125000-05:00,0.0020772973473038,-0.003850989697694,0.0175931106106272
7677,18.431372549019606,-0.27334685575822726,2.2210721876165556,10.497593246814109,0,24,Nissan March,0,0,16.379450679806553,-69.84245664576626,37.84332997883888,Giro derecho agresivo,0,2022-02-02 20:08:18.177000-05:00,-0.0064449481800965,-0.0166343579887946,0.0186583913015522
7678,18.431372549019606,-0.2491139784746963,3.422703619751676,9.664193125937205,0,24,Nissan March,0,0,14.642613377132948,-68.01352161085256,38.53718981137486,Giro derecho agresivo,0,2022-02-02 20:08:18.224000-05:00,-0.0128366323256468,-0.0145037966069445,0.014397268537852
7679,18.431372549019606,-0.06979068657656873,2.84377997431006,9.736037963943833,0,24,Nissan March,0,0,12.558408613924623,-70.7569241632231,38.88411972764285,Giro derecho agresivo,0,2022-02-02 20:08:18.274000-05:00,-0.0192283164711971,-0.0123732352250944,0.0250500754471025
7680,23.137254901960784,0.07076000166790952,2.8632395926442316,10.31558632386398,0,24,Nissan March,0,0,14.642613377132948,-69.84245664576626,40.27183939271482,Giro derecho agresivo,0,2022-02-02 20:08:18.325000-05:00,-0.0213588778530472,-0.0049162703886191,0.0239847947561775
7681,23.137254901960784,-0.03101808292291941,3.7827065589338575,9.53487241752527,0,24,Nissan March,0,0,13.079459804726712,-68.69937224894521,38.71065476950885,Giro derecho agresivo,0,2022-02-02 20:08:18.374000-05:00,-0.0149671937074969,0.0046712558297063,0.0165278299197021
7682,23.137254901960784,0.5941901509921746,3.0675655851530372,8.519465373698234,0,24,Nissan March,0,0,14.121562186330868,-69.15660600767363,39.05758468577684,Giro derecho agresivo,0,2022-02-02 20:08:18.424000-05:00,0.0137953849474794,0.0142587820480318,0.0207889526834023
7683,23.137254901960784,0.1870778126288577,2.7610765963898283,9.486975858854183,0,24,Nissan March,0,0,15.163664567935037,-70.52830728385888,38.71065476950885,Giro derecho agresivo,0,2022-02-02 20:08:18.474000-05:00,0.005273139420079,-0.0059815510795441,0.0112014264650769
7684,23.529411764705884,-0.5544482322471844,3.4908122839212776,9.625875879000334,0,24,Nissan March,0,0,15.511032028469751,-70.52830728385888,40.44530435084883,Giro derecho agresivo,0,2022-02-02 20:08:18.525000-05:00,0.0244481918567299,0.0217157468845071,0.0229195140652524
7685,23.529411764705884,-0.17156877116739788,2.688103027636683,9.836620737153115,0,24,Nissan March,0,0,15.337348298202391,-68.9279891283094,38.53718981137486,Giro derecho agresivo,0,2022-02-02 20:08:18.575000-05:00,0.0010120166563788,-0.0571150242439465,0.0314417595926528
7686,23.529411764705884,-0.8791687878464967,1.5740398780053362,10.540700149618088,0,24,Nissan March,0,0,17.42155306141071,-69.84245664576626,38.53718981137486,Giro derecho agresivo,0,2022-02-02 20:08:18.625000-05:00,-0.0341422461441478,-0.0113079545341694,0.0229195140652524
7687,23.529411764705884,0.33732165178674833,0.3529488275360446,12.21229004723901,0,24,Nissan March,0,0,16.379450679806553,-68.9279891283094,39.92490947644683,Giro derecho agresivo,0,2022-02-02 20:08:18.674000-05:00,-0.0831451579267001,-0.0283524455889702,0.0069403037013767
7688,23.529411764705884,0.09014630349473451,1.087549419651037,10.03299662770457,0,24,Nissan March,0,0,15.163664567935037,-70.52830728385888,37.32293510443687,Giro derecho agresivo,0,2022-02-02 20:08:18.724000-05:00,-0.101254929672426,0.0281074310300574,0.0037444616286015
7689,23.529411764705884,0.4730257645745206,1.6713379696761972,10.181475959584938,0,24,Nissan March,0,0,17.42155306141071,-70.7569241632231,38.53718981137486,Giro derecho agresivo,0,2022-02-02 20:08:18.774000-05:00,-0.0362728075259979,-0.0368746911163706,0.0154625492287771
7690,23.529411764705884,-0.3411989121521133,1.4864715955015628,9.956362133830831,0,24,Nissan March,0,0,17.07418560087599,-72.12862543940835,37.49640006257088,Giro derecho agresivo,0,2022-02-02 20:08:18.825000-05:00,-0.0213588778530472,0.0014754137569311,0.0122667071560019
7691,23.529411764705884,0.46333261366110845,2.5421558901303936,8.945744745870904,0,24,Nissan March,0,0,16.032083219271833,-70.29969040449468,38.19025989510686,Giro derecho agresivo,0,2022-02-02 20:08:18.875000-05:00,0.02657875323858,0.0472824834667083,0.0165278299197021
7692,23.92156862745098,0.20161753899897605,2.7756713101404573,9.592348287930571,0,24,Nissan March,0,0,13.77419472579615,-70.07107352513046,38.01679493697286,Giro derecho agresivo,2,2022-02-02 20:08:18.925000-05:00,0.0542760512026313,0.0174546241208069,0.0452904085746785
7693,23.92156862745098,-0.4187441194594119,2.0362058134419216,9.515713794056834,0,24,Nissan March,0,0,12.211041153389903,-70.29969040449468,36.802540230034886,Giro derecho agresivo,2,2022-02-02 20:08:18.975000-05:00,0.0393621215296806,-0.0091773931523193,0.0282459175198777
7694,23.92156862745098,-0.6610728922947195,2.780536214724001,8.016551507651823,0,24,Nissan March,0,0,14.121562186330868,-70.07107352513046,39.75144451831285,Giro derecho agresivo,2,2022-02-02 20:08:19.025000-05:00,0.0074037008019291,-0.0059815510795441,0.0175931106106272
7695,24.31372549019608,-0.2491139784746963,1.6859326834268258,9.362444806309355,0,24,Nissan March,0,0,15.684715758737113,-69.84245664576626,38.53718981137486,Giro derecho agresivo,6,2022-02-02 20:08:19.074000-05:00,-0.0415992109806232,0.0547394483031837,-0.0015819418260236
7696,24.31372549019608,-0.04555780929303799,1.0924143242345798,9.865358672355768,0,24,Nissan March,0,0,15.684715758737113,-70.29969040449468,40.61876930898282,Giro derecho agresivo,6,2022-02-02 20:08:19.124000-05:00,-0.0543825792717238,-0.0166343579887946,-0.009038906662499
7697,24.31372549019608,0.32762850087333617,1.2529561754914993,11.048403671531606,0,24,Nissan March,0,0,13.94787845606351,-68.9279891283094,38.19025989510686,Giro derecho agresivo,6,2022-02-02 20:08:19.179000-05:00,-0.0107060709437967,-0.0613761470076467,0.0048097423195266
7698,24.31372549019608,0.11437918077826525,2.0070163859406636,11.527369258242471,0,24,Nissan March,0,0,16.379450679806553,-71.67139168067995,39.23104964391084,Giro derecho agresivo,6,2022-02-02 20:08:19.225000-05:00,-0.0224241585439723,-0.0390052524982207,0.0101361457741518
7699,24.31372549019608,0.45848603820440226,1.3794436946636164,9.85098970475444,0,24,Nissan March,0,0,16.205766949539193,-68.24213849021679,39.05758468577684,Giro derecho agresivo,6,2022-02-02 20:08:19.275000-05:00,-0.0149671937074969,0.0632616938305841,0.0048097423195266
7700,23.92156862745098,-0.7434646750587242,1.2529561754914993,9.324127559372489,0,24,Nissan March,0,0,15.684715758737113,-69.84245664576626,36.802540230034886,Giro derecho agresivo,8,2022-02-02 20:08:19.324000-05:00,0.0212523497839547,0.0707186586670594,0.0037444616286015
7701,23.92156862745098,-0.6853057695782507,2.5470207947139363,8.318299827279668,0,24,Nissan March,0,0,16.55313441007391,-69.61383976640204,38.71065476950885,Giro derecho agresivo,8,2022-02-02 20:08:19.375000-05:00,0.0958219981487083,0.0771103428126097,0.0112014264650769
7702,23.92156862745098,-0.3072728839551704,1.223766747990241,11.417207173298973,0,24,Nissan March,0,0,13.60051099552879,-69.84245664576626,37.14947014630288,Giro derecho agresivo,8,2022-02-02 20:08:19.424000-05:00,0.0148606656384044,0.0238463082663572,0.0069403037013767
7703,24.31372549019608,-0.7531578259721365,2.809725642225259,9.544451729259483,0,24,Nissan March,0,0,14.468929646865588,-69.61383976640204,40.09837443458083,Giro derecho agresivo,10,2022-02-02 20:08:19.474000-05:00,0.0351009987659804,0.0558047289941087,0.0186583913015522
7704,24.31372549019608,0.8946778293079565,1.9535024355216908,8.917006810668251,0,24,Nissan March,0,0,14.295245916598228,-73.0430929568652,39.23104964391084,Giro derecho agresivo,10,2022-02-02 20:08:19.524000-05:00,-0.0128366323256468,0.0387602379393079,0.0005486195558264
7705,24.31372549019608,-0.5786811095307149,2.118909191362153,8.576941244103537,0,24,Nissan March,0,0,14.642613377132948,-73.0430929568652,38.53718981137486,Giro derecho agresivo,10,2022-02-02 20:08:19.575000-05:00,-0.0181630357802721,0.0291727117209825,0.0005486195558264
7706,24.31372549019608,-0.22003452573445959,1.9924216721900352,10.018627660103244,0,24,Nissan March,0,0,15.684715758737113,-71.21415792195153,39.57797956017884,Giro derecho agresivo,10,2022-02-02 20:08:19.624000-05:00,0.0244481918567299,0.0099976592843315,-0.0005166611350986
7707,24.705882352941178,0.007754520730729908,2.6345890772177105,9.99946903663481,0,24,Nissan March,0,0,15.163664567935037,-71.90000856004414,38.01679493697286,Giro derecho agresivo,12,2022-02-02 20:08:19.675000-05:00,0.0329704373841303,-0.0571150242439465,0.0037444616286015
7708,24.705882352941178,0.5311846700549945,2.3426948022051306,10.03778628357168,0,24,Nissan March,0,0,14.295245916598228,-69.84245664576626,38.53718981137486,Giro derecho agresivo,12,2022-02-02 20:08:19.724000-05:00,0.0436232442933808,-0.0304830069708203,0.0207889526834023
7709,24.705882352941178,0.20161753899897605,2.3864789434570177,9.587558632063466,0,24,Nissan March,0,0,15.858399489004473,-70.9855410425873,38.36372485324087,Giro derecho agresivo,12,2022-02-02 20:08:19.774000-05:00,0.0244481918567299,-0.0294177262798952,0.034637601665428
7710,22.352941176470587,-0.27334685575822726,1.2189018434066983,10.329955291465303,0,24,Nissan March,0,0,14.295245916598228,-72.12862543940835,39.92490947644683,Giro derecho agresivo,14,2022-02-02 20:08:19.824000-05:00,0.0010120166563788,-0.002785709006769,0.0250500754471025
7711,22.352941176470587,0.16769151080203293,2.1043144776115232,9.965941445565049,0,24,Nissan March,0,0,13.60051099552879,-72.12862543940835,39.23104964391084,Giro derecho agresivo,14,2022-02-02 20:08:19.875000-05:00,-0.0234894392348973,0.0163893434298819,0.0175931106106272
7712,22.352941176470587,-0.5544482322471844,2.0362058134419216,7.183151386774917,0,24,Nissan March,0,0,15.684715758737113,-71.67139168067995,39.23104964391084,Giro derecho agresivo,14,2022-02-02 20:08:19.925000-05:00,-0.0330769654532228,0.0504783255394835,0.0090708650832268
7713,22.352941176470587,-0.4187441194594119,2.089719763860895,10.952610554189434,0,24,Nissan March,0,0,16.205766949539193,-69.61383976640204,38.71065476950885,Giro derecho agresivo,14,2022-02-02 20:08:19.975000-05:00,-0.0085755095619466,0.0153240627389568,0.0122667071560019
7714,20.0,0.7783600183470085,2.1091793821950677,9.70730002874118,0,24,Nissan March,0,0,15.684715758737113,-71.21415792195153,39.23104964391084,Giro derecho agresivo,16,2022-02-02 20:08:20.025000-05:00,0.0233829111658048,0.0771103428126097,0.0122667071560019
7715,20.0,-0.9615605706105017,0.5232204879600493,9.472606891252855,0,24,Nissan March,0,0,15.163664567935037,-69.15660600767363,38.71065476950885,Giro derecho agresivo,16,2022-02-02 20:08:20.075000-05:00,-0.0032491061073213,0.019585185502657,0.034637601665428
7716,20.0,-0.6223002886410707,0.6643027208827963,10.253320797591568,0,24,Nissan March,0,0,14.295245916598228,-70.29969040449468,38.88411972764285,Giro derecho agresivo,16,2022-02-02 20:08:20.124000-05:00,-0.0192283164711971,-0.0081121124613942,0.0101361457741518
7717,20.0,-0.7628509768855489,1.2529561754914993,10.013838004236137,0,24,Nissan March,0,0,14.121562186330868,-70.52830728385888,39.404514602044834,Giro derecho agresivo,16,2022-02-02 20:08:20.179000-05:00,-0.0149671937074969,-0.0400705331891457,0.0101361457741518
7718,20.0,0.046527124384379004,1.3502542671623592,9.290599968302727,0,24,Nissan March,0,0,13.60051099552879,-71.67139168067995,39.57797956017884,Giro derecho agresivo,16,2022-02-02 20:08:20.224000-05:00,0.0201870690930297,-0.0400705331891457,0.014397268537852
7719,20.0,-0.13279616751374856,1.5789047825888802,10.550279461352304,0,24,Nissan March,0,0,15.511032028469751,-70.9855410425873,39.05758468577684,Giro derecho agresivo,16,2022-02-02 20:08:20.274000-05:00,-0.0139019130165719,-0.0219607614434199,0.0154625492287771
7720,20.0,0.20646411445568225,0.8637638088080595,9.702510372874071,0,24,Nissan March,0,0,14.989980837667666,-70.7569241632231,39.92490947644683,Giro derecho agresivo,16,2022-02-02 20:08:20.324000-05:00,-0.0192283164711971,-0.0272871648980451,0.0218542333743274
7721,17.647058823529413,-0.6513797413813076,0.6351132933815384,9.257072377232967,0,24,Nissan March,0,0,14.642613377132948,-70.29969040449468,38.19025989510686,Giro derecho agresivo,18,2022-02-02 20:08:20.374000-05:00,-0.0394686495987731,0.0121282206661817,0.0175931106106272
7722,17.647058823529413,-0.06979068657656873,1.2529561754914993,8.509886061964016,0,24,Nissan March,0,0,13.77419472579615,-70.9855410425873,38.36372485324087,Giro derecho agresivo,18,2022-02-02 20:08:20.425000-05:00,-0.0714270703265246,0.0174546241208069,0.0197236719924773
7723,17.647058823529413,-0.5641413831605968,0.8929532363093169,8.481148126761363,0,24,Nissan March,0,0,14.121562186330868,-70.07107352513046,40.09837443458083,Giro derecho agresivo,18,2022-02-02 20:08:20.475000-05:00,-0.0266852813076725,0.0259768696482073,0.014397268537852
7724,17.647058823529413,-1.7757852473371358,0.8443041904738873,8.725420575983906,0,24,Nissan March,0,0,13.253143534994072,-71.21415792195153,38.53718981137486,Giro derecho agresivo,20,2022-02-02 20:08:20.525000-05:00,0.0212523497839547,0.0813714655763099,0.035702882356353
7725,17.647058823529413,-1.2862811262098142,2.026476004274836,8.591310211704862,0,24,Nissan March,0,0,13.94787845606351,-70.29969040449468,39.92490947644683,Giro derecho agresivo,20,2022-02-02 20:08:20.574000-05:00,0.0638635774209567,0.0078670979024814,0.034637601665428
7726,17.647058823529413,0.4439463118342838,0.2799752587828994,9.985100069033482,0,24,Nissan March,0,0,15.858399489004473,-70.52830728385888,40.44530435084883,Giro derecho agresivo,20,2022-02-02 20:08:20.625000-05:00,0.0137953849474794,-0.0208954807524948,0.0197236719924773
7727,17.647058823529413,0.07076000166790952,1.491336500085106,9.721668996342506,0,24,Nissan March,0,0,14.816297107400306,-69.61383976640204,39.404514602044834,Giro derecho agresivo,20,2022-02-02 20:08:20.675000-05:00,-0.0245547199258224,-0.0166343579887946,0.0186583913015522
7728,20.0,-0.4235906949161179,1.5107961184192782,7.939917013778085,0,24,Nissan March,0,0,13.77419472579615,-71.44277480131572,37.32293510443687,Giro derecho agresivo,20,2022-02-02 20:08:20.724000-05:00,-0.0362728075259979,-0.086942883589848,0.0388987244291282
7729,20.0,-0.36543178943564447,1.4426874542496761,8.217717054070386,0,24,Nissan March,0,0,13.42682726526143,-69.61383976640204,37.66986502070487,Giro derecho agresivo,20,2022-02-02 20:08:20.775000-05:00,-0.0309464040713727,-0.02409132282527,0.0239847947561775
7730,20.0,0.8025928956305393,2.4253981801253612,10.53112083788387,0,24,Nissan March,0,0,14.295245916598228,-70.29969040449468,38.88411972764285,Giro derecho agresivo,20,2022-02-02 20:08:20.825000-05:00,0.0180565077111796,0.0025406944478562,0.0442251278837534
7731,20.0,-0.2491139784746963,3.1745934859909832,10.449696688143025,0,24,Nissan March,0,0,16.205766949539193,-71.44277480131572,38.71065476950885,Giro derecho agresivo,20,2022-02-02 20:08:20.875000-05:00,-0.0021838254163963,-0.0379399718072956,0.034637601665428
7732,22.352941176470587,0.21615726536909463,-0.10921710790054018,11.493841667172711,0,24,Nissan March,0,0,15.511032028469751,-70.9855410425873,38.71065476950885,Giro derecho agresivo,22,2022-02-02 20:08:20.925000-05:00,-0.0650353861809743,-0.0528539014802463,0.0218542333743274
7733,22.352941176470587,-0.6804591941215443,1.904853389686261,8.945744745870904,0,24,Nissan March,0,0,14.121562186330868,-73.27170983622942,37.66986502070487,Giro derecho agresivo,22,2022-02-02 20:08:20.975000-05:00,0.0212523497839547,0.0174546241208069,0.0399640051200532
7734,22.352941176470587,-0.641686590467895,1.48160669091802,11.862645168940077,0,24,Nissan March,0,0,12.905776074459352,-70.7569241632231,38.88411972764285,Giro derecho agresivo,22,2022-02-02 20:08:21.024000-05:00,-0.0181630357802721,0.0579352903759588,0.0250500754471025
7735,22.352941176470587,-0.665919467751426,2.3475597067886733,8.074027378057128,0,24,Nissan March,0,0,12.732092344191985,-69.15660600767363,39.05758468577684,Giro derecho agresivo,22,2022-02-02 20:08:21.074000-05:00,0.0340357180750553,0.0323685537937576,0.0229195140652524
7736,22.352941176470587,0.16284493534532674,2.4643174167937056,10.57422774068785,0,24,Nissan March,0,0,15.684715758737113,-71.21415792195153,40.61876930898282,Giro derecho agresivo,22,2022-02-02 20:08:21.125000-05:00,0.0755816650211323,-0.0145037966069445,0.034637601665428
7737,22.352941176470587,0.06591342621120377,2.5908049359658234,8.035710131120258,0,24,Nissan March,0,0,16.72681814034127,-69.84245664576626,38.88411972764285,Giro derecho agresivo,22,2022-02-02 20:08:21.176000-05:00,0.0745163843302072,0.0142587820480318,0.0410292858109783
7738,22.352941176470587,-0.3508920630655257,0.4307873008727323,11.460314076102952,0,24,Nissan March,0,0,15.684715758737113,-70.7569241632231,40.96569922525081,Giro derecho agresivo,22,2022-02-02 20:08:21.224000-05:00,0.0351009987659804,0.0281074310300574,0.034637601665428
7739,22.352941176470587,0.3615545290702792,2.7610765963898283,10.100051809844093,0,24,Nissan March,0,0,13.60051099552879,-71.67139168067995,38.88411972764285,Giro derecho agresivo,24,2022-02-02 20:08:21.275000-05:00,0.0617330160391066,-0.0283524455889702,0.035702882356353
7740,22.352941176470587,0.666888782842767,1.9145831988533468,11.474683043704276,0,24,Nissan March,0,0,13.77419472579615,-71.90000856004414,37.32293510443687,Giro derecho agresivo,24,2022-02-02 20:08:21.324000-05:00,0.0510802091298561,0.0110629399752566,0.0271806368289526
7741,22.352941176470587,0.3954805572672224,1.2724157938256713,11.00050711286052,0,24,Nissan March,0,0,14.295245916598228,-73.0430929568652,40.27183939271482,Giro derecho agresivo,24,2022-02-02 20:08:21.374000-05:00,0.0137953849474794,0.019585185502657,0.013331987846927
7742,22.352941176470587,0.12407233169167764,1.6080942100901383,9.228334442030317,0,24,Nissan March,0,0,15.858399489004473,-71.90000856004414,38.71065476950885,Giro derecho agresivo,24,2022-02-02 20:08:21.424000-05:00,0.0180565077111796,0.0472824834667083,0.0080055843923017
7743,21.176470588235293,-0.20549479936434123,2.2356669013671846,7.791437681897716,0,24,Nissan March,0,0,15.684715758737113,-71.67139168067995,39.57797956017884,Giro derecho agresivo,24,2022-02-02 20:08:21.474000-05:00,-5.326403454624512e-05,0.0526088869213336,-0.0037125032078737
7744,21.176470588235293,-0.3363523366954071,0.4940310604587914,12.518828022733963,0,24,Nissan March,0,0,14.468929646865588,-72.35724231877256,38.36372485324087,Giro derecho agresivo,24,2022-02-02 20:08:21.524000-05:00,-0.0490561758170985,-0.0145037966069445,-0.0015819418260236
7745,21.176470588235293,-0.32181261032528874,-0.22597481790557222,8.361406730083646,0,24,Nissan March,0,0,12.558408613924623,-71.21415792195153,37.14947014630288,Giro derecho agresivo,24,2022-02-02 20:08:21.574000-05:00,-0.0842104386176252,0.0483477641576334,-0.0015819418260236
7746,21.176470588235293,-0.5689879586173028,0.3626786367031303,9.649824158335877,0,24,Nissan March,0,0,14.468929646865588,-72.35724231877256,37.66986502070487,Giro derecho agresivo,24,2022-02-02 20:08:21.625000-05:00,-0.0341422461441478,0.0739145007398346,0.0154625492287771
7747,17.647058823529413,-0.32665918578199493,0.2410560221145558,10.03299662770457,0,24,Nissan March,0,0,15.511032028469751,-71.44277480131572,39.05758468577684,Giro derecho agresivo,24,2022-02-02 20:08:21.674000-05:00,-0.0692965089446745,0.0121282206661817,0.0122667071560019
7748,17.647058823529413,0.24039014265262515,-0.8048984633471888,8.112344624993996,0,24,Nissan March,0,0,14.642613377132948,-72.58585919813677,38.88411972764285,Giro derecho agresivo,24,2022-02-02 20:08:21.724000-05:00,-0.0554478599626488,-0.0432663752619209,0.0069403037013767
7749,17.647058823529413,0.6571956319293547,2.152963523446954,6.996354807957679,0,24,Nissan March,0,0,13.60051099552879,-69.38522288703783,39.57797956017884,Giro derecho agresivo,24,2022-02-02 20:08:21.774000-05:00,-0.0479908951261735,0.0717839393579845,-0.0047777838987988
7750,18.823529411764707,-0.28304000667163964,2.702697741387312,8.217717054070386,0,24,Nissan March,0,0,12.732092344191985,-72.814476077501,38.71065476950885,Giro derecho agresivo,26,2022-02-02 20:08:21.825000-05:00,0.0020772973473038,0.0590005710668839,0.0112014264650769
7751,18.823529411764707,-0.4187441194594119,1.802690393431858,10.411379441206154,0,24,Nissan March,0,0,13.94787845606351,-71.67139168067995,39.57797956017884,Giro derecho agresivo,26,2022-02-02 20:08:21.874000-05:00,0.0287093146204301,0.0121282206661817,0.014397268537852
7752,18.823529411764707,-0.7628509768855489,1.8951235805191755,11.048403671531606,0,24,Nissan March,0,0,14.989980837667666,-69.38522288703783,38.53718981137486,Giro derecho agresivo,26,2022-02-02 20:08:21.924000-05:00,-5.326403454624512e-05,-0.0507233400983962,0.0175931106106272
7753,20.392156862745097,-0.18610849753751646,2.629724172634168,10.70354844909978,0,24,Nissan March,0,0,13.42682726526143,-71.44277480131572,40.09837443458083,Giro derecho agresivo,26,2022-02-02 20:08:21.975000-05:00,0.0521454898207812,0.146353587722738,0.0197236719924773
7754,20.392156862745097,-1.392905786257349,-0.1821906766536852,12.14523486509949,0,24,Nissan March,0,0,12.732092344191985,-73.27170983622942,39.05758468577684,Giro derecho agresivo,26,2022-02-02 20:08:22.024000-05:00,-0.0181630357802721,-0.0294177262798952,0.0197236719924773
7755,20.392156862745097,-1.6013085308957138,1.491336500085106,9.582768976196355,0,24,Nissan March,0,0,15.337348298202391,-72.58585919813677,39.23104964391084,Giro derecho agresivo,26,2022-02-02 20:08:22.074000-05:00,0.0116648235656293,0.0632616938305841,0.0293111982108027
7756,20.7843137254902,1.2048586585371504,-0.542193615835867,11.225620938614629,0,24,Nissan March,0,0,15.163664567935037,-70.9855410425873,39.05758468577684,Giro derecho agresivo,26,2022-02-02 20:08:22.124000-05:00,-0.0128366323256468,-0.0198302000615698,0.0122667071560019
7757,20.7843137254902,-0.6368400150111888,1.8513394392672884,7.666906629352892,0,24,Nissan March,0,0,13.77419472579615,-71.90000856004414,38.71065476950885,Giro derecho agresivo,26,2022-02-02 20:08:22.176000-05:00,0.0468190863661559,0.0749797814307596,0.0314417595926528
7758,20.7843137254902,-0.36543178943564447,-0.1919204858207712,9.084644766017057,0,24,Nissan March,0,0,13.60051099552879,-71.21415792195153,37.49640006257088,Giro derecho agresivo,26,2022-02-02 20:08:22.225000-05:00,0.0031425780382289,-0.0986609711900235,0.0037444616286015
7759,20.7843137254902,-0.9082482405867338,1.184847511321897,10.449696688143025,0,24,Nissan March,0,0,13.079459804726712,-70.52830728385888,39.75144451831285,Giro derecho agresivo,26,2022-02-02 20:08:22.274000-05:00,0.0382968408387555,-0.0176996386797197,0.0197236719924773
7760,20.7843137254902,0.5844970000787623,3.252431959327671,7.915968734442542,0,24,Nissan March,0,0,13.253143534994072,-73.0430929568652,38.88411972764285,Giro derecho agresivo,26,2022-02-02 20:08:22.325000-05:00,0.0532107705117062,-0.0507233400983962,0.0197236719924773
7761,20.7843137254902,2.1984066271619125,4.259467208121071,8.696682640781253,0,24,Nissan March,0,0,14.121562186330868,-72.35724231877256,41.139164183384814,Giro derecho agresivo,26,2022-02-02 20:08:22.375000-05:00,0.0841039105485327,0.0025406944478562,0.0399640051200532
7762,20.7843137254902,0.44879288729099,-0.36705705082831913,9.075065454282838,0,24,Nissan March,0,0,13.77419472579615,-70.9855410425873,39.05758468577684,Giro derecho agresivo,26,2022-02-02 20:08:22.424000-05:00,0.0148606656384044,-0.0475274980256211,0.0080055843923017
7763,17.254901960784313,0.8171326220006578,-0.08489258498282515,10.17189664785072,0,24,Nissan March,0,0,11.863673692855189,-72.12862543940835,38.53718981137486,Giro derecho agresivo,28,2022-02-02 20:08:22.474000-05:00,-0.0266852813076725,0.0526088869213336,0.0037444616286015
7764,17.254901960784313,0.7492805656067716,0.7713306217207423,8.160241183665084,0,24,Nissan March,0,0,12.384724883657263,-70.52830728385888,39.05758468577684,Giro derecho agresivo,28,2022-02-02 20:08:22.524000-05:00,0.0031425780382289,-0.0517886207893213,0.0186583913015522
7765,17.254901960784313,0.16284493534532674,0.3188944954512434,10.358693226667958,0,24,Nissan March,0,0,14.121562186330868,-71.90000856004414,39.05758468577684,Giro derecho agresivo,28,2022-02-02 20:08:22.574000-05:00,-0.0298811233804476,-0.0432663752619209,-0.0026472225169487
7766,13.72549019607843,-0.15702904479727953,-0.0459733483144813,8.754158511186557,0,24,Nissan March,0,0,13.94787845606351,-72.12862543940835,40.27183939271482,Giro derecho agresivo,28,2022-02-02 20:08:22.625000-05:00,-0.0522520178898737,0.0366296765574578,0.0080055843923017
7767,13.72549019607843,-0.48659617585329795,0.05132474335637871,10.655651890428697,0,24,Nissan March,0,0,15.684715758737113,-71.67139168067995,39.23104964391084,Giro derecho agresivo,28,2022-02-02 20:08:22.674000-05:00,-0.0213588778530472,0.0355643958665328,0.0314417595926528
7768,13.72549019607843,-1.063338655201331,-1.9189616129785354,9.721668996342506,0,24,Nissan March,0,0,14.989980837667666,-70.29969040449468,38.19025989510686,Giro derecho agresivo,28,2022-02-02 20:08:22.725000-05:00,-0.1129730172726016,-0.0709636732259722,-0.0133000294261992
7769,13.72549019607843,-0.1231030166003364,-0.2794887683245451,10.06173456290722,0,24,Nissan March,0,0,14.468929646865588,-71.90000856004414,39.75144451831285,Giro derecho agresivo,28,2022-02-02 20:08:22.775000-05:00,-0.08101459654485,0.0494130448485584,-0.0037125032078737
7770,13.333333333333334,0.7105079619531223,1.3697138854965314,12.241027982441665,0,24,Nissan March,0,0,15.337348298202391,-72.58585919813677,38.19025989510686,Giro derecho agresivo,28,2022-02-02 20:08:22.825000-05:00,-0.0426644916715482,0.1697897629230891,0.013331987846927
7771,13.333333333333334,-0.7919304296257861,0.922142663810575,11.96801759801647,0,24,Nissan March,0,0,15.163664567935037,-71.90000856004414,39.75144451831285,Giro derecho agresivo,28,2022-02-02 20:08:22.875000-05:00,-0.0277505619985975,0.0174546241208069,0.0325070402835779
7772,13.333333333333334,-0.6077605622709519,-0.01678392081322333,5.923471893725338,0,24,Nissan March,0,0,13.42682726526143,-72.814476077501,39.404514602044834,Giro derecho agresivo,28,2022-02-02 20:08:22.925000-05:00,0.0233829111658048,0.1442230263408879,0.0175931106106272
7773,12.549019607843135,0.8171326220006578,-0.654086421257356,9.611506911399006,0,24,Nissan March,0,0,13.42682726526143,-72.814476077501,39.05758468577684,Giro derecho agresivo,28,2022-02-02 20:08:22.975000-05:00,0.0329704373841303,-0.025156603516195,0.0058750230104516
7774,12.549019607843135,-0.26850028030152107,0.5572748200448503,9.31933790350538,0,24,Nissan March,0,0,13.42682726526143,-73.27170983622942,39.05758468577684,Giro derecho agresivo,28,2022-02-02 20:08:23.024000-05:00,0.0553413318935563,-0.0571150242439465,0.0239847947561775
7775,12.549019607843135,-0.8161633069093168,-0.19678539040431414,8.260823956874363,0,24,Nissan March,0,0,14.121562186330868,-70.9855410425873,38.71065476950885,Giro derecho agresivo,28,2022-02-02 20:08:23.074000-05:00,0.0137953849474794,-0.0613761470076467,0.0122667071560019
7776,12.549019607843135,0.3954805572672224,1.836744725516659,6.699396144196942,0,24,Nissan March,0,0,13.42682726526143,-70.52830728385888,39.05758468577684,Giro derecho agresivo,28,2022-02-02 20:08:23.124000-05:00,0.1000831209124085,0.0366296765574578,0.0474209699565286
7777,12.941176470588236,-0.11825644114363021,0.6302483887979953,12.6481487311459,0,24,Nissan March,0,0,11.168938771785747,-72.12862543940835,39.92490947644683,Giro derecho agresivo,28,2022-02-02 20:08:23.175000-05:00,0.027644033929505,0.0238463082663572,0.0250500754471025
7778,12.941176470588236,-2.192590736613866,0.5426801062942215,8.552992964767993,0,24,Nissan March,0,0,14.295245916598228,-70.7569241632231,40.27183939271482,Giro derecho agresivo,28,2022-02-02 20:08:23.224000-05:00,-0.0181630357802721,0.0153240627389568,0.0175931106106272
7779,12.941176470588236,-1.0100263251775632,0.48916615587524825,8.835582660927404,0,24,Nissan March,0,0,14.121562186330868,-72.35724231877256,38.71065476950885,Giro derecho agresivo,28,2022-02-02 20:08:23.275000-05:00,0.005273139420079,0.019585185502657,0.0101361457741518
7780,12.941176470588236,-0.5980674113575395,-0.9119263641851348,9.304968935904052,0,24,Nissan March,0,0,14.121562186330868,-74.18617735368626,41.139164183384814,Giro derecho agresivo,28,2022-02-02 20:08:23.324000-05:00,0.0137953849474794,0.0131935013571067,0.0229195140652524
7781,12.941176470588236,-0.3460454876088195,0.5815993429625654,7.920758390309651,0,24,Nissan March,0,0,13.079459804726712,-72.35724231877256,37.32293510443687,Giro derecho agresivo,28,2022-02-02 20:08:23.374000-05:00,-0.0107060709437967,0.0675228165942843,0.0229195140652524
7782,12.941176470588236,0.45363946274769607,-1.6416620517165845,9.53487241752527,0,24,Nissan March,0,0,12.905776074459352,-73.0430929568652,38.88411972764285,Giro derecho agresivo,28,2022-02-02 20:08:23.425000-05:00,-0.0714270703265246,-0.0134385159160195,-0.0026472225169487
7783,12.941176470588236,0.0029079452740237155,1.7102572063445407,10.67481051389713,0,24,Nissan March,0,0,15.163664567935037,-72.35724231877256,39.05758468577684,Giro derecho agresivo,28,2022-02-02 20:08:23.475000-05:00,-0.0437297723624733,0.0270421503391324,0.0016139002467514
7784,12.15686274509804,0.230696991739213,0.9951162325637202,10.46406565574435,0,24,Nissan March,0,0,14.295245916598228,-71.67139168067995,38.88411972764285,Giro derecho agresivo,28,2022-02-02 20:08:23.524000-05:00,-0.0096407902528717,0.0994812373220358,0.0250500754471025
7785,12.15686274509804,-1.4316783899109986,0.2994348771170716,9.113382701219708,0,24,Nissan March,0,0,13.60051099552879,-71.21415792195153,38.53718981137486,Giro derecho agresivo,28,2022-02-02 20:08:23.574000-05:00,-0.0288158426895226,-0.0358094104254455,0.0186583913015522
7786,12.15686274509804,0.0949928789514407,-0.3816517645789481,8.830793005060295,0,24,Nissan March,0,0,12.037357423122543,-72.35724231877256,38.36372485324087,Giro derecho agresivo,28,2022-02-02 20:08:23.624000-05:00,-0.0309464040713727,0.0025406944478562,0.0016139002467514
7787,12.15686274509804,0.33247507633004236,-1.3789572042052627,8.53383434129956,0,24,Nissan March,0,0,13.253143534994072,-72.12862543940835,39.57797956017884,Giro derecho agresivo,28,2022-02-02 20:08:23.675000-05:00,0.0020772973473038,-0.002785709006769,0.014397268537852
7788,10.980392156862743,-1.2765879752964018,0.02700022043866379,11.733324460528143,0,24,Nissan March,0,0,14.121562186330868,-71.44277480131572,40.09837443458083,Giro derecho agresivo,28,2022-02-02 20:08:23.725000-05:00,-0.0149671937074969,0.0749797814307596,0.0239847947561775
7789,10.980392156862743,1.602277845987055,0.46484163295753356,11.24477956208306,0,24,Nissan March,0,0,14.121562186330868,-72.814476077501,39.404514602044834,Giro derecho agresivo,28,2022-02-02 20:08:23.775000-05:00,0.0382968408387555,0.0121282206661817,0.0314417595926528
7790,10.980392156862743,-2.3282948494016376,0.4307873008727323,10.238951829990242,0,24,Nissan March,0,0,12.037357423122543,-71.44277480131572,40.792234267116825,Giro derecho agresivo,28,2022-02-02 20:08:23.824000-05:00,-0.0075102288710215,-0.0198302000615698,0.014397268537852
7791,10.980392156862743,0.1870778126288577,1.4572821680003052,8.7781067905221,0,24,Nissan March,0,0,12.384724883657263,-71.44277480131572,38.71065476950885,Giro derecho agresivo,28,2022-02-02 20:08:23.874000-05:00,0.0542760512026313,-0.0858776028989229,0.034637601665428
7792,10.980392156862743,-0.14248931842716095,-0.2648940545739161,8.974482681073555,0,24,Nissan March,0,0,12.037357423122543,-72.814476077501,39.404514602044834,Giro derecho agresivo,28,2022-02-02 20:08:23.924000-05:00,0.0255134725476549,-0.0049162703886191,0.0175931106106272
7793,10.980392156862743,1.1854723567103258,-0.42057100124729213,10.224582862388916,0,24,Nissan March,0,0,14.816297107400306,-72.814476077501,39.05758468577684,Giro derecho agresivo,28,2022-02-02 20:08:23.975000-05:00,0.0180565077111796,-0.0230260421343449,0.0271806368289526
7794,10.980392156862743,-1.218429069815927,-2.2303155063252875,9.67856209353853,0,24,Nissan March,0,0,13.94787845606351,-71.67139168067995,37.84332997883888,Giro derecho agresivo,28,2022-02-02 20:08:24.025000-05:00,0.0340357180750553,0.0217157468845071,0.0538126541020789
7795,10.980392156862743,-0.6853057695782507,-0.5130041883346091,10.420958752940372,0,24,Nissan March,0,0,13.079459804726712,-70.9855410425873,39.05758468577684,Giro derecho agresivo,28,2022-02-02 20:08:24.074000-05:00,0.0180565077111796,0.1005465180129608,0.0218542333743274
7796,10.980392156862743,-0.20064822390763482,-1.8459880442253902,13.093586726787004,0,24,Nissan March,0,0,12.384724883657263,-70.9855410425873,37.32293510443687,Giro derecho agresivo,28,2022-02-02 20:08:24.125000-05:00,0.0105995428747042,0.0227810275754322,0.0271806368289526
7797,10.980392156862743,-0.7337715241453122,-0.649221516673813,9.06548614254862,0,24,Nissan March,0,0,14.295245916598228,-71.67139168067995,38.53718981137486,Giro derecho agresivo,28,2022-02-02 20:08:24.175000-05:00,0.006338420111004,0.0206504661935821,0.0197236719924773
7798,10.980392156862743,1.0303819420957288,0.9416022821447472,9.60192759966479,1,24,Nissan March,0,0,15.684715758737113,-73.95756047432204,38.19025989510686,Giro derecho agresivo,28,2022-02-02 20:08:24.225000-05:00,-0.0117713516347218,0.0749797814307596,0.0026791809376765
7799,10.980392156862743,1.4568805822858704,1.3356595534117301,11.60879340798332,1,24,Nissan March,0,0,12.905776074459352,-71.21415792195153,38.88411972764285,Giro derecho agresivo,28,2022-02-02 20:08:24.275000-05:00,-0.0224241585439723,-0.0496580594074712,0.014397268537852
7800,10.980392156862743,0.49725864185805146,-1.7730144754722454,12.346400411518054,1,24,Nissan March,0,0,14.121562186330868,-72.35724231877256,39.05758468577684,Giro derecho agresivo,28,2022-02-02 20:08:24.324000-05:00,-0.0394686495987731,-0.2041237595916035,-0.0409973273902505
7801,10.980392156862743,0.6620422073860608,-3.9914109655678516,8.696682640781253,1,24,Nissan March,0,0,13.94787845606351,-74.41479423305046,38.19025989510686,Giro derecho agresivo,26,2022-02-02 20:08:24.375000-05:00,-0.1119077365816765,-0.2296904961738047,-0.1390031509553552
7802,10.980392156862743,2.5182806073045185,-8.603340510766614,12.619410795943248,1,24,Nissan March,0,0,15.684715758737113,-71.21415792195153,39.92490947644683,Giro derecho agresivo,26,2022-02-02 20:08:24.424000-05:00,-0.2088482794558561,-0.298933741083933,-0.2082463958654835
7803,10.980392156862743,2.552206635501462,-6.399538734421636,10.267689765192896,1,24,Nissan March,0,0,15.511032028469751,-72.35724231877256,38.71065476950885,Giro derecho agresivo,26,2022-02-02 20:08:24.474000-05:00,-0.1374744731638777,-0.1284888305359249,-0.2604451497208109
7804,10.980392156862743,3.642686113260347,-2.663292014260614,11.618372719717536,1,24,Nissan March,0,0,15.858399489004473,-72.814476077501,36.97600518816888,Giro derecho agresivo,26,2022-02-02 20:08:24.524000-05:00,0.0137953849474794,-0.1806875843912524,-0.2849466056120871
7805,10.980392156862743,0.45363946274769607,-7.2508970365416605,10.521541526149653,1,24,Nissan March,0,0,14.642613377132948,-71.21415792195153,38.53718981137486,Giro derecho agresivo,26,2022-02-02 20:08:24.575000-05:00,0.0351009987659804,0.08350202695816,-0.34460232430389
7806,10.980392156862743,1.5004997613962259,-8.413609232008438,10.92866227485389,1,24,Nissan March,0,0,15.684715758737113,-70.7569241632231,38.53718981137486,Giro derecho agresivo,26,2022-02-02 20:08:24.625000-05:00,0.048949647748006,0.0909589917946354,-0.2945341318304126
7807,10.980392156862743,1.7670614115150645,-10.07740659958014,7.915968734442542,1,24,Nissan March,0,0,14.295245916598228,-69.38522288703783,39.23104964391084,Giro derecho agresivo,26,2022-02-02 20:08:24.674000-05:00,0.1352373837129351,0.1346355001225625,-0.2561840269571108
7808,10.588235294117649,2.2420258062722676,-5.144393351867542,7.686065252821326,1,24,Nissan March,0,0,16.379450679806553,-68.9279891283094,38.88411972764285,Giro derecho agresivo,22,2022-02-02 20:08:24.724000-05:00,0.133106822331085,-0.0017204283158439,-0.2157033607019588
7809,10.588235294117649,0.1870778126288577,-5.626018905638299,7.604641103080478,1,24,Nissan March,0,0,15.684715758737113,-70.7569241632231,39.23104964391084,Giro derecho agresivo,22,2022-02-02 20:08:24.774000-05:00,0.1373679450947852,-0.0411358138800708,-0.2295520096839845
7810,10.588235294117649,3.7250778960243514,-4.915742836441021,9.92283454276107,1,24,Nissan March,0,0,18.11628798248016,-72.12862543940835,37.49640006257088,Giro derecho agresivo,22,2022-02-02 20:08:24.825000-05:00,0.1096706471307339,-0.2115807244280789,-0.303056377357813
7811,10.588235294117649,3.768697075134707,-2.7800497242656457,11.259148529684389,1,24,Nissan March,0,0,16.55313441007391,-70.9855410425873,40.44530435084883,Giro derecho agresivo,16,2022-02-02 20:08:24.876000-05:00,0.1192581733490594,-0.2637794782834064,-0.4159761305958683
7812,10.588235294117649,3.647532688717053,-2.167071746739228,11.7093761811926,1,24,Nissan March,0,0,17.942604252212796,-70.52830728385888,39.75144451831285,Giro derecho agresivo,16,2022-02-02 20:08:24.925000-05:00,0.153347155458661,-0.3031948638476333,-0.5683112693981506
7813,10.588235294117649,3.2355737748970297,-1.7681495708887027,11.905752071744056,1,24,Nissan March,0,0,18.984706633816952,-70.07107352513046,39.75144451831285,Giro derecho agresivo,16,2022-02-02 20:08:24.975000-05:00,0.1448249099312606,-0.1700347774820019,-0.6759046191815806
7814,10.588235294117649,4.825250524696649,-2.8919425296871344,12.188341767903466,1,24,Nissan March,0,0,17.768920521945436,-70.29969040449468,37.84332997883888,Giro derecho agresivo,12,2022-02-02 20:08:25.025000-05:00,0.0990178402214834,-0.1370110760633253,-0.7312992151096832
7815,10.588235294117649,3.8850148860956546,-3.646002740136299,11.019665736328957,1,24,Nissan March,0,0,18.984706633816952,-69.61383976640204,38.01679493697286,Giro derecho agresivo,12,2022-02-02 20:08:25.074000-05:00,0.0872997526213079,-0.0304830069708203,-0.7408867413280087
7816,10.588235294117649,3.2549600767238545,-2.7703199150985602,12.015914156687556,1,24,Nissan March,0,0,20.547860206223195,-67.55628785212414,37.84332997883888,Giro derecho agresivo,12,2022-02-02 20:08:25.125000-05:00,0.0287093146204301,-0.0379399718072956,-0.7430173027098588
7817,10.588235294117649,3.8753217351822427,-3.3638382742908055,9.357655150442248,1,24,Nissan March,0,0,20.721543936490555,-66.87043721403153,38.71065476950885,Giro derecho agresivo,12,2022-02-02 20:08:25.175000-05:00,0.0180565077111796,-0.002785709006769,-0.7600617937646597
7818,10.196078431372548,4.083724479820607,-5.173582779368801,11.220831282747518,1,24,Nissan March,0,0,21.93733004836207,-63.8984177822968,38.53718981137486,Giro derecho agresivo,10,2022-02-02 20:08:25.225000-05:00,-0.101254929672426,0.0973506759401857,-0.7312992151096832
7819,10.196078431372548,2.285644985382623,-3.3638382742908055,9.654613814202984,1,24,Nissan March,0,0,22.2846975088968,-64.81288529975363,38.88411972764285,Giro derecho agresivo,10,2022-02-02 20:08:25.274000-05:00,0.0212523497839547,0.0451519220848582,-0.7142547240548824
7820,10.196078431372548,2.7266833519428837,-4.871958695189134,10.473644967478569,1,24,Nissan March,0,0,22.63206496943152,-65.27011905848205,38.88411972764285,Giro derecho agresivo,10,2022-02-02 20:08:25.324000-05:00,-0.0458603337443234,0.1900300960506651,-0.6386197949992038
7821,10.196078431372548,1.6168175723571736,-2.1038279871531693,9.683351749405636,1,24,Nissan March,0,0,23.67416735103568,-64.81288529975363,40.27183939271482,Giro derecho agresivo,10,2022-02-02 20:08:25.375000-05:00,0.1054095243670337,0.1325049387407124,-0.5949432866712768
7822,9.803921568627452,0.49725864185805146,-3.1157281405301127,11.110669197804018,1,24,Nissan March,0,0,24.889953462907197,-62.75533338547574,40.09837443458083,Giro derecho agresivo,12,2022-02-02 20:08:25.425000-05:00,0.13204154164016,0.1602022367047637,-0.5683112693981506
7823,9.803921568627452,0.7153545374098285,-3.1789719001161716,10.344324259066632,1,24,Nissan March,0,0,25.758372114244,-62.52671650611151,40.61876930898282,Giro derecho agresivo,12,2022-02-02 20:08:25.475000-05:00,0.069189980875582,0.08350202695816,-0.5544626204161248
7824,9.803921568627452,0.8752915274811317,-2.8286987701010755,10.286848388661328,1,24,Nissan March,0,0,26.626790765580804,-64.12703466166099,39.05758468577684,Giro derecho agresivo,12,2022-02-02 20:08:25.525000-05:00,0.0659941388028068,0.0920242724855605,-0.5267653224520735
7825,9.411764705882351,0.3615545290702792,-2.9065372434377634,11.17293472407643,1,24,Nissan March,0,0,27.842576877452316,-63.441184023568354,39.23104964391084,Giro derecho agresivo,12,2022-02-02 20:08:25.575000-05:00,0.0883650333122329,0.0707186586670594,-0.4809582527422964
7826,9.411764705882351,0.05622027529779139,-2.930861766355479,9.793513834349138,1,24,Nissan March,0,0,26.10573957477872,-62.0694827473831,38.53718981137486,Giro derecho agresivo,12,2022-02-02 20:08:25.624000-05:00,0.0446885249843058,0.0707186586670594,-0.45006511270547
7827,9.411764705882351,0.5117983682281699,-3.047619476360511,10.842448469245932,1,24,Nissan March,0,0,27.842576877452316,-59.783313953741,38.19025989510686,Giro derecho agresivo,12,2022-02-02 20:08:25.674000-05:00,0.0436232442933808,0.1080034828494362,-0.4234330954323437
7828,9.411764705882351,-0.4672098740264736,-2.1524770329885987,10.06173456290722,1,24,Nissan March,0,0,26.10573957477872,-58.868846436284166,37.84332997883888,Giro derecho agresivo,12,2022-02-02 20:08:25.724000-05:00,0.0585371739663315,0.0792409041944599,-0.3616468153586908
7829,9.019607843137257,-0.7773907032556673,-2.468695830918894,9.961151789697938,1,24,Nissan March,0,0,26.974158226115524,-59.09746331564836,38.71065476950885,Giro derecho agresivo,10,2022-02-02 20:08:25.774000-05:00,0.0319051566932052,0.0376949572483829,-0.3403412015401897
7830,9.019607843137257,-0.7386180996020182,-2.8870776251035926,10.416169097073263,1,24,Nissan March,0,0,26.974158226115524,-57.268528280734685,36.97600518816888,Giro derecho agresivo,10,2022-02-02 20:08:25.824000-05:00,0.0382968408387555,0.0376949572483829,-0.3264925525581641
7831,9.019607843137257,-0.06979068657656873,-2.502750163003695,9.7743552108807,1,24,Nissan March,0,0,26.45310703531344,-56.125443883913626,38.88411972764285,Giro derecho agresivo,10,2022-02-02 20:08:25.875000-05:00,0.0329704373841303,0.0323685537937576,-0.2913382897576375
7832,9.019607843137257,-0.2491139784746963,-2.6778867280112433,10.53112083788387,1,24,Nissan March,0,0,26.80047449584816,-57.03991140137048,39.57797956017884,Giro derecho agresivo,10,2022-02-02 20:08:25.925000-05:00,0.0361662794569054,0.0131935013571067,-0.2583145883389608
7833,9.019607843137257,-0.476903024939886,-2.225450601741744,10.234162174123137,1,24,Nissan March,0,0,26.10573957477872,-56.58267764264205,38.53718981137486,Giro derecho agresivo,8,2022-02-02 20:08:25.975000-05:00,0.0297745953113551,0.0142587820480318,-0.2274214483021344
7834,9.019607843137257,-0.3072728839551704,-1.9530159450633364,9.946782822096614,1,24,Nissan March,0,0,27.321525686650244,-55.43959324582101,37.66986502070487,Giro derecho agresivo,8,2022-02-02 20:08:26.024000-05:00,0.0308398760022802,0.0163893434298819,-0.2050505537927083
7835,9.019607843137257,-0.593220835900834,-1.6222024333824123,9.846200048887331,1,24,Nissan March,0,0,25.758372114244,-55.21097636645679,38.53718981137486,Giro derecho agresivo,8,2022-02-02 20:08:26.075000-05:00,0.0180565077111796,0.0131935013571067,-0.1848102206651323
7836,9.019607843137257,-0.7531578259721365,-1.7632846663051593,9.803093146083354,1,24,Nissan March,0,0,26.45310703531344,-52.92480757281469,37.14947014630288,Giro derecho agresivo,8,2022-02-02 20:08:26.124000-05:00,0.0127301042565543,0.0131935013571067,-0.1688310103012566
7837,8.627450980392156,-0.6465331659246016,-1.2621994942002308,9.99946903663481,1,24,Nissan March,0,0,27.14784195638288,-54.29650884899995,39.23104964391084,Giro derecho agresivo,8,2022-02-02 20:08:26.175000-05:00,0.0201870690930297,0.0078670979024814,-0.1421989930281303
7838,8.627450980392156,-0.656226316838014,-1.7195005250532724,9.841410393020224,1,24,Nissan March,0,0,27.321525686650244,-53.61065821090733,39.05758468577684,Giro derecho agresivo,8,2022-02-02 20:08:26.225000-05:00,0.0212523497839547,-0.0006551476249189,-0.1166322564459291
7839,8.627450980392156,-0.8403961841928476,-1.2330100666989727,10.373062194269286,1,24,Nissan March,0,0,27.495209416917596,-53.839275090271535,37.49640006257088,Giro derecho agresivo,8,2022-02-02 20:08:26.275000-05:00,0.0148606656384044,-0.0091773931523193,-0.1102405723003788
7840,8.627450980392156,-0.44782357219964886,-2.113557796320255,9.539662073392378,1,24,Nissan March,0,0,26.974158226115524,-53.15342445217889,39.05758468577684,Giro derecho agresivo,8,2022-02-02 20:08:26.325000-05:00,0.006338420111004,0.0004101330660061,-0.0953266426274281
7841,8.235294117647058,-0.6804591941215443,-1.2184153529483437,10.526331182016762,0,24,Nissan March,0,0,27.668893147184964,-55.21097636645679,38.01679493697286,Giro derecho agresivo,6,2022-02-02 20:08:26.374000-05:00,0.0233829111658048,-0.002785709006769,-0.0686946253543018
7842,8.235294117647058,-0.8258564578227292,-1.3157134446192038,10.914293307252564,0,24,Nissan March,0,0,26.279423305046087,-53.15342445217889,38.01679493697286,Giro derecho agresivo,6,2022-02-02 20:08:26.425000-05:00,0.0031425780382289,-0.0145037966069445,-0.0527154149904261
7843,7.84313725490196,-0.4720564494831796,-1.8459880442253902,10.339534603199525,0,24,Nissan March,0,0,26.45310703531344,-52.46757381408627,37.84332997883888,Giro derecho agresivo,6,2022-02-02 20:08:26.475000-05:00,-0.0139019130165719,-0.0017204283158439,-0.0409973273902505
7844,7.84313725490196,-0.544755081333772,-2.0211246092329382,9.961151789697938,0,24,Nissan March,0,0,28.01626060771968,-52.69619069345048,37.32293510443687,Giro derecho agresivo,6,2022-02-02 20:08:26.525000-05:00,-0.0064449481800965,0.0099976592843315,-0.009038906662499
7845,7.84313725490196,-0.5302153549636537,-1.4713903912925796,11.038824359797388,0,24,Nissan March,0,0,27.321525686650244,-53.61065821090733,38.71065476950885,Giro derecho agresivo,6,2022-02-02 20:08:26.574000-05:00,-0.0096407902528717,-0.0145037966069445,0.0069403037013767
7846,7.84313725490196,-0.4429769967429429,-0.13840653540179815,10.444907032275916,0,24,Nissan March,0,0,26.626790765580804,-51.78172317599363,38.01679493697286,Giro derecho agresivo,6,2022-02-02 20:08:26.624000-05:00,0.005273139420079,-0.0379399718072956,0.0101361457741518
7847,7.450980392156863,-0.36058521397893806,0.5329502971271352,9.716879340475398,0,24,Nissan March,0,0,26.80047449584816,-52.46757381408627,38.19025989510686,Giro derecho agresivo,6,2022-02-02 20:08:26.675000-05:00,0.0244481918567299,-0.0549844628620964,0.0037444616286015
7848,7.450980392156863,-0.05525096020645037,0.39186806420438836,9.443868956050204,0,24,Nissan March,0,0,26.974158226115524,-53.15342445217889,38.71065476950885,Giro derecho agresivo,6,2022-02-02 20:08:26.725000-05:00,0.02657875323858,-0.0432663752619209,-0.0058430645897238
7849,7.450980392156863,-0.2588071293881087,0.7518710033865701,10.109631121578309,0,24,Nissan March,0,0,27.14784195638288,-52.46757381408627,39.23104964391084,Giro derecho agresivo,6,2022-02-02 20:08:26.774000-05:00,0.0351009987659804,-0.045396936643771,-0.0005166611350986
7850,7.450980392156863,-0.06979068657656873,0.9270075683941181,9.668982781804312,0,24,Nissan March,0,0,26.45310703531344,-52.92480757281469,36.802540230034886,Giro derecho agresivo,6,2022-02-02 20:08:26.825000-05:00,0.0308398760022802,-0.0070468317704692,0.0112014264650769
7851,7.450980392156863,-0.4235906949161179,0.08537907544117973,10.454486344010132,0,24,Nissan March,0,0,27.668893147184964,-52.69619069345048,39.75144451831285,Giro derecho agresivo,6,2022-02-02 20:08:26.875000-05:00,0.0020772973473038,-0.0145037966069445,0.0101361457741518
7852,7.0588235294117645,0.007754520730729908,-0.2357046270726582,9.788724178482028,0,24,Nissan March,0,0,26.80047449584816,-53.839275090271535,38.53718981137486,Giro derecho agresivo,0,2022-02-02 20:08:26.924000-05:00,-0.0117713516347218,0.0046712558297063,-0.0026472225169487
7853,7.0588235294117645,-0.14248931842716095,0.20700169002975455,9.439079300183096,0,24,Nissan March,0,0,28.18994433798705,-54.29650884899995,37.49640006257088,Giro derecho agresivo,0,2022-02-02 20:08:26.974000-05:00,-0.0064449481800965,0.0174546241208069,-0.009038906662499
7854,7.0588235294117645,-0.3799715158057626,0.35781373211958734,10.24853114172446,0,24,Nissan March,0,0,28.18994433798705,-52.92480757281469,37.84332997883888,Giro derecho agresivo,0,2022-02-02 20:08:27.024000-05:00,-0.0032491061073213,-0.0006551476249189,-0.0026472225169487
7855,7.0588235294117645,-0.1521824693405731,0.07564926627409374,10.397010473604828,0,24,Nissan March,0,0,26.279423305046087,-54.06789196963574,37.66986502070487,Giro derecho agresivo,0,2022-02-02 20:08:27.074000-05:00,-0.0075102288710215,-0.0049162703886191,0.0005486195558264
7856,6.666666666666667,-0.29273315758505203,0.0075406021044917,9.985100069033482,0,24,Nissan March,0,0,26.626790765580804,-53.15342445217889,38.71065476950885,Giro derecho agresivo,0,2022-02-02 20:08:27.125000-05:00,0.0010120166563788,0.0238463082663572,0.0026791809376765
7857,6.666666666666667,-0.3993578176325874,0.12429831210952369,9.855779360621549,0,24,Nissan March,0,0,26.974158226115524,-52.69619069345048,37.66986502070487,Giro derecho agresivo,0,2022-02-02 20:08:27.175000-05:00,-5.326403454624512e-05,0.019585185502657,0.0005486195558264
7858,6.666666666666667,-0.43813042128623647,0.2215964037803836,9.750406931545156,0,24,Nissan March,0,0,28.01626060771968,-53.61065821090733,38.71065476950885,Giro derecho agresivo,0,2022-02-02 20:08:27.224000-05:00,-0.0011185447254712,0.0099976592843315,-0.0026472225169487
7859,6.666666666666667,-0.3508920630655257,0.22646130836392675,9.85098970475444,0,24,Nissan March,0,0,26.80047449584816,-53.839275090271535,38.19025989510686,Giro derecho agresivo,0,2022-02-02 20:08:27.274000-05:00,0.0020772973473038,0.0068018172115564,0.0005486195558264
7860,6.666666666666667,-0.32181261032528874,0.08537907544117973,10.06173456290722,0,24,Nissan March,0,0,26.626790765580804,-53.15342445217889,39.05758468577684,Giro derecho agresivo,0,2022-02-02 20:08:27.324000-05:00,-0.0021838254163963,0.0046712558297063,-0.0047777838987988
7861,6.666666666666667,-0.3460454876088195,0.09997378919180866,9.879727639957093,0,24,Nissan March,0,0,27.495209416917596,-53.839275090271535,38.88411972764285,Giro derecho agresivo,0,2022-02-02 20:08:27.375000-05:00,0.005273139420079,0.0110629399752566,-0.0037125032078737
7862,6.666666666666667,-0.36058521397893806,0.19727188086266856,10.018627660103244,0,24,Nissan March,0,0,26.279423305046087,-50.8672556585368,38.36372485324087,Giro derecho agresivo,0,2022-02-02 20:08:27.424000-05:00,-0.0064449481800965,0.0099976592843315,0.0005486195558264
7863,6.666666666666667,-0.3993578176325874,0.11943340752598064,9.898886263425528,0,24,Nissan March,0,0,25.758372114244,-53.839275090271535,37.84332997883888,Giro derecho agresivo,0,2022-02-02 20:08:27.474000-05:00,-0.0021838254163963,-0.0017204283158439,0.0005486195558264
7864,6.666666666666667,-0.2491139784746963,0.2215964037803836,10.24374148585735,0,24,Nissan March,0,0,26.10573957477872,-52.92480757281469,38.88411972764285,Giro derecho agresivo,0,2022-02-02 20:08:27.524000-05:00,-0.0064449481800965,-0.0017204283158439,0.0016139002467514
7865,6.2745098039215685,-0.2588071293881087,0.3529488275360446,10.133579400913852,0,24,Nissan March,0,0,26.626790765580804,-54.06789196963574,39.05758468577684,Giro derecho agresivo,0,2022-02-02 20:08:27.575000-05:00,-0.0053796674891715,-0.0006551476249189,-0.0015819418260236
7866,6.2745098039215685,-0.297579733041758,0.12916321669306663,9.736037963943833,0,24,Nissan March,0,0,26.626790765580804,-52.23895693472205,36.97600518816888,Giro derecho agresivo,0,2022-02-02 20:08:27.624000-05:00,-0.0011185447254712,0.0036059751387812,-0.0026472225169487
7867,6.2745098039215685,-0.24426740301799033,0.12429831210952369,9.798303490216243,0,24,Nissan March,0,0,26.279423305046087,-53.61065821090733,38.01679493697286,Giro derecho agresivo,0,2022-02-02 20:08:27.674000-05:00,0.0010120166563788,0.0025406944478562,-0.0037125032078737
7868,6.2745098039215685,-0.1618756202539855,0.30429978170061456,9.89409660755842,0,24,Nissan March,0,0,26.626790765580804,-53.15342445217889,37.32293510443687,Giro derecho agresivo,0,2022-02-02 20:08:27.724000-05:00,0.006338420111004,0.0057365365206313,-0.0005166611350986
7869,6.2745098039215685,-0.2636537048448151,0.1680824533614106,10.018627660103244,0,24,Nissan March,0,0,28.01626060771968,-54.52512572836416,37.32293510443687,Giro derecho agresivo,0,2022-02-02 20:08:27.774000-05:00,-0.0043143867982464,-0.0006551476249189,0.0005486195558264
7870,6.2745098039215685,-0.31211945941187635,0.3432190183689585,10.090472498109872,0,24,Nissan March,0,0,27.842576877452316,-53.839275090271535,38.19025989510686,Giro derecho agresivo,0,2022-02-02 20:08:27.824000-05:00,-0.0043143867982464,0.0004101330660061,-0.0026472225169487
7871,6.2745098039215685,-0.3024263084984642,0.18754207169558268,9.85098970475444,0,24,Nissan March,0,0,26.45310703531344,-52.92480757281469,38.88411972764285,Giro derecho agresivo,0,2022-02-02 20:08:27.875000-05:00,0.0020772973473038,0.0068018172115564,-0.0026472225169487
7872,6.2745098039215685,-0.2103413748210472,0.1486228350272386,10.090472498109872,0,24,Nissan March,0,0,28.01626060771968,-52.23895693472205,37.66986502070487,Giro derecho agresivo,0,2022-02-02 20:08:27.925000-05:00,-0.0011185447254712,0.0046712558297063,-0.0015819418260236
7873,6.2745098039215685,-0.22972767664787175,0.1583526441943247,9.726458652209615,0,24,Nissan March,0,0,26.974158226115524,-53.15342445217889,38.71065476950885,Giro derecho agresivo,0,2022-02-02 20:08:27.974000-05:00,-0.0075102288710215,-0.0049162703886191,-0.0015819418260236
7874,6.2745098039215685,-0.3702783648923502,0.22646130836392675,9.807882801950464,0,24,Nissan March,0,0,26.626790765580804,-54.06789196963574,37.66986502070487,Giro derecho agresivo,0,2022-02-02 20:08:28.024000-05:00,-5.326403454624512e-05,0.0046712558297063,0.0016139002467514
7875,6.2745098039215685,-0.1812619220808105,0.15348773961078155,9.92762419862818,0,24,Nissan March,0,0,26.80047449584816,-53.38204133154312,37.49640006257088,Giro derecho agresivo,0,2022-02-02 20:08:28.074000-05:00,-0.0011185447254712,0.0036059751387812,-0.0005166611350986
7876,6.2745098039215685,-0.3315057612387011,0.14375793044369578,9.712089684608287,0,24,Nissan March,0,0,26.626790765580804,-53.61065821090733,38.36372485324087,Giro derecho agresivo,0,2022-02-02 20:08:28.124000-05:00,0.0031425780382289,-0.002785709006769,-0.0037125032078737
7877,6.2745098039215685,-0.22003452573445959,0.3091646862841574,9.970731101432158,0,24,Nissan March,0,0,26.279423305046087,-54.52512572836416,38.71065476950885,Giro derecho agresivo,0,2022-02-02 20:08:28.175000-05:00,0.0031425780382289,0.0099976592843315,-0.0037125032078737
7878,6.2745098039215685,-0.1618756202539855,0.2799752587828994,9.985100069033482,0,24,Nissan March,0,0,26.45310703531344,-54.75374260772837,39.57797956017884,Giro derecho agresivo,0,2022-02-02 20:08:28.225000-05:00,-0.0032491061073213,-0.002785709006769,-0.0058430645897238
7879,6.2745098039215685,-0.31211945941187635,0.11943340752598064,9.759986243279377,0,24,Nissan March,0,0,25.58468838397663,-53.15342445217889,39.05758468577684,Giro derecho agresivo,0,2022-02-02 20:08:28.275000-05:00,-0.0011185447254712,0.0057365365206313,-0.0026472225169487
7880,6.2745098039215685,-0.45267014765635505,-0.30867819582580314,10.052155251173003,0,24,Nissan March,0,0,27.14784195638288,-54.29650884899995,37.84332997883888,Giro derecho agresivo,0,2022-02-02 20:08:28.325000-05:00,-0.0053796674891715,0.0099976592843315,-0.0005166611350986
7881,6.2745098039215685,-0.37512494034905663,0.12429831210952369,9.975520757299266,0,24,Nissan March,0,0,26.974158226115524,-53.61065821090733,37.66986502070487,Giro derecho agresivo,0,2022-02-02 20:08:28.374000-05:00,-0.0085755095619466,-0.0049162703886191,-0.0026472225169487
7882,6.2745098039215685,-0.23457425210457816,0.13402812127660968,9.807882801950464,0,24,Nissan March,0,0,27.842576877452316,-53.38204133154312,38.19025989510686,Giro derecho agresivo,0,2022-02-02 20:08:28.425000-05:00,0.0031425780382289,0.0078670979024814,-0.0005166611350986
7883,5.882352941176471,-0.3557386385222321,0.1583526441943247,9.803093146083354,0,24,Nissan March,0,0,27.668893147184964,-51.78172317599363,37.66986502070487,Giro derecho agresivo,0,2022-02-02 20:08:28.474000-05:00,-5.326403454624512e-05,0.0014754137569311,0.0026791809376765
7884,5.882352941176471,-0.22003452573445959,0.09997378919180866,9.846200048887331,0,24,Nissan March,0,0,28.18994433798705,-51.55310629662942,37.14947014630288,Giro derecho agresivo,0,2022-02-02 20:08:28.524000-05:00,-0.0021838254163963,0.0014754137569311,-0.0015819418260236
7885,5.882352941176471,-0.3315057612387011,0.05618964793992176,9.855779360621549,0,24,Nissan March,0,0,25.932055844511368,-53.61065821090733,36.97600518816888,Giro derecho agresivo,0,2022-02-02 20:08:28.574000-05:00,-0.0011185447254712,0.0036059751387812,-0.0005166611350986
7886,5.882352941176471,-0.19095507299422287,0.10483869377535171,9.980310413166375,0,24,Nissan March,0,0,26.279423305046087,-53.61065821090733,37.66986502070487,Giro derecho agresivo,0,2022-02-02 20:08:28.624000-05:00,-0.0021838254163963,0.0014754137569311,0.0069403037013767
7887,5.882352941176471,-0.43813042128623647,0.0610545525234647,9.937203510362396,0,24,Nissan March,0,0,26.974158226115524,-50.41002189980838,39.75144451831285,Giro derecho agresivo,0,2022-02-02 20:08:28.674000-05:00,-0.0032491061073213,0.0025406944478562,0.0058750230104516
7888,5.882352941176471,-0.2103413748210472,-0.09462239414991125,9.889306951691308,0,24,Nissan March,0,0,24.889953462907197,-51.32448941726522,38.01679493697286,Giro derecho agresivo,0,2022-02-02 20:08:28.724000-05:00,-0.0096407902528717,-0.003850989697694,0.0058750230104516
7889,5.882352941176471,-0.3702783648923502,0.09024398002472267,9.913255231026852,0,24,Nissan March,0,0,25.932055844511368,-53.61065821090733,38.01679493697286,Giro derecho agresivo,0,2022-02-02 20:08:28.775000-05:00,-0.0021838254163963,0.0057365365206313,0.0016139002467514
7890,5.882352941176471,-0.2394208275612839,0.2021367854462116,9.92762419862818,0,24,Nissan March,0,0,25.932055844511368,-52.23895693472205,39.404514602044834,Giro derecho agresivo,0,2022-02-02 20:08:28.824000-05:00,-0.0011185447254712,0.0004101330660061,0.0058750230104516
7891,5.882352941176471,-0.22488110119116578,0.10483869377535171,10.018627660103244,0,24,Nissan March,0,0,26.279423305046087,-51.78172317599363,38.71065476950885,Giro derecho agresivo,0,2022-02-02 20:08:28.874000-05:00,-0.0053796674891715,0.0110629399752566,0.0080055843923017
7892,5.882352941176471,-0.31211945941187635,0.12916321669306663,9.827041425418898,0,24,Nissan March,0,0,27.321525686650244,-54.52512572836416,37.32293510443687,Giro derecho agresivo,0,2022-02-02 20:08:28.925000-05:00,-0.0032491061073213,0.0078670979024814,0.0112014264650769
7893,5.882352941176471,-0.2103413748210472,0.10970359835889465,10.013838004236137,0,24,Nissan March,0,0,26.10573957477872,-54.29650884899995,37.49640006257088,Giro derecho agresivo,0,2022-02-02 20:08:28.975000-05:00,-0.0021838254163963,0.0025406944478562,0.0090708650832268
7894,5.882352941176471,-0.44782357219964886,0.09510888460826561,9.865358672355768,0,24,Nissan March,0,0,26.80047449584816,-52.01034005535786,38.53718981137486,Giro derecho agresivo,0,2022-02-02 20:08:29.025000-05:00,-0.0043143867982464,0.0046712558297063,0.0069403037013767
7895,5.882352941176471,-0.14248931842716095,0.13402812127660968,9.956362133830831,0,24,Nissan March,0,0,28.01626060771968,-54.52512572836416,36.97600518816888,Giro derecho agresivo,0,2022-02-02 20:08:29.075000-05:00,0.0010120166563788,-0.003850989697694,0.0080055843923017
7896,5.882352941176471,-0.31211945941187635,0.09510888460826561,9.86056901648866,0,24,Nissan March,0,0,27.495209416917596,-53.38204133154312,38.53718981137486,Giro derecho agresivo,0,2022-02-02 20:08:29.125000-05:00,-0.0043143867982464,0.0089323785934065,0.0069403037013767
7897,5.882352941176471,-0.27334685575822726,0.15348773961078155,9.822251769551787,0,24,Nissan March,0,0,26.10573957477872,-52.46757381408627,37.66986502070487,Giro derecho agresivo,0,2022-02-02 20:08:29.175000-05:00,-0.0032491061073213,-0.002785709006769,0.0101361457741518
7898,5.882352941176471,-0.13279616751374856,0.7275464804688552,10.07131387464144,0,24,Nissan March,0,0,25.758372114244,-52.01034005535786,38.53718981137486,Giro derecho agresivo,0,2022-02-02 20:08:29.224000-05:00,0.0233829111658048,0.0089323785934065,0.0175931106106272
7899,5.882352941176471,-0.3460454876088195,0.19727188086266856,10.047365595305896,0,24,Nissan March,0,0,28.01626060771968,-53.15342445217889,38.36372485324087,Giro derecho agresivo,0,2022-02-02 20:08:29.275000-05:00,-0.0053796674891715,0.0036059751387812,0.0080055843923017
