id,accX,accY,accZ,eventClass,idTrip,idVehicle,latitude,longitude,magX,magY,magZ,timestamp,velAngX,velAngY,velAngZ
929,1.2761094848632812,-0.040701428222656245,9.581595043945311,0,1,Renault Juan - Crash,0,0,0,0,0,1639546591.124803,-0.024114854550456002,0.01692036755750228,0.008793261880276773
930,1.2593500732421874,-0.040701428222656245,9.670180505371093,0,1,Renault Juan - Crash,0,0,0,0,0,1639546591.1751814,-0.025047473234727783,0.018119448722994567,0.008393568158446012
931,1.2928688964843749,0.023942016601562498,9.639055883789062,0,1,Renault Juan - Crash,0,0,0,0,0,1639546591.2250848,-0.026513016881440577,0.016653905076281773,0.007860643196004996
932,1.2593500732421874,0.0,9.622296472167967,0,1,Renault Juan - Crash,0,0,0,0,0,1639546591.274873,-0.023448698347404734,0.02131699849764067,0.011324655451871604
933,1.2425906616210938,0.0047884033203125,9.576806640625,0,1,Renault Juan - Crash,0,0,0,0,0,1639546591.3550363,-0.023049004625573973,0.018119448722994567,0.010658499248820334
934,1.2521674682617188,0.009576806640625,9.701305126953125,0,1,Renault Juan - Crash,0,0,0,0,0,1639546591.3745928,-0.02424808579106626,0.017852986241774057,0.009326186842717792
935,1.3048399047851562,-0.016759411621093748,9.658209497070311,0,1,Renault Juan - Crash,0,0,0,0,0,1639546591.425311,-0.024914241994117528,0.017586523760553547,0.007993874436615249
936,1.2497732666015624,0.062249243164062495,9.612719665527344,0,1,Renault Juan - Crash,0,0,0,0,0,1639546591.4753597,-0.025180704475338038,0.019984686091538122,0.00985911180515881
937,1.254561669921875,-0.009576806640625,9.641450085449218,0,1,Renault Juan - Crash,0,0,0,0,0,1639546591.5250885,-0.020251148572758632,0.020251148572758632,0.009326186842717792
938,1.2641384765625,-0.02154781494140625,9.641450085449218,0,1,Renault Juan - Crash,0,0,0,0,0,1639546591.5752392,-0.02624655440022007,0.017453292519943295,0.012656967857974145
939,1.2593500732421874,-0.04548983154296875,9.595960253906249,0,1,Renault Juan - Crash,0,0,0,0,0,1639546591.6248882,-0.025447166956558548,0.017852986241774057,0.010924961730040842
940,1.24498486328125,-0.040701428222656245,9.651026892089844,0,1,Renault Juan - Crash,0,0,0,0,0,1639546591.6750102,-0.026379785640830326,0.015854517632620246,0.0039969372183076245
941,1.24498486328125,-0.047884033203124995,9.6151138671875,0,1,Renault Juan - Crash,0,0,0,0,0,1639546591.7251754,-0.02398162330984575,0.019318529888486854,0.007727411955394742
942,1.2976572998046874,-0.08379705810546874,9.548076220703125,0,1,Renault Juan - Crash,0,0,0,0,0,1639546591.7770774,-0.022649310903743208,0.015987748873230498,0.007061255752343471
943,1.2832920898437499,0.0047884033203125,9.595960253906249,0,1,Renault Juan - Crash,0,0,0,0,0,1639546591.8249574,-0.022782542144353463,0.019318529888486854,0.00866003063966652
944,1.2593500732421874,0.0143652099609375,9.560047229003906,0,1,Renault Juan - Crash,0,0,0,0,0,1639546591.874869,-0.022382848422522698,0.020384379813368887,0.011058192970651094
945,1.2713210815429687,0.05027823486328125,9.562441430664062,0,1,Renault Juan - Crash,0,0,0,0,0,1639546591.9245894,-0.02424808579106626,0.020650842294589397,0.005995405827461438
946,1.2808978881835937,0.05027823486328125,9.586383447265625,0,1,Renault Juan - Crash,0,0,0,0,0,1639546591.9746118,-0.02598009191899956,0.018252679963604822,0.0063950995492922
947,1.2737152832031249,-0.0526724365234375,9.612719665527344,0,1,Renault Juan - Crash,0,0,0,0,0,1639546592.0253205,-0.02531393571594829,0.0191852986478766,0.006661562030512709
948,1.2569558715820313,-0.0718260498046875,9.634267480468749,0,1,Renault Juan - Crash,0,0,0,0,0,1639546592.0755637,-0.025180704475338038,0.023182235866184224,0.005595712105630674
949,1.2593500732421874,-0.02154781494140625,9.605537060546874,0,1,Renault Juan - Crash,0,0,0,0,0,1639546592.1252058,-0.024114854550456002,0.017586523760553547,0.010392036767599824
950,1.2689268798828124,-0.0383072265625,9.639055883789062,0,1,Renault Juan - Crash,0,0,0,0,0,1639546592.1752167,-0.023848392069235495,0.017852986241774057,0.011724349173702367
951,1.3000515014648437,0.040701428222656245,9.605537060546874,0,1,Renault Juan - Crash,0,0,0,0,0,1639546592.224899,-0.026379785640830326,0.01851914244482533,0.007993874436615249
952,1.2401964599609374,-0.04548983154296875,9.617508068847656,0,1,Renault Juan - Crash,0,0,0,0,0,1639546592.2748756,-0.025447166956558548,0.016653905076281773,0.009059724361497283
953,1.2114660400390624,-0.04548983154296875,9.636661682128906,0,1,Renault Juan - Crash,0,0,0,0,0,1639546592.3246903,-0.02571362943777905,0.017586523760553547,0.00985911180515881
954,1.3024457031249999,0.0047884033203125,9.701305126953125,0,1,Renault Juan - Crash,0,0,0,0,0,1639546592.3909028,-0.021849923460081685,0.018119448722994567,0.007860643196004996
955,1.2473790649414063,-0.00239420166015625,9.648632690429688,0,1,Renault Juan - Crash,0,0,0,0,0,1639546592.4245381,-0.022249617181912446,0.0191852986478766,0.009459418083328047
956,1.2617442749023438,0.06464344482421874,9.550470422363281,0,1,Renault Juan - Crash,0,0,0,0,0,1639546592.475205,-0.02464777951289702,0.015854517632620246,0.008260336917835759
957,1.2425906616210938,0.023942016601562498,9.629479077148437,0,1,Renault Juan - Crash,0,0,0,0,0,1639546592.525274,-0.028378254249984136,0.018918836166656093,0.006261868308681946
958,1.2306196533203124,-0.0047884033203125,9.60793126220703,0,1,Renault Juan - Crash,0,0,0,0,0,1639546592.5751412,-0.02424808579106626,0.017986217482384312,0.00985911180515881
959,1.24498486328125,0.0143652099609375,9.619902270507811,0,1,Renault Juan - Crash,0,0,0,0,0,1639546592.625054,-0.025047473234727783,0.018119448722994567,0.010258805526989571
960,1.2497732666015624,-0.00718260498046875,9.600748657226562,0,1,Renault Juan - Crash,0,0,0,0,0,1639546592.6749537,-0.023448698347404734,0.019052067407266345,0.009192955602107537
961,1.3168109130859373,-0.028730419921875,9.617508068847656,0,1,Renault Juan - Crash,0,0,0,0,0,1639546592.725116,-0.020917304775809907,0.020917304775809907,0.006928024511733216
962,1.2904746948242187,-0.05027823486328125,9.696516723632811,0,1,Renault Juan - Crash,0,0,0,0,0,1639546592.7749832,-0.021716692219471426,0.01958499236970736,0.00866003063966652
963,1.2952630981445312,0.01915361328125,9.610325463867188,0,1,Renault Juan - Crash,0,0,0,0,0,1639546592.8260653,-0.02584686067838931,0.015987748873230498,0.009326186842717792
964,1.2617442749023438,-0.016759411621093748,9.631873278808593,0,1,Renault Juan - Crash,0,0,0,0,0,1639546592.8748004,-0.023448698347404734,0.016787136316892024,0.007727411955394742
965,1.3311761230468748,0.047884033203124995,9.550470422363281,0,1,Renault Juan - Crash,0,0,0,0,0,1639546592.9248667,-0.02438131703167651,0.01372281778285618,0.0058621745868511835
966,1.3144167114257812,-0.0047884033203125,9.540893615722656,0,1,Renault Juan - Crash,0,0,0,0,0,1639546592.9746444,-0.02438131703167651,0.019318529888486854,0.008526799399056265
967,1.2617442749023438,-0.028730419921875,9.560047229003906,0,1,Renault Juan - Crash,0,0,0,0,0,1639546593.0246785,-0.02398162330984575,0.015588055151399738,0.011058192970651094
968,1.2832920898437499,-0.00239420166015625,9.682151513671874,0,1,Renault Juan - Crash,0,0,0,0,0,1639546593.0745807,-0.025047473234727783,0.021716692219471426,0.007993874436615249
969,1.2761094848632812,-0.01915361328125,9.591171850585937,0,1,Renault Juan - Crash,0,0,0,0,0,1639546593.1246245,-0.021983154700691936,0.01705359879811253,0.010125574286379316
970,1.2713210815429687,0.0143652099609375,9.588777648925781,0,1,Renault Juan - Crash,0,0,0,0,0,1639546593.1755555,-0.02531393571594829,0.020650842294589397,0.010658499248820334
971,1.3239935180664062,-0.02633621826171875,9.622296472167967,0,1,Renault Juan - Crash,0,0,0,0,0,1639546593.2255335,-0.025047473234727783,0.015188361429568975,0.010258805526989571
972,1.2641384765625,-0.0526724365234375,9.631873278808593,0,1,Renault Juan - Crash,0,0,0,0,0,1639546593.2755435,-0.024914241994117528,0.016120980113840753,0.0073277182335639785
973,1.3024457031249999,-0.02633621826171875,9.634267480468749,0,1,Renault Juan - Crash,0,0,0,0,0,1639546593.3255126,-0.024914241994117528,0.018785604926045835,0.0058621745868511835
974,1.2785036865234374,-0.01915361328125,9.576806640625,0,1,Renault Juan - Crash,0,0,0,0,0,1639546593.3752458,-0.025447166956558548,0.019984686091538122,0.008127105677225504
975,1.2378022583007813,-0.016759411621093748,9.629479077148437,0,1,Renault Juan - Crash,0,0,0,0,0,1639546593.4267638,-0.023049004625573973,0.02078407353519965,0.008526799399056265
976,1.2282254516601563,-0.04548983154296875,9.658209497070311,0,1,Renault Juan - Crash,0,0,0,0,0,1639546593.4747176,-0.022516079663132953,0.015854517632620246,0.006128637068071691
977,1.2521674682617188,-0.05027823486328125,9.65342109375,0,1,Renault Juan - Crash,0,0,0,0,0,1639546593.5256534,-0.026379785640830326,0.018785604926045835,0.00866003063966652
978,1.3024457031249999,-0.011971008300781249,9.591171850585937,0,1,Renault Juan - Crash,0,0,0,0,0,1639546593.5744655,-0.023581929588014985,0.017586523760553547,0.006794793271122962
979,1.2689268798828124,-0.02633621826171875,9.682151513671874,0,1,Renault Juan - Crash,0,0,0,0,0,1639546593.625064,-0.022782542144353463,0.012390505376753637,0.00985911180515881
980,1.35990654296875,-0.028730419921875,9.82580361328125,0,1,Renault Juan - Crash,0,0,0,0,0,1639546593.6751986,-0.022382848422522698,0.01851914244482533,0.0073277182335639785
981,1.3862427612304686,0.01915361328125,9.696516723632811,0,1,Renault Juan - Crash,0,0,0,0,0,1639546593.7251892,-0.0287779479718149,0.02691271060327134,0.007993874436615249
982,1.3263877197265623,0.08858546142578125,9.6151138671875,0,1,Renault Juan - Crash,0,0,0,0,0,1639546593.775374,-0.022516079663132953,0.01732006127933304,0.0074609494741742334
983,1.2401964599609374,0.040701428222656245,9.56962403564453,0,1,Renault Juan - Crash,0,0,0,0,0,1639546593.8250632,-0.02424808579106626,0.018785604926045835,0.0075941807147844875
984,1.3120225097656248,-0.031124621582031248,9.562441430664062,0,1,Renault Juan - Crash,0,0,0,0,0,1639546593.8760054,-0.02438131703167651,0.018652373685435583,0.009459418083328047
985,1.3096283081054687,-0.01915361328125,9.56962403564453,0,1,Renault Juan - Crash,0,0,0,0,0,1639546593.9249222,-0.022516079663132953,0.015854517632620246,0.008526799399056265
986,1.1923124267578125,-0.011971008300781249,9.598354455566406,0,1,Renault Juan - Crash,0,0,0,0,0,1639546593.9748104,-0.023049004625573973,0.021849923460081685,0.0073277182335639785
987,1.3359645263671873,-0.047884033203124995,9.629479077148437,0,1,Renault Juan - Crash,0,0,0,0,0,1639546594.0254962,-0.02717917308449185,0.015188361429568975,0.00985911180515881
988,1.3431471313476562,0.00239420166015625,9.639055883789062,0,1,Renault Juan - Crash,0,0,0,0,0,1639546594.0744162,-0.025180704475338038,0.018652373685435583,0.009059724361497283
989,1.3168109130859373,0.00718260498046875,9.598354455566406,0,1,Renault Juan - Crash,0,0,0,0,0,1639546594.1250417,-0.024514548272286763,0.0191852986478766,0.009059724361497283
990,1.2976572998046874,-0.00239420166015625,9.581595043945311,0,1,Renault Juan - Crash,0,0,0,0,0,1639546594.1754067,-0.02424808579106626,0.01945176112909711,0.010125574286379316
991,1.2713210815429687,-0.02633621826171875,9.60793126220703,0,1,Renault Juan - Crash,0,0,0,0,0,1639546594.2250538,-0.01971822361031762,0.017586523760553547,0.00866003063966652
992,1.2785036865234374,-0.00239420166015625,9.60793126220703,0,1,Renault Juan - Crash,0,0,0,0,0,1639546594.2750945,-0.023315467106794475,0.016787136316892024,0.005329249624410167
993,1.2665326782226562,0.0143652099609375,9.603142858886718,0,1,Renault Juan - Crash,0,0,0,0,0,1639546594.3248246,-0.02464777951289702,0.01705359879811253,0.007061255752343471
994,1.2641384765625,-0.02154781494140625,9.64623848876953,0,1,Renault Juan - Crash,0,0,0,0,0,1639546594.3747177,-0.025447166956558548,0.016787136316892024,0.009992343045769061
995,1.3048399047851562,-0.04548983154296875,9.648632690429688,0,1,Renault Juan - Crash,0,0,0,0,0,1639546594.4246562,-0.023848392069235495,0.017719755001163805,0.010924961730040842
996,1.2497732666015624,-0.04548983154296875,9.591171850585937,0,1,Renault Juan - Crash,0,0,0,0,0,1639546594.4748943,-0.023848392069235495,0.018119448722994567,0.010392036767599824
997,1.2569558715820313,0.033518823242187495,9.60793126220703,0,1,Renault Juan - Crash,0,0,0,0,0,1639546594.52478,-0.023848392069235495,0.016254211354451008,0.009326186842717792
998,1.180341418457031,0.009576806640625,9.6917283203125,0,1,Renault Juan - Crash,0,0,0,0,0,1639546594.5747147,-0.023448698347404734,0.01851914244482533,0.006794793271122962
999,1.3239935180664062,0.016759411621093748,9.612719665527344,0,1,Renault Juan - Crash,0,0,0,0,0,1639546594.6253002,-0.027312404325102103,0.014655436467127957,0.0074609494741742334
1000,1.2976572998046874,-0.031124621582031248,9.588777648925781,0,1,Renault Juan - Crash,0,0,0,0,0,1639546594.6746192,-0.025047473234727783,0.018119448722994567,0.010791730489430587
1001,1.2761094848632812,0.04548983154296875,9.617508068847656,0,1,Renault Juan - Crash,0,0,0,0,0,1639546594.725429,-0.023581929588014985,0.018385911204215073,0.0063950995492922
1002,1.3120225097656248,-0.02154781494140625,9.576806640625,0,1,Renault Juan - Crash,0,0,0,0,0,1639546594.7744493,-0.026513016881440577,0.01692036755750228,0.007993874436615249
1003,1.218648645019531,-0.11731588134765625,9.550470422363281,0,1,Renault Juan - Crash,0,0,0,0,0,1639546594.8251994,-0.02424808579106626,0.017586523760553547,0.009459418083328047
1004,1.3383587280273437,-0.02154781494140625,9.665392102050781,0,1,Renault Juan - Crash,0,0,0,0,0,1639546594.8751452,-0.02598009191899956,0.016520673835671518,0.008793261880276773
1005,1.2234370483398436,-0.0143652099609375,9.651026892089844,0,1,Renault Juan - Crash,0,0,0,0,0,1639546594.9250727,-0.02424808579106626,0.018385911204215073,0.009192955602107537
1006,1.3120225097656248,-0.0143652099609375,9.658209497070311,0,1,Renault Juan - Crash,0,0,0,0,0,1639546594.975033,-0.02424808579106626,0.020384379813368887,0.0074609494741742334
1007,1.3048399047851562,-0.023942016601562498,9.706093530273437,0,1,Renault Juan - Crash,0,0,0,0,0,1639546595.0248454,-0.022249617181912446,0.0191852986478766,0.008393568158446012
1008,1.3287819213867187,-0.06464344482421874,9.64623848876953,0,1,Renault Juan - Crash,0,0,0,0,0,1639546595.0747313,-0.02584686067838931,0.01945176112909711,0.0063950995492922
1009,1.2617442749023438,-0.009576806640625,9.605537060546874,0,1,Renault Juan - Crash,0,0,0,0,0,1639546595.1253572,-0.02624655440022007,0.017852986241774057,0.008793261880276773
1010,1.2641384765625,-0.023942016601562498,9.710881933593749,0,1,Renault Juan - Crash,0,0,0,0,0,1639546595.1755755,-0.022249617181912446,0.017586523760553547,0.0095926493239383
1011,1.3311761230468748,-0.0526724365234375,9.665392102050781,0,1,Renault Juan - Crash,0,0,0,0,0,1639546595.2252128,-0.02464777951289702,0.019318529888486854,0.009459418083328047
1012,1.3431471313476562,-0.028730419921875,9.660603698730467,0,1,Renault Juan - Crash,0,0,0,0,0,1639546595.2752135,-0.02624655440022007,0.0191852986478766,0.01212404289553313
1013,1.2306196533203124,0.02154781494140625,9.655815295410155,0,1,Renault Juan - Crash,0,0,0,0,0,1639546595.3248947,-0.02398162330984575,0.021983154700691936,0.007993874436615249
1014,1.2737152832031249,-0.0047884033203125,9.641450085449218,0,1,Renault Juan - Crash,0,0,0,0,0,1639546595.374545,-0.023182235866184224,0.018385911204215073,0.0075941807147844875
1015,1.218648645019531,0.0047884033203125,9.627084875488281,0,1,Renault Juan - Crash,0,0,0,0,0,1639546595.4246585,-0.024781010753507273,0.018785604926045835,0.008127105677225504
1016,1.3168109130859373,0.011971008300781249,9.610325463867188,0,1,Renault Juan - Crash,0,0,0,0,0,1639546595.504694,-0.020650842294589397,0.019052067407266345,0.009059724361497283
1017,1.2473790649414063,-0.023942016601562498,9.579200842285156,0,1,Renault Juan - Crash,0,0,0,0,0,1639546595.5255527,-0.024781010753507273,0.018785604926045835,0.007727411955394742
1018,1.3048399047851562,-0.00239420166015625,9.641450085449218,0,1,Renault Juan - Crash,0,0,0,0,0,1639546595.5754142,-0.023315467106794475,0.018652373685435583,0.010258805526989571
1019,1.2713210815429687,-0.0143652099609375,9.68454571533203,0,1,Renault Juan - Crash,0,0,0,0,0,1639546595.6249416,-0.027578866806322613,0.015854517632620246,0.009192955602107537
1020,1.2856862915039062,0.00239420166015625,9.660603698730467,0,1,Renault Juan - Crash,0,0,0,0,0,1639546595.6750724,-0.02691271060327134,0.01572128639200999,0.010392036767599824
1021,1.3072341064453123,-0.01915361328125,9.639055883789062,0,1,Renault Juan - Crash,0,0,0,0,0,1639546595.7256215,-0.022249617181912446,0.017986217482384312,0.008393568158446012
1022,1.2665326782226562,0.04548983154296875,9.643844287109374,0,1,Renault Juan - Crash,0,0,0,0,0,1639546595.775792,-0.026779479362661087,0.017719755001163805,0.009059724361497283
1023,1.3096283081054687,-0.06943184814453125,9.708487731933593,0,1,Renault Juan - Crash,0,0,0,0,0,1639546595.8251047,-0.024914241994117528,0.01971822361031762,0.00866003063966652
1024,1.2761094848632812,0.00239420166015625,9.670180505371093,0,1,Renault Juan - Crash,0,0,0,0,0,1639546595.8753057,-0.02131699849764067,0.018119448722994567,0.008260336917835759
1025,1.2713210815429687,-0.009576806640625,9.591171850585937,0,1,Renault Juan - Crash,0,0,0,0,0,1639546595.9246838,-0.023448698347404734,0.017852986241774057,0.009725880564548555
1026,1.2641384765625,-0.009576806640625,9.686939916992188,0,1,Renault Juan - Crash,0,0,0,0,0,1639546595.9747186,-0.02424808579106626,0.01705359879811253,0.009059724361497283
1027,1.254561669921875,-0.0526724365234375,9.545682019042967,0,1,Renault Juan - Crash,0,0,0,0,0,1639546596.02501,-0.02438131703167651,0.019052067407266345,0.010658499248820334
1028,1.2952630981445312,-0.03591302490234375,9.586383447265625,0,1,Renault Juan - Crash,0,0,0,0,0,1639546596.0749233,-0.025180704475338038,0.01945176112909711,0.011058192970651094
1029,1.2138602416992186,-0.062249243164062495,9.627084875488281,0,1,Renault Juan - Crash,0,0,0,0,0,1639546596.1255484,-0.023049004625573973,0.01958499236970736,0.007727411955394742
1030,1.2928688964843749,-0.033518823242187495,9.53131680908203,0,1,Renault Juan - Crash,0,0,0,0,0,1639546596.1757703,-0.022249617181912446,0.020384379813368887,0.010392036767599824
1031,1.2880804931640624,0.016759411621093748,9.655815295410155,0,1,Renault Juan - Crash,0,0,0,0,0,1639546596.2259011,-0.026379785640830326,0.01945176112909711,0.0075941807147844875
1032,1.3096283081054687,0.009576806640625,9.619902270507811,0,1,Renault Juan - Crash,0,0,0,0,0,1639546596.2752216,-0.02424808579106626,0.023182235866184224,0.008393568158446012
1033,1.3024457031249999,-0.055066638183593745,9.533711010742186,0,1,Renault Juan - Crash,0,0,0,0,0,1639546596.3254123,-0.02105053601642016,0.016520673835671518,0.00866003063966652
1034,1.2569558715820313,0.011971008300781249,9.579200842285156,0,1,Renault Juan - Crash,0,0,0,0,0,1639546596.374607,-0.02398162330984575,0.017186830038722786,0.006794793271122962
1035,1.3072341064453123,0.0,9.641450085449218,0,1,Renault Juan - Crash,0,0,0,0,0,1639546596.4251108,-0.02584686067838931,0.01851914244482533,0.008127105677225504
1036,1.3120225097656248,-0.040701428222656245,9.706093530273437,0,1,Renault Juan - Crash,0,0,0,0,0,1639546596.4751966,-0.02571362943777905,0.01971822361031762,0.008260336917835759
1037,1.2689268798828124,0.011971008300781249,9.514557397460937,0,1,Renault Juan - Crash,0,0,0,0,0,1639546596.5427597,-0.022782542144353463,0.017186830038722786,0.007727411955394742
1038,1.3120225097656248,-0.016759411621093748,9.603142858886718,0,1,Renault Juan - Crash,0,0,0,0,0,1639546596.574868,-0.02584686067838931,0.01971822361031762,0.011724349173702367
1039,1.3479355346679687,-0.0143652099609375,9.576806640625,0,1,Renault Juan - Crash,0,0,0,0,0,1639546596.6248007,-0.024781010753507273,0.018652373685435583,0.009326186842717792
1040,1.3072341064453123,-0.06703764648437499,9.576806640625,0,1,Renault Juan - Crash,0,0,0,0,0,1639546596.6752088,-0.023315467106794475,0.016787136316892024,0.00985911180515881
1041,1.2952630981445312,-0.011971008300781249,9.598354455566406,0,1,Renault Juan - Crash,0,0,0,0,0,1639546596.7258005,-0.02438131703167651,0.017186830038722786,0.00985911180515881
1042,1.2617442749023438,-0.023942016601562498,9.557653027343749,0,1,Renault Juan - Crash,0,0,0,0,0,1639546596.7752512,-0.02371516082862524,0.014655436467127957,0.00866003063966652
1043,1.3000515014648437,-0.00239420166015625,9.674968908691406,0,1,Renault Juan - Crash,0,0,0,0,0,1639546596.8256276,-0.024514548272286763,0.018652373685435583,0.009192955602107537
1044,1.2928688964843749,0.040701428222656245,9.622296472167967,0,1,Renault Juan - Crash,0,0,0,0,0,1639546596.87479,-0.024781010753507273,0.018785604926045835,0.009459418083328047
1045,1.2761094848632812,-0.00239420166015625,9.629479077148437,0,1,Renault Juan - Crash,0,0,0,0,0,1639546596.9248495,-0.02691271060327134,0.019052067407266345,0.010392036767599824
1046,1.2378022583007813,-0.076614453125,9.627084875488281,0,1,Renault Juan - Crash,0,0,0,0,0,1639546596.9752026,-0.024781010753507273,0.01958499236970736,0.0057289433462409285
1047,1.3048399047851562,-0.00718260498046875,9.634267480468749,0,1,Renault Juan - Crash,0,0,0,0,0,1639546597.025199,-0.023848392069235495,0.015987748873230498,0.007993874436615249
1048,1.3144167114257812,0.0047884033203125,9.562441430664062,0,1,Renault Juan - Crash,0,0,0,0,0,1639546597.0747035,-0.02464777951289702,0.01732006127933304,0.007860643196004996
1049,1.2856862915039062,0.011971008300781249,9.581595043945311,0,1,Renault Juan - Crash,0,0,0,0,0,1639546597.1251397,-0.022649310903743208,0.019318529888486854,0.008260336917835759
1050,1.2952630981445312,0.028730419921875,9.627084875488281,0,1,Renault Juan - Crash,0,0,0,0,0,1639546597.1754222,-0.025047473234727783,0.01572128639200999,0.0073277182335639785
1051,1.235408056640625,-0.02154781494140625,9.622296472167967,0,1,Renault Juan - Crash,0,0,0,0,0,1639546597.2254133,-0.02598009191899956,0.018119448722994567,0.010125574286379316
1052,1.2880804931640624,-0.06464344482421874,9.6917283203125,0,1,Renault Juan - Crash,0,0,0,0,0,1639546597.2766638,-0.02398162330984575,0.017453292519943295,0.0073277182335639785
1053,1.3192051147460937,-0.009576806640625,9.677363110351562,0,1,Renault Juan - Crash,0,0,0,0,0,1639546597.325152,-0.02398162330984575,0.018385911204215073,0.006128637068071691
1054,1.2473790649414063,-0.0143652099609375,9.643844287109374,0,1,Renault Juan - Crash,0,0,0,0,0,1639546597.375266,-0.02624655440022007,0.017453292519943295,0.01052526800821008
1055,1.2497732666015624,0.00239420166015625,9.639055883789062,0,1,Renault Juan - Crash,0,0,0,0,0,1639546597.4252632,-0.02424808579106626,0.018652373685435583,0.008793261880276773
1056,1.2785036865234374,0.06464344482421874,9.622296472167967,0,1,Renault Juan - Crash,0,0,0,0,0,1639546597.475416,-0.025180704475338038,0.013189892820415163,0.00866003063966652
1057,1.2952630981445312,-0.07422025146484375,9.624690673828125,1,1,Renault Juan - Crash,0,0,0,0,0,1639546597.525816,-0.02584686067838931,0.02105053601642016,0.004929555902579405
1058,1.2761094848632812,-0.047884033203124995,9.600748657226562,1,1,Renault Juan - Crash,0,0,0,0,0,1639546597.5785315,-0.024781010753507273,0.017453292519943295,0.007860643196004996
1059,1.2880804931640624,-0.07900865478515624,9.600748657226562,1,1,Renault Juan - Crash,0,0,0,0,0,1639546597.625497,-0.02531393571594829,0.020251148572758632,0.010258805526989571
1060,1.2641384765625,0.031124621582031248,9.591171850585937,1,1,Renault Juan - Crash,0,0,0,0,0,1639546597.6757114,-0.024781010753507273,0.016120980113840753,0.00985911180515881
1061,1.2808978881835937,0.0,9.6151138671875,1,1,Renault Juan - Crash,0,0,0,0,0,1639546597.7259278,-0.025047473234727783,0.020917304775809907,0.005062787143189658
1062,1.3479355346679687,0.02154781494140625,9.627084875488281,1,1,Renault Juan - Crash,0,0,0,0,0,1639546597.774831,-0.023182235866184224,0.018918836166656093,0.008926493120887028
1063,1.24498486328125,-0.023942016601562498,9.655815295410155,1,1,Renault Juan - Crash,0,0,0,0,0,1639546597.825237,-0.024114854550456002,0.01945176112909711,0.0075941807147844875
1064,1.3024457031249999,0.0047884033203125,9.710881933593749,1,1,Renault Juan - Crash,0,0,0,0,0,1639546597.875153,-0.02438131703167651,0.016653905076281773,0.005462480865020421
1065,1.2569558715820313,-0.0909796630859375,9.612719665527344,1,1,Renault Juan - Crash,0,0,0,0,0,1639546597.9253025,-0.023448698347404734,0.015854517632620246,0.007061255752343471
1066,1.3072341064453123,0.01915361328125,9.605537060546874,1,1,Renault Juan - Crash,0,0,0,0,0,1639546597.975175,-0.0255803981971688,0.01945176112909711,0.010791730489430587
1067,1.2904746948242187,-0.01915361328125,9.641450085449218,1,1,Renault Juan - Crash,0,0,0,0,0,1639546598.0252848,-0.02118376725703041,0.017453292519943295,0.006661562030512709
1068,1.2473790649414063,0.011971008300781249,9.56962403564453,1,1,Renault Juan - Crash,0,0,0,0,0,1639546598.075471,-0.021983154700691936,0.02011791733214838,0.007860643196004996
1069,1.3215993164062498,-0.040701428222656245,9.581595043945311,1,1,Renault Juan - Crash,0,0,0,0,0,1639546598.1251962,-0.024114854550456002,0.019984686091538122,0.0095926493239383
1070,1.254561669921875,0.0047884033203125,9.540893615722656,1,1,Renault Juan - Crash,0,0,0,0,0,1639546598.1753292,-0.025447166956558548,0.01732006127933304,0.011990811654922875
1071,1.2689268798828124,-0.00718260498046875,9.710881933593749,1,1,Renault Juan - Crash,0,0,0,0,0,1639546598.2252405,-0.02145022973825092,0.02105053601642016,0.011324655451871604
1072,1.2808978881835937,0.016759411621093748,9.6151138671875,1,1,Renault Juan - Crash,0,0,0,0,0,1639546598.2759802,-0.02371516082862524,0.01985145485092787,0.0063950995492922
1073,1.3287819213867187,0.031124621582031248,9.572018237304688,1,1,Renault Juan - Crash,0,0,0,0,0,1639546598.324944,-0.02531393571594829,0.01732006127933304,0.007860643196004996
1074,1.3048399047851562,-0.00718260498046875,9.624690673828125,1,1,Renault Juan - Crash,0,0,0,0,0,1639546598.3752067,-0.0287779479718149,0.01851914244482533,0.008127105677225504
1075,1.3192051147460937,-0.011971008300781249,9.610325463867188,1,1,Renault Juan - Crash,0,0,0,0,0,1639546598.4252574,-0.024514548272286763,0.019984686091538122,0.010258805526989571
1076,1.2306196533203124,-0.06703764648437499,9.605537060546874,1,1,Renault Juan - Crash,0,0,0,0,0,1639546598.4753058,-0.02438131703167651,0.019984686091538122,0.0095926493239383
1077,1.3168109130859373,-0.028730419921875,9.6151138671875,1,1,Renault Juan - Crash,0,0,0,0,0,1639546598.5256193,-0.025180704475338038,0.016653905076281773,0.008926493120887028
1078,1.2737152832031249,-0.04548983154296875,9.588777648925781,1,1,Renault Juan - Crash,0,0,0,0,0,1639546598.5748127,-0.02464777951289702,0.01958499236970736,0.006128637068071691
1079,1.2593500732421874,-0.040701428222656245,9.634267480468749,1,1,Renault Juan - Crash,0,0,0,0,0,1639546598.6248224,-0.023448698347404734,0.01851914244482533,0.0095926493239383
1080,1.254561669921875,0.016759411621093748,9.583989245605467,1,1,Renault Juan - Crash,0,0,0,0,0,1639546598.674908,-0.022782542144353463,0.016254211354451008,0.010924961730040842
1081,1.2785036865234374,0.00239420166015625,9.797073193359374,1,1,Renault Juan - Crash,0,0,0,0,0,1639546598.7252343,-0.028111791768763626,0.019984686091538122,0.010392036767599824
1082,1.2617442749023438,-0.03591302490234375,9.619902270507811,1,1,Renault Juan - Crash,0,0,0,0,0,1639546598.7753332,-0.0255803981971688,0.02131699849764067,0.008393568158446012
1083,1.3407529296874998,0.0047884033203125,9.677363110351562,1,1,Renault Juan - Crash,0,0,0,0,0,1639546598.8250022,-0.02531393571594829,0.01705359879811253,0.008127105677225504
1084,1.37906015625,-0.00239420166015625,9.564835632324218,1,1,Renault Juan - Crash,0,0,0,0,0,1639546598.8749065,-0.026646248122050836,0.015588055151399738,0.008127105677225504
1085,1.2904746948242187,-0.00239420166015625,9.682151513671874,1,1,Renault Juan - Crash,0,0,0,0,0,1639546598.9252496,-0.023581929588014985,0.018119448722994567,0.0073277182335639785
1086,1.2856862915039062,-0.01915361328125,9.64623848876953,1,1,Renault Juan - Crash,0,0,0,0,0,1639546598.9751725,-0.02371516082862524,0.018385911204215073,0.010125574286379316
1087,1.2641384765625,-0.023942016601562498,9.660603698730467,1,1,Renault Juan - Crash,0,0,0,0,0,1639546599.0254881,-0.02584686067838931,0.018119448722994567,0.007993874436615249
1088,1.2713210815429687,-0.0718260498046875,9.631873278808593,1,1,Renault Juan - Crash,0,0,0,0,0,1639546599.074833,-0.021983154700691936,0.018918836166656093,0.008526799399056265
1089,1.3120225097656248,0.009576806640625,9.641450085449218,1,1,Renault Juan - Crash,0,0,0,0,0,1639546599.1249452,-0.025447166956558548,0.01732006127933304,0.010258805526989571
1090,1.2808978881835937,-0.0047884033203125,9.639055883789062,1,1,Renault Juan - Crash,0,0,0,0,0,1639546599.1753712,-0.022516079663132953,0.016653905076281773,0.0095926493239383
1091,1.3287819213867187,-0.06464344482421874,9.572018237304688,1,1,Renault Juan - Crash,0,0,0,0,0,1639546599.2255437,-0.024514548272286763,0.022116385941302188,0.008393568158446012
1092,1.3287819213867187,0.016759411621093748,9.6917283203125,1,1,Renault Juan - Crash,0,0,0,0,0,1639546599.2755804,-0.023448698347404734,0.020384379813368887,0.0095926493239383
1093,1.2904746948242187,0.00718260498046875,9.65342109375,1,1,Renault Juan - Crash,0,0,0,0,0,1639546599.3249333,-0.024114854550456002,0.016653905076281773,0.009192955602107537
1094,1.2593500732421874,-0.04548983154296875,9.662997900390625,1,1,Renault Juan - Crash,0,0,0,0,0,1639546599.3748574,-0.025447166956558548,0.0191852986478766,0.0073277182335639785
1095,1.24498486328125,-0.02154781494140625,9.574412438964844,1,1,Renault Juan - Crash,0,0,0,0,0,1639546599.4250526,-0.02531393571594829,0.0191852986478766,0.009992343045769061
1096,1.2785036865234374,0.0,9.68454571533203,1,1,Renault Juan - Crash,0,0,0,0,0,1639546599.4749188,-0.024514548272286763,0.019984686091538122,0.007727411955394742
1097,1.3168109130859373,0.01915361328125,9.622296472167967,1,1,Renault Juan - Crash,0,0,0,0,0,1639546599.5251007,-0.024781010753507273,0.018252679963604822,0.006794793271122962
1098,1.2569558715820313,-0.031124621582031248,9.588777648925781,1,1,Renault Juan - Crash,0,0,0,0,0,1639546599.575568,-0.024914241994117528,0.02011791733214838,0.006928024511733216
1099,1.2737152832031249,-0.02154781494140625,9.603142858886718,1,1,Renault Juan - Crash,0,0,0,0,0,1639546599.6553206,-0.021849923460081685,0.017186830038722786,0.00866003063966652
1100,1.3024457031249999,-0.016759411621093748,9.631873278808593,1,1,Renault Juan - Crash,0,0,0,0,0,1639546599.6752594,-0.024914241994117528,0.015454823910789483,0.01212404289553313
1101,1.2856862915039062,-0.05746083984375,9.658209497070311,1,1,Renault Juan - Crash,0,0,0,0,0,1639546599.7252007,-0.022782542144353463,0.019052067407266345,0.009059724361497283
1102,1.3024457031249999,-0.06943184814453125,9.627084875488281,1,1,Renault Juan - Crash,0,0,0,0,0,1639546599.775742,-0.022249617181912446,0.015854517632620246,0.008793261880276773
1103,1.2617442749023438,-0.047884033203124995,9.579200842285156,1,1,Renault Juan - Crash,0,0,0,0,0,1639546599.8249815,-0.022116385941302188,0.017719755001163805,0.008127105677225504
1104,1.2976572998046874,-0.05746083984375,9.605537060546874,1,1,Renault Juan - Crash,0,0,0,0,0,1639546599.8751366,-0.023182235866184224,0.016787136316892024,0.011990811654922875
1105,1.2689268798828124,-0.0526724365234375,9.648632690429688,1,1,Renault Juan - Crash,0,0,0,0,0,1639546599.9251819,-0.02131699849764067,0.018119448722994567,0.011191424211261349
1106,1.2856862915039062,0.0,9.677363110351562,1,1,Renault Juan - Crash,0,0,0,0,0,1639546599.9753194,-0.02624655440022007,0.018119448722994567,0.007727411955394742
1107,1.2856862915039062,-0.00718260498046875,9.600748657226562,1,1,Renault Juan - Crash,0,0,0,0,0,1639546600.0254533,-0.023315467106794475,0.015854517632620246,0.009326186842717792
1108,1.2737152832031249,-0.0526724365234375,9.648632690429688,1,1,Renault Juan - Crash,0,0,0,0,0,1639546600.0748477,-0.024114854550456002,0.017719755001163805,0.011990811654922875
1109,1.2832920898437499,-0.0526724365234375,9.643844287109374,1,1,Renault Juan - Crash,0,0,0,0,0,1639546600.1246877,-0.025047473234727783,0.015987748873230498,0.008526799399056265
1110,1.2737152832031249,0.040701428222656245,9.648632690429688,1,1,Renault Juan - Crash,0,0,0,0,0,1639546600.1749945,-0.027045941843881597,0.022116385941302188,0.007061255752343471
1111,1.3096283081054687,-0.033518823242187495,9.658209497070311,1,1,Renault Juan - Crash,0,0,0,0,0,1639546600.2248974,-0.023848392069235495,0.018252679963604822,0.010924961730040842
1112,1.2378022583007813,0.00239420166015625,9.560047229003906,1,1,Renault Juan - Crash,0,0,0,0,0,1639546600.2753582,-0.023315467106794475,0.01985145485092787,0.007993874436615249
1113,1.3551181396484375,-0.009576806640625,9.662997900390625,1,1,Renault Juan - Crash,0,0,0,0,0,1639546600.3261302,-0.02531393571594829,0.017586523760553547,0.010258805526989571
1114,1.2785036865234374,-0.105344873046875,9.612719665527344,1,1,Renault Juan - Crash,0,0,0,0,0,1639546600.3752859,-0.02571362943777905,0.020384379813368887,0.00985911180515881
1115,1.3144167114257812,-0.0718260498046875,9.600748657226562,1,1,Renault Juan - Crash,0,0,0,0,0,1639546600.425408,-0.025180704475338038,0.017852986241774057,0.0095926493239383
1116,1.20667763671875,-0.00718260498046875,9.631873278808593,1,1,Renault Juan - Crash,0,0,0,0,0,1639546600.4745572,-0.025047473234727783,0.02131699849764067,0.00866003063966652
1117,1.3263877197265623,-0.016759411621093748,9.591171850585937,1,1,Renault Juan - Crash,0,0,0,0,0,1639546600.5247986,-0.025047473234727783,0.017586523760553547,0.008926493120887028
1118,1.2497732666015624,-0.04548983154296875,9.572018237304688,1,1,Renault Juan - Crash,0,0,0,0,0,1639546600.57559,-0.02691271060327134,0.015454823910789483,0.0074609494741742334
1119,1.2665326782226562,-0.033518823242187495,9.679757312011718,1,1,Renault Juan - Crash,0,0,0,0,0,1639546600.625484,-0.02531393571594829,0.02011791733214838,0.0075941807147844875
1120,1.2880804931640624,-0.0526724365234375,9.60793126220703,1,1,Renault Juan - Crash,0,0,0,0,0,1639546600.692109,-0.023581929588014985,0.016120980113840753,0.009326186842717792
1121,1.2378022583007813,0.011971008300781249,9.65342109375,1,1,Renault Juan - Crash,0,0,0,0,0,1639546600.7249951,-0.0255803981971688,0.016653905076281773,0.0074609494741742334
1122,1.2210428466796874,0.01915361328125,9.660603698730467,1,1,Renault Juan - Crash,0,0,0,0,0,1639546600.774935,-0.022516079663132953,0.020251148572758632,0.00866003063966652
1123,1.3072341064453123,-0.09816226806640624,9.600748657226562,1,1,Renault Juan - Crash,0,0,0,0,0,1639546600.8250732,-0.023315467106794475,0.016387442595061263,0.009725880564548555
1124,1.2665326782226562,-0.062249243164062495,9.655815295410155,1,1,Renault Juan - Crash,0,0,0,0,0,1639546600.874714,-0.025047473234727783,0.016387442595061263,0.010392036767599824
1125,1.3048399047851562,0.00239420166015625,9.595960253906249,1,1,Renault Juan - Crash,0,0,0,0,0,1639546600.9247286,-0.025047473234727783,0.015188361429568975,0.007194486992953725
1126,1.2473790649414063,-0.033518823242187495,9.545682019042967,1,1,Renault Juan - Crash,0,0,0,0,0,1639546600.9745133,-0.0255803981971688,0.015987748873230498,0.01052526800821008
1127,1.189918225097656,-0.011971008300781249,9.478644372558593,0,1,Renault Juan - Crash,0,0,0,0,0,1639546601.0245907,-0.023581929588014985,0.01505513018895872,0.007993874436615249
1128,1.3048399047851562,-0.02154781494140625,9.612719665527344,0,1,Renault Juan - Crash,0,0,0,0,0,1639546601.0754764,-0.022915773384963714,0.016254211354451008,0.007727411955394742
1129,1.3431471313476562,-0.0526724365234375,9.512163195800781,0,1,Renault Juan - Crash,0,0,0,0,0,1639546601.1246305,-0.022915773384963714,0.017719755001163805,0.00866003063966652
1130,1.254561669921875,-0.04548983154296875,9.658209497070311,0,1,Renault Juan - Crash,0,0,0,0,0,1639546601.1755154,-0.02398162330984575,0.021849923460081685,0.007727411955394742
1131,1.2952630981445312,-0.02154781494140625,9.598354455566406,0,1,Renault Juan - Crash,0,0,0,0,0,1639546601.224798,-0.023848392069235495,0.019052067407266345,0.007727411955394742
1132,1.2928688964843749,-0.05985504150390625,9.718064538574218,0,1,Renault Juan - Crash,0,0,0,0,0,1639546601.275587,-0.027312404325102103,0.01971822361031762,0.006928024511733216
1133,1.3311761230468748,0.031124621582031248,9.643844287109374,0,1,Renault Juan - Crash,0,0,0,0,0,1639546601.32551,-0.023848392069235495,0.022116385941302188,0.010924961730040842
1134,1.2856862915039062,-0.00718260498046875,9.60793126220703,0,1,Renault Juan - Crash,0,0,0,0,0,1639546601.3751612,-0.02371516082862524,0.017186830038722786,0.009459418083328047
1135,1.2928688964843749,0.011971008300781249,9.593566052246093,0,1,Renault Juan - Crash,0,0,0,0,0,1639546601.4251692,-0.02531393571594829,0.017719755001163805,0.00866003063966652
1136,1.3048399047851562,-0.05746083984375,9.639055883789062,0,1,Renault Juan - Crash,0,0,0,0,0,1639546601.4748025,-0.024781010753507273,0.018918836166656093,0.0058621745868511835
1137,1.2808978881835937,-0.009576806640625,9.6151138671875,0,1,Renault Juan - Crash,0,0,0,0,0,1639546601.5247145,-0.023049004625573973,0.01732006127933304,0.0075941807147844875
1138,1.2761094848632812,0.00239420166015625,9.624690673828125,0,1,Renault Juan - Crash,0,0,0,0,0,1639546601.5747108,-0.027578866806322613,0.015188361429568975,0.009459418083328047
1139,1.2880804931640624,0.028730419921875,9.603142858886718,0,1,Renault Juan - Crash,0,0,0,0,0,1639546601.6245537,-0.022915773384963714,0.018918836166656093,0.006928024511733216
1140,1.3575123413085937,-0.028730419921875,9.660603698730467,0,1,Renault Juan - Crash,0,0,0,0,0,1639546601.6754208,-0.02624655440022007,0.016653905076281773,0.007061255752343471
1141,1.2808978881835937,0.01915361328125,9.667786303710937,0,1,Renault Juan - Crash,0,0,0,0,0,1639546601.728067,-0.02371516082862524,0.018119448722994567,0.008526799399056265
1142,1.235408056640625,-0.06943184814453125,9.627084875488281,0,1,Renault Juan - Crash,0,0,0,0,0,1639546601.7755697,-0.023448698347404734,0.018918836166656093,0.008260336917835759
1143,1.2497732666015624,-0.011971008300781249,9.679757312011718,0,1,Renault Juan - Crash,0,0,0,0,0,1639546601.8256032,-0.026113323159609816,0.01851914244482533,0.009192955602107537
1144,1.2785036865234374,-0.0143652099609375,9.572018237304688,0,1,Renault Juan - Crash,0,0,0,0,0,1639546601.8747635,-0.023315467106794475,0.0191852986478766,0.0057289433462409285
1145,1.3024457031249999,-0.0047884033203125,9.677363110351562,0,1,Renault Juan - Crash,0,0,0,0,0,1639546601.9249153,-0.02531393571594829,0.020517611053979142,0.010924961730040842
1146,1.2641384765625,-0.047884033203124995,9.636661682128906,0,1,Renault Juan - Crash,0,0,0,0,0,1639546601.9751887,-0.02424808579106626,0.015854517632620246,0.0095926493239383
1147,1.2665326782226562,-0.05027823486328125,9.612719665527344,0,1,Renault Juan - Crash,0,0,0,0,0,1639546602.025225,-0.026113323159609816,0.01945176112909711,0.0074609494741742334
1148,1.254561669921875,-0.0526724365234375,9.612719665527344,0,1,Renault Juan - Crash,0,0,0,0,0,1639546602.075125,-0.02464777951289702,0.02011791733214838,0.00866003063966652
1149,1.2617442749023438,0.016759411621093748,9.6151138671875,0,1,Renault Juan - Crash,0,0,0,0,0,1639546602.124678,-0.023581929588014985,0.017719755001163805,0.0074609494741742334
1150,1.2617442749023438,0.0047884033203125,9.586383447265625,0,1,Renault Juan - Crash,0,0,0,0,0,1639546602.1747859,-0.02464777951289702,0.017719755001163805,0.0057289433462409285
1151,1.216254443359375,-0.055066638183593745,9.624690673828125,0,1,Renault Juan - Crash,0,0,0,0,0,1639546602.2253404,-0.023848392069235495,0.0191852986478766,0.008526799399056265
1152,1.2593500732421874,-0.0526724365234375,9.658209497070311,0,1,Renault Juan - Crash,0,0,0,0,0,1639546602.275519,-0.025447166956558548,0.01505513018895872,0.010924961730040842
1153,1.3192051147460937,0.0047884033203125,9.624690673828125,0,1,Renault Juan - Crash,0,0,0,0,0,1639546602.3251257,-0.026113323159609816,0.020650842294589397,0.006261868308681946
1154,1.24498486328125,-0.00718260498046875,9.600748657226562,0,1,Renault Juan - Crash,0,0,0,0,0,1639546602.3758154,-0.02371516082862524,0.01705359879811253,0.007860643196004996
1155,1.3024457031249999,-0.047884033203124995,9.593566052246093,0,1,Renault Juan - Crash,0,0,0,0,0,1639546602.4244835,-0.02424808579106626,0.016653905076281773,0.008260336917835759
1156,1.2952630981445312,-0.0718260498046875,9.689334118652344,0,1,Renault Juan - Crash,0,0,0,0,0,1639546602.4745045,-0.02438131703167651,0.01971822361031762,0.010125574286379316
1157,1.2641384765625,-0.00239420166015625,9.641450085449218,0,1,Renault Juan - Crash,0,0,0,0,0,1639546602.5253382,-0.023581929588014985,0.018785604926045835,0.010258805526989571
1158,1.2378022583007813,-0.040701428222656245,9.562441430664062,0,1,Renault Juan - Crash,0,0,0,0,0,1639546602.5752854,-0.023049004625573973,0.021716692219471426,0.008127105677225504
1159,1.2761094848632812,-0.04548983154296875,9.567229833984374,0,1,Renault Juan - Crash,0,0,0,0,0,1639546602.62482,-0.023581929588014985,0.017986217482384312,0.009059724361497283
1160,1.3311761230468748,-0.00239420166015625,9.588777648925781,0,1,Renault Juan - Crash,0,0,0,0,0,1639546602.6748936,-0.024914241994117528,0.020251148572758632,0.009459418083328047
1161,1.2976572998046874,-0.0430956298828125,9.65342109375,0,1,Renault Juan - Crash,0,0,0,0,0,1639546602.7255423,-0.024781010753507273,0.01705359879811253,0.008926493120887028
1162,1.2904746948242187,-0.047884033203124995,9.619902270507811,0,1,Renault Juan - Crash,0,0,0,0,0,1639546602.7753484,-0.024781010753507273,0.018119448722994567,0.008526799399056265
1163,1.2856862915039062,-0.00718260498046875,9.643844287109374,0,1,Renault Juan - Crash,0,0,0,0,0,1639546602.8249857,-0.024114854550456002,0.017186830038722786,0.010392036767599824
1164,1.2689268798828124,-0.08379705810546874,9.679757312011718,0,1,Renault Juan - Crash,0,0,0,0,0,1639546602.8748126,-0.022915773384963714,0.018918836166656093,0.008793261880276773
1165,1.3000515014648437,0.0383072265625,9.677363110351562,0,1,Renault Juan - Crash,0,0,0,0,0,1639546602.924577,-0.02531393571594829,0.01732006127933304,0.0074609494741742334
1166,1.2808978881835937,-0.033518823242187495,9.665392102050781,0,1,Renault Juan - Crash,0,0,0,0,0,1639546602.9744108,-0.02398162330984575,0.02078407353519965,0.01052526800821008
1167,1.3192051147460937,-0.02633621826171875,9.639055883789062,0,1,Renault Juan - Crash,0,0,0,0,0,1639546603.0253065,-0.023049004625573973,0.014522205226517705,0.009059724361497283
1168,1.3263877197265623,-0.0047884033203125,9.619902270507811,0,1,Renault Juan - Crash,0,0,0,0,0,1639546603.0751455,-0.024514548272286763,0.016120980113840753,0.008127105677225504
1169,1.3048399047851562,-0.04548983154296875,9.641450085449218,0,1,Renault Juan - Crash,0,0,0,0,0,1639546603.1246858,-0.023182235866184224,0.019318529888486854,0.005196018383799912
1170,1.3168109130859373,0.0,9.6151138671875,0,1,Renault Juan - Crash,0,0,0,0,0,1639546603.1747365,-0.02131699849764067,0.01851914244482533,0.008127105677225504
1171,1.2904746948242187,-0.033518823242187495,9.739612353515625,0,1,Renault Juan - Crash,0,0,0,0,0,1639546603.225314,-0.02584686067838931,0.01971822361031762,0.007727411955394742
1172,1.2785036865234374,-0.0383072265625,9.579200842285156,0,1,Renault Juan - Crash,0,0,0,0,0,1639546603.2754912,-0.022649310903743208,0.016653905076281773,0.008926493120887028
1173,1.2593500732421874,0.02154781494140625,9.502586389160156,0,1,Renault Juan - Crash,0,0,0,0,0,1639546603.325096,-0.024781010753507273,0.017986217482384312,0.00866003063966652
1174,1.2713210815429687,-0.033518823242187495,9.60793126220703,0,1,Renault Juan - Crash,0,0,0,0,0,1639546603.3747966,-0.0255803981971688,0.019318529888486854,0.011324655451871604
1175,1.2737152832031249,-0.02633621826171875,9.639055883789062,0,1,Renault Juan - Crash,0,0,0,0,0,1639546603.4261432,-0.02464777951289702,0.015588055151399738,0.009059724361497283
1176,1.3000515014648437,-0.02633621826171875,9.670180505371093,0,1,Renault Juan - Crash,0,0,0,0,0,1639546603.475255,-0.024914241994117528,0.021983154700691936,0.009992343045769061
1177,1.2761094848632812,-0.02633621826171875,9.662997900390625,0,1,Renault Juan - Crash,0,0,0,0,0,1639546603.525056,-0.024514548272286763,0.020917304775809907,0.009459418083328047
1178,1.2832920898437499,-0.0383072265625,9.629479077148437,0,1,Renault Juan - Crash,0,0,0,0,0,1639546603.574652,-0.024914241994117528,0.019984686091538122,0.005062787143189658
1179,1.3120225097656248,0.01915361328125,9.619902270507811,0,1,Renault Juan - Crash,0,0,0,0,0,1639546603.6243768,-0.023049004625573973,0.019318529888486854,0.008127105677225504
1180,1.2952630981445312,-0.06943184814453125,9.600748657226562,0,1,Renault Juan - Crash,0,0,0,0,0,1639546603.6752124,-0.025047473234727783,0.01945176112909711,0.007194486992953725
1181,1.3072341064453123,-0.05027823486328125,9.634267480468749,0,1,Renault Juan - Crash,0,0,0,0,0,1639546603.725217,-0.023848392069235495,0.021583460978861175,0.0075941807147844875
1182,1.22583125,-0.011971008300781249,9.677363110351562,0,1,Renault Juan - Crash,0,0,0,0,0,1639546603.806726,-0.023049004625573973,0.02131699849764067,0.008526799399056265
1183,1.37906015625,0.00718260498046875,9.581595043945311,0,1,Renault Juan - Crash,0,0,0,0,0,1639546603.8253038,-0.023049004625573973,0.01732006127933304,0.009192955602107537
1184,1.22583125,-0.031124621582031248,9.619902270507811,0,1,Renault Juan - Crash,0,0,0,0,0,1639546603.8748765,-0.02424808579106626,0.017852986241774057,0.0075941807147844875
1185,1.3096283081054687,0.00239420166015625,9.641450085449218,0,1,Renault Juan - Crash,0,0,0,0,0,1639546603.9249883,-0.02078407353519965,0.01971822361031762,0.010125574286379316
1186,1.2713210815429687,-0.07900865478515624,9.60793126220703,0,1,Renault Juan - Crash,0,0,0,0,0,1639546603.9747636,-0.02424808579106626,0.015854517632620246,0.0095926493239383
1187,1.3000515014648437,-0.040701428222656245,9.6917283203125,0,1,Renault Juan - Crash,0,0,0,0,0,1639546604.0246716,-0.025180704475338038,0.018119448722994567,0.006528330789902454
1188,1.3048399047851562,-0.040701428222656245,9.497797985839844,0,1,Renault Juan - Crash,0,0,0,0,0,1639546604.07524,-0.022382848422522698,0.018252679963604822,0.010924961730040842
1189,1.2641384765625,0.011971008300781249,9.610325463867188,0,1,Renault Juan - Crash,0,0,0,0,0,1639546604.1250749,-0.02398162330984575,0.019318529888486854,0.007860643196004996
1190,1.24498486328125,-0.0430956298828125,9.56962403564453,0,1,Renault Juan - Crash,0,0,0,0,0,1639546604.1748078,-0.026113323159609816,0.02011791733214838,0.008127105677225504
1191,1.2473790649414063,-0.0430956298828125,9.627084875488281,0,1,Renault Juan - Crash,0,0,0,0,0,1639546604.2248735,-0.024114854550456002,0.024114854550456002,0.009725880564548555
1192,1.2617442749023438,-0.02633621826171875,9.593566052246093,0,1,Renault Juan - Crash,0,0,0,0,0,1639546604.2744992,-0.02398162330984575,0.017852986241774057,0.009992343045769061
1193,1.3048399047851562,-0.0718260498046875,9.581595043945311,0,1,Renault Juan - Crash,0,0,0,0,0,1639546604.3243544,-0.024114854550456002,0.01705359879811253,0.006661562030512709
1194,1.3024457031249999,0.0047884033203125,9.696516723632811,0,1,Renault Juan - Crash,0,0,0,0,0,1639546604.3749352,-0.024781010753507273,0.0191852986478766,0.005995405827461438
1195,1.2928688964843749,0.023942016601562498,9.586383447265625,0,1,Renault Juan - Crash,0,0,0,0,0,1639546604.42497,-0.024114854550456002,0.01705359879811253,0.008526799399056265
1196,1.3431471313476562,-0.033518823242187495,9.643844287109374,0,1,Renault Juan - Crash,0,0,0,0,0,1639546604.4746048,-0.02851148549059439,0.017986217482384312,0.008127105677225504
1197,1.24498486328125,0.0047884033203125,9.581595043945311,0,1,Renault Juan - Crash,0,0,0,0,0,1639546604.5245843,-0.023315467106794475,0.01958499236970736,0.008260336917835759
1198,1.24498486328125,-0.00239420166015625,9.624690673828125,0,1,Renault Juan - Crash,0,0,0,0,0,1639546604.5751987,-0.02424808579106626,0.019318529888486854,0.007860643196004996
1199,1.3072341064453123,0.0383072265625,9.648632690429688,0,1,Renault Juan - Crash,0,0,0,0,0,1639546604.6250384,-0.025180704475338038,0.015987748873230498,0.00479632466196915
1200,1.3048399047851562,0.062249243164062495,9.612719665527344,0,1,Renault Juan - Crash,0,0,0,0,0,1639546604.674766,-0.027312404325102103,0.019984686091538122,0.011724349173702367
1201,1.2761094848632812,0.04548983154296875,9.658209497070311,0,1,Renault Juan - Crash,0,0,0,0,0,1639546604.7249265,-0.026113323159609816,0.017453292519943295,0.0063950995492922
1202,1.3096283081054687,-0.01915361328125,9.603142858886718,0,1,Renault Juan - Crash,0,0,0,0,0,1639546604.774593,-0.025180704475338038,0.017986217482384312,0.008793261880276773
1203,1.2928688964843749,-0.0383072265625,9.6917283203125,0,1,Renault Juan - Crash,0,0,0,0,0,1639546604.8424985,-0.025047473234727783,0.0191852986478766,0.010791730489430587
1204,1.2617442749023438,-0.023942016601562498,9.543287817382812,0,1,Renault Juan - Crash,0,0,0,0,0,1639546604.8750339,-0.02571362943777905,0.015987748873230498,0.008127105677225504
1205,1.2808978881835937,-0.03591302490234375,9.622296472167967,0,1,Renault Juan - Crash,0,0,0,0,0,1639546604.92476,-0.025047473234727783,0.016653905076281773,0.01185758041431262
1206,1.2282254516601563,-0.028730419921875,9.639055883789062,0,1,Renault Juan - Crash,0,0,0,0,0,1639546604.9747753,-0.025180704475338038,0.018119448722994567,0.009725880564548555
1207,1.2593500732421874,-0.00718260498046875,9.595960253906249,0,1,Renault Juan - Crash,0,0,0,0,0,1639546605.0253947,-0.025180704475338038,0.018119448722994567,0.00866003063966652
1208,1.2665326782226562,-0.05985504150390625,9.641450085449218,0,1,Renault Juan - Crash,0,0,0,0,0,1639546605.0753124,-0.025180704475338038,0.021716692219471426,0.009192955602107537
1209,1.2665326782226562,0.0047884033203125,9.660603698730467,0,1,Renault Juan - Crash,0,0,0,0,0,1639546605.1249113,-0.02398162330984575,0.015987748873230498,0.009459418083328047
1210,1.2425906616210938,0.0,9.574412438964844,0,1,Renault Juan - Crash,0,0,0,0,0,1639546605.1750023,-0.02371516082862524,0.018652373685435583,0.009459418083328047
1211,1.2928688964843749,0.062249243164062495,9.777919580078125,1,1,Renault Juan - Crash,0,0,0,0,0,1639546605.2248437,-0.024114854550456002,0.027312404325102103,0.010392036767599824
1212,1.2665326782226562,-0.01915361328125,9.574412438964844,1,1,Renault Juan - Crash,0,0,0,0,0,1639546605.2748175,-0.024781010753507273,0.019318529888486854,0.007993874436615249
1213,1.2952630981445312,-0.01915361328125,9.595960253906249,1,1,Renault Juan - Crash,0,0,0,0,0,1639546605.3256278,-0.0255803981971688,0.01572128639200999,0.00985911180515881
1214,1.2976572998046874,-0.040701428222656245,9.65342109375,1,1,Renault Juan - Crash,0,0,0,0,0,1639546605.3753002,-0.02624655440022007,0.018918836166656093,0.007061255752343471
1215,1.2808978881835937,-0.023942016601562498,9.639055883789062,1,1,Renault Juan - Crash,0,0,0,0,0,1639546605.424957,-0.024514548272286763,0.016387442595061263,0.008393568158446012
1216,1.2737152832031249,-0.03591302490234375,9.509768994140625,1,1,Renault Juan - Crash,0,0,0,0,0,1639546605.4747448,-0.024914241994117528,0.01572128639200999,0.007993874436615249
1217,1.2976572998046874,0.016759411621093748,9.564835632324218,1,1,Renault Juan - Crash,0,0,0,0,0,1639546605.5254166,-0.02424808579106626,0.017453292519943295,0.007194486992953725
1218,1.216254443359375,-0.05985504150390625,9.586383447265625,1,1,Renault Juan - Crash,0,0,0,0,0,1639546605.575045,-0.023182235866184224,0.021583460978861175,0.0095926493239383
1219,1.2569558715820313,-0.05746083984375,9.648632690429688,1,1,Renault Juan - Crash,0,0,0,0,0,1639546605.6246903,-0.026113323159609816,0.01945176112909711,0.007061255752343471
1220,1.2330138549804688,0.0047884033203125,9.648632690429688,1,1,Renault Juan - Crash,0,0,0,0,0,1639546605.6753848,-0.025447166956558548,0.020517611053979142,0.008127105677225504
1221,1.3120225097656248,0.03591302490234375,9.641450085449218,1,1,Renault Juan - Crash,0,0,0,0,0,1639546605.7253878,-0.02598009191899956,0.01572128639200999,0.010791730489430587
1222,1.2928688964843749,0.0143652099609375,9.667786303710937,1,1,Renault Juan - Crash,0,0,0,0,0,1639546605.775063,-0.02438131703167651,0.018785604926045835,0.008393568158446012
1223,1.2713210815429687,0.0143652099609375,9.562441430664062,1,1,Renault Juan - Crash,0,0,0,0,0,1639546605.8248153,-0.022915773384963714,0.017186830038722786,0.006128637068071691
1224,1.3024457031249999,-0.00239420166015625,9.576806640625,1,1,Renault Juan - Crash,0,0,0,0,0,1639546605.8775535,-0.025180704475338038,0.021983154700691936,0.0074609494741742334
1225,1.3024457031249999,-0.0526724365234375,9.598354455566406,1,1,Renault Juan - Crash,0,0,0,0,0,1639546605.925392,-0.026113323159609816,0.014921898948348467,0.012523736617363892
1226,1.235408056640625,0.0383072265625,9.648632690429688,1,1,Renault Juan - Crash,0,0,0,0,0,1639546605.9749334,-0.029310872934255914,0.020917304775809907,0.010125574286379316
1227,1.254561669921875,0.0383072265625,9.555258825683593,1,1,Renault Juan - Crash,0,0,0,0,0,1639546606.0245163,-0.024781010753507273,0.018385911204215073,0.00985911180515881
1228,1.2641384765625,0.0,9.579200842285156,1,1,Renault Juan - Crash,0,0,0,0,0,1639546606.0751815,-0.02531393571594829,0.01945176112909711,0.0075941807147844875
1229,1.254561669921875,0.0143652099609375,9.619902270507811,1,1,Renault Juan - Crash,0,0,0,0,0,1639546606.1247413,-0.022249617181912446,0.01705359879811253,0.010924961730040842
1230,1.2282254516601563,-0.011971008300781249,9.557653027343749,1,1,Renault Juan - Crash,0,0,0,0,0,1639546606.1746342,-0.022782542144353463,0.017719755001163805,0.007727411955394742
1231,1.2521674682617188,-0.047884033203124995,9.612719665527344,1,1,Renault Juan - Crash,0,0,0,0,0,1639546606.2251499,-0.022915773384963714,0.016387442595061263,0.007993874436615249
1232,1.2761094848632812,-0.03591302490234375,9.622296472167967,1,1,Renault Juan - Crash,0,0,0,0,0,1639546606.2752252,-0.02371516082862524,0.019984686091538122,0.009326186842717792
1233,1.3239935180664062,-0.040701428222656245,9.605537060546874,1,1,Renault Juan - Crash,0,0,0,0,0,1639546606.3249016,-0.023049004625573973,0.014255742745297196,0.008393568158446012
1234,1.2401964599609374,0.023942016601562498,9.543287817382812,1,1,Renault Juan - Crash,0,0,0,0,0,1639546606.374718,-0.023848392069235495,0.01732006127933304,0.008127105677225504
1235,1.2952630981445312,-0.0047884033203125,9.540893615722656,1,1,Renault Juan - Crash,0,0,0,0,0,1639546606.4245794,-0.02424808579106626,0.01705359879811253,0.0057289433462409285
1236,1.2808978881835937,-0.00718260498046875,9.567229833984374,1,1,Renault Juan - Crash,0,0,0,0,0,1639546606.4743862,-0.025447166956558548,0.019052067407266345,0.008926493120887028
1237,1.3048399047851562,0.033518823242187495,9.631873278808593,1,1,Renault Juan - Crash,0,0,0,0,0,1639546606.5250223,-0.022116385941302188,0.01572128639200999,0.009059724361497283
1238,1.2713210815429687,-0.031124621582031248,9.641450085449218,1,1,Renault Juan - Crash,0,0,0,0,0,1639546606.5750353,-0.02571362943777905,0.017586523760553547,0.006661562030512709
1239,1.2378022583007813,0.02154781494140625,9.588777648925781,1,1,Renault Juan - Crash,0,0,0,0,0,1639546606.6245127,-0.02584686067838931,0.01532159267017923,0.008926493120887028
1240,1.254561669921875,-0.033518823242187495,9.677363110351562,1,1,Renault Juan - Crash,0,0,0,0,0,1639546606.6747625,-0.025447166956558548,0.020251148572758632,0.009725880564548555
1241,1.2808978881835937,-0.033518823242187495,9.548076220703125,1,1,Renault Juan - Crash,0,0,0,0,0,1639546606.7262633,-0.023848392069235495,0.01705359879811253,0.006928024511733216
1242,1.3168109130859373,0.0,9.612719665527344,1,1,Renault Juan - Crash,0,0,0,0,0,1639546606.7753325,-0.02531393571594829,0.019318529888486854,0.010658499248820334
1243,1.2521674682617188,0.00718260498046875,9.603142858886718,1,1,Renault Juan - Crash,0,0,0,0,0,1639546606.824987,-0.023315467106794475,0.01985145485092787,0.009192955602107537
1244,1.3120225097656248,-0.028730419921875,9.617508068847656,1,1,Renault Juan - Crash,0,0,0,0,0,1639546606.874802,-0.027845329287543123,0.01985145485092787,0.005062787143189658
1245,1.2737152832031249,-0.033518823242187495,9.713276135253906,1,1,Renault Juan - Crash,0,0,0,0,0,1639546606.9247806,-0.02438131703167651,0.01945176112909711,0.008127105677225504
1246,1.3311761230468748,-0.0383072265625,9.5384994140625,1,1,Renault Juan - Crash,0,0,0,0,0,1639546606.9746544,-0.028911179212425153,0.017719755001163805,0.00866003063966652
1247,1.2593500732421874,-0.01915361328125,9.648632690429688,1,1,Renault Juan - Crash,0,0,0,0,0,1639546607.0253503,-0.023049004625573973,0.016387442595061263,0.006128637068071691
1248,1.3120225097656248,-0.040701428222656245,9.603142858886718,1,1,Renault Juan - Crash,0,0,0,0,0,1639546607.0751832,-0.02598009191899956,0.017186830038722786,0.00985911180515881
1249,1.2425906616210938,-0.02154781494140625,9.598354455566406,1,1,Renault Juan - Crash,0,0,0,0,0,1639546607.1247172,-0.021983154700691936,0.021716692219471426,0.007061255752343471
1250,1.24498486328125,-0.08379705810546874,9.674968908691406,1,1,Renault Juan - Crash,0,0,0,0,0,1639546607.1748652,-0.02398162330984575,0.020251148572758632,0.007993874436615249
1251,1.2330138549804688,0.016759411621093748,9.53131680908203,1,1,Renault Juan - Crash,0,0,0,0,0,1639546607.2254333,-0.026646248122050836,0.017852986241774057,0.009326186842717792
1252,1.2832920898437499,-0.016759411621093748,9.65342109375,1,1,Renault Juan - Crash,0,0,0,0,0,1639546607.2752984,-0.02464777951289702,0.021983154700691936,0.006794793271122962
1253,1.3287819213867187,0.011971008300781249,9.576806640625,1,1,Renault Juan - Crash,0,0,0,0,0,1639546607.3248951,-0.02691271060327134,0.018119448722994567,0.006528330789902454
1254,1.3335703247070312,-0.00718260498046875,9.586383447265625,1,1,Renault Juan - Crash,0,0,0,0,0,1639546607.3747597,-0.026779479362661087,0.017719755001163805,0.00985911180515881
1255,1.3431471313476562,-0.047884033203124995,9.64623848876953,1,1,Renault Juan - Crash,0,0,0,0,0,1639546607.4246457,-0.02424808579106626,0.014788667707738212,0.006794793271122962
1256,1.22583125,-0.011971008300781249,9.670180505371093,1,1,Renault Juan - Crash,0,0,0,0,0,1639546607.474493,-0.023182235866184224,0.020650842294589397,0.011724349173702367
1257,1.235408056640625,-0.016759411621093748,9.593566052246093,1,1,Renault Juan - Crash,0,0,0,0,0,1639546607.5251513,-0.02744563556571236,0.016787136316892024,0.013189892820415163
1258,1.2665326782226562,-0.04548983154296875,9.624690673828125,1,1,Renault Juan - Crash,0,0,0,0,0,1639546607.5750043,-0.025180704475338038,0.01945176112909711,0.007993874436615249
1259,1.2808978881835937,-0.06464344482421874,9.560047229003906,1,1,Renault Juan - Crash,0,0,0,0,0,1639546607.624571,-0.02424808579106626,0.017986217482384312,0.007194486992953725
1260,1.3000515014648437,-0.023942016601562498,9.591171850585937,1,1,Renault Juan - Crash,0,0,0,0,0,1639546607.674857,-0.023182235866184224,0.015188361429568975,0.007194486992953725
1261,1.3623007446289062,-0.05985504150390625,9.593566052246093,1,1,Renault Juan - Crash,0,0,0,0,0,1639546607.7254748,-0.022516079663132953,0.017986217482384312,0.0095926493239383
1262,1.2976572998046874,-0.023942016601562498,9.651026892089844,1,1,Renault Juan - Crash,0,0,0,0,0,1639546607.775422,-0.02598009191899956,0.01851914244482533,0.006928024511733216
1263,1.3120225097656248,0.023942016601562498,9.627084875488281,1,1,Renault Juan - Crash,0,0,0,0,0,1639546607.8250663,-0.024114854550456002,0.01971822361031762,0.011724349173702367
1264,1.3168109130859373,-0.0383072265625,9.627084875488281,1,1,Renault Juan - Crash,0,0,0,0,0,1639546607.8749917,-0.026113323159609816,0.02011791733214838,0.006661562030512709
1265,1.177947216796875,-0.033518823242187495,9.68454571533203,1,1,Renault Juan - Crash,0,0,0,0,0,1639546607.9550924,-0.023448698347404734,0.02145022973825092,0.012257274136143382
1266,1.3215993164062498,-0.02154781494140625,9.612719665527344,1,1,Renault Juan - Crash,0,0,0,0,0,1639546607.974815,-0.023182235866184224,0.01971822361031762,0.010658499248820334
1267,1.2928688964843749,-0.0383072265625,9.643844287109374,1,1,Renault Juan - Crash,0,0,0,0,0,1639546608.0253363,-0.025180704475338038,0.01505513018895872,0.009725880564548555
1268,1.2641384765625,-0.02154781494140625,9.627084875488281,1,1,Renault Juan - Crash,0,0,0,0,0,1639546608.0752678,-0.0255803981971688,0.017186830038722786,0.01052526800821008
1269,1.2761094848632812,-0.01915361328125,9.682151513671874,1,1,Renault Juan - Crash,0,0,0,0,0,1639546608.1248264,-0.02464777951289702,0.016520673835671518,0.008793261880276773
1270,1.2713210815429687,-0.011971008300781249,9.557653027343749,1,1,Renault Juan - Crash,0,0,0,0,0,1639546608.1749542,-0.020384379813368887,0.016787136316892024,0.008260336917835759
1271,1.3000515014648437,-0.06943184814453125,9.619902270507811,1,1,Renault Juan - Crash,0,0,0,0,0,1639546608.224527,-0.022649310903743208,0.017453292519943295,0.0074609494741742334
1272,1.2282254516601563,-0.02154781494140625,9.612719665527344,1,1,Renault Juan - Crash,0,0,0,0,0,1639546608.2743738,-0.024914241994117528,0.017186830038722786,0.009459418083328047
1273,1.3575123413085937,-0.009576806640625,9.631873278808593,1,1,Renault Juan - Crash,0,0,0,0,0,1639546608.3250282,-0.026379785640830326,0.015588055151399738,0.007993874436615249
1274,1.2665326782226562,-0.00239420166015625,9.710881933593749,1,1,Renault Juan - Crash,0,0,0,0,0,1639546608.3748608,-0.023448698347404734,0.018785604926045835,0.009059724361497283
1275,1.2904746948242187,0.0526724365234375,9.643844287109374,1,1,Renault Juan - Crash,0,0,0,0,0,1639546608.4247298,-0.023581929588014985,0.016120980113840753,0.011457886692481857
1276,1.2904746948242187,-0.040701428222656245,9.636661682128906,1,1,Renault Juan - Crash,0,0,0,0,0,1639546608.4746654,-0.023581929588014985,0.016387442595061263,0.0074609494741742334
1277,1.2641384765625,-0.06703764648437499,9.555258825683593,1,1,Renault Juan - Crash,0,0,0,0,0,1639546608.5253224,-0.02424808579106626,0.020517611053979142,0.009059724361497283
1278,1.2617442749023438,-0.0143652099609375,9.710881933593749,1,1,Renault Juan - Crash,0,0,0,0,0,1639546608.5752637,-0.027045941843881597,0.02011791733214838,0.007194486992953725
1279,1.3048399047851562,-0.0718260498046875,9.634267480468749,1,1,Renault Juan - Crash,0,0,0,0,0,1639546608.6248403,-0.024781010753507273,0.019984686091538122,0.008526799399056265
1280,1.3215993164062498,0.031124621582031248,9.631873278808593,1,1,Renault Juan - Crash,0,0,0,0,0,1639546608.6750543,-0.026513016881440577,0.01692036755750228,0.010125574286379316
1281,1.2832920898437499,-0.076614453125,9.586383447265625,1,1,Renault Juan - Crash,0,0,0,0,0,1639546608.724716,-0.02571362943777905,0.017453292519943295,0.008393568158446012
1282,1.2856862915039062,-0.00718260498046875,9.629479077148437,1,1,Renault Juan - Crash,0,0,0,0,0,1639546608.7747393,-0.023448698347404734,0.020384379813368887,0.0075941807147844875
1283,1.3407529296874998,-0.023942016601562498,9.550470422363281,1,1,Renault Juan - Crash,0,0,0,0,0,1639546608.8279877,-0.024781010753507273,0.017586523760553547,0.008127105677225504
1284,1.2737152832031249,-0.016759411621093748,9.674968908691406,1,1,Renault Juan - Crash,0,0,0,0,0,1639546608.8760848,-0.026113323159609816,0.017852986241774057,0.00866003063966652
1285,1.2665326782226562,0.00239420166015625,9.639055883789062,1,1,Renault Juan - Crash,0,0,0,0,0,1639546608.9247358,-0.025180704475338038,0.017852986241774057,0.0057289433462409285
1286,1.2617442749023438,0.0143652099609375,9.655815295410155,1,1,Renault Juan - Crash,0,0,0,0,0,1639546608.990501,-0.024514548272286763,0.018119448722994567,0.007860643196004996
1287,1.3287819213867187,0.062249243164062495,9.619902270507811,1,1,Renault Juan - Crash,0,0,0,0,0,1639546609.025034,-0.022382848422522698,0.017453292519943295,0.009326186842717792
1288,1.2665326782226562,-0.00718260498046875,9.576806640625,1,1,Renault Juan - Crash,0,0,0,0,0,1639546609.0746834,-0.025180704475338038,0.015854517632620246,0.008926493120887028
1289,1.2808978881835937,0.011971008300781249,9.603142858886718,1,1,Renault Juan - Crash,0,0,0,0,0,1639546609.1247034,-0.021849923460081685,0.017453292519943295,0.008127105677225504
1290,1.2713210815429687,-0.09576806640624999,9.64623848876953,1,1,Renault Juan - Crash,0,0,0,0,0,1639546609.175401,-0.02398162330984575,0.019052067407266345,0.00985911180515881
1291,1.2904746948242187,0.00239420166015625,9.60793126220703,1,1,Renault Juan - Crash,0,0,0,0,0,1639546609.2252433,-0.022915773384963714,0.016120980113840753,0.008127105677225504
1292,1.2856862915039062,-0.023942016601562498,9.598354455566406,1,1,Renault Juan - Crash,0,0,0,0,0,1639546609.2748103,-0.02118376725703041,0.016520673835671518,0.007061255752343471
1293,1.2880804931640624,0.009576806640625,9.593566052246093,1,1,Renault Juan - Crash,0,0,0,0,0,1639546609.3247366,-0.024114854550456002,0.01971822361031762,0.010658499248820334
1294,1.2761094848632812,-0.011971008300781249,9.543287817382812,1,1,Renault Juan - Crash,0,0,0,0,0,1639546609.374544,-0.025447166956558548,0.02011791733214838,0.005329249624410167
1295,1.2952630981445312,-0.023942016601562498,9.60793126220703,1,1,Renault Juan - Crash,0,0,0,0,0,1639546609.4244573,-0.02371516082862524,0.018652373685435583,0.010392036767599824
1296,1.2593500732421874,0.0383072265625,9.679757312011718,1,1,Renault Juan - Crash,0,0,0,0,0,1639546609.475037,-0.023315467106794475,0.016787136316892024,0.006128637068071691
1297,1.2976572998046874,-0.00239420166015625,9.593566052246093,1,1,Renault Juan - Crash,0,0,0,0,0,1639546609.5249205,-0.02624655440022007,0.01971822361031762,0.00985911180515881
1298,1.3144167114257812,-0.033518823242187495,9.598354455566406,1,1,Renault Juan - Crash,0,0,0,0,0,1639546609.5745802,-0.025447166956558548,0.017586523760553547,0.0073277182335639785
1299,1.2665326782226562,-0.033518823242187495,9.579200842285156,1,1,Renault Juan - Crash,0,0,0,0,0,1639546609.6246521,-0.02105053601642016,0.01732006127933304,0.0075941807147844875
1300,1.2234370483398436,0.0430956298828125,9.528922607421874,1,1,Renault Juan - Crash,0,0,0,0,0,1639546609.6753254,-0.02105053601642016,0.018652373685435583,0.0073277182335639785
1301,1.2617442749023438,-0.033518823242187495,9.636661682128906,1,1,Renault Juan - Crash,0,0,0,0,0,1639546609.7252758,-0.025047473234727783,0.02011791733214838,0.011457886692481857
1302,1.3479355346679687,-0.023942016601562498,9.60793126220703,1,1,Renault Juan - Crash,0,0,0,0,0,1639546609.7749045,-0.022649310903743208,0.01732006127933304,0.01052526800821008
1303,1.2689268798828124,-0.02154781494140625,9.629479077148437,1,1,Renault Juan - Crash,0,0,0,0,0,1639546609.8257146,-0.024514548272286763,0.02118376725703041,0.008260336917835759
1304,1.2880804931640624,0.01915361328125,9.713276135253906,1,1,Renault Juan - Crash,0,0,0,0,0,1639546609.8745136,-0.024514548272286763,0.019052067407266345,0.00866003063966652
1305,1.2713210815429687,0.02633621826171875,9.672574707031249,1,1,Renault Juan - Crash,0,0,0,0,0,1639546609.924426,-0.022915773384963714,0.018385911204215073,0.007993874436615249
1306,1.3359645263671873,0.0047884033203125,9.629479077148437,1,1,Renault Juan - Crash,0,0,0,0,0,1639546609.9749506,-0.02571362943777905,0.016520673835671518,0.008526799399056265
1307,1.254561669921875,0.009576806640625,9.612719665527344,1,1,Renault Juan - Crash,0,0,0,0,0,1639546610.025867,-0.024114854550456002,0.01851914244482533,0.009192955602107537
1308,1.2521674682617188,-0.033518823242187495,9.548076220703125,1,1,Renault Juan - Crash,0,0,0,0,0,1639546610.0744784,-0.021716692219471426,0.01971822361031762,0.008127105677225504
1309,1.3263877197265623,-0.0143652099609375,9.639055883789062,1,1,Renault Juan - Crash,0,0,0,0,0,1639546610.1252885,-0.02464777951289702,0.017186830038722786,0.0073277182335639785
1310,1.2761094848632812,0.0383072265625,9.725247143554688,1,1,Renault Juan - Crash,0,0,0,0,0,1639546610.1751373,-0.02584686067838931,0.018652373685435583,0.0073277182335639785
1311,1.2378022583007813,-0.0143652099609375,9.610325463867188,1,1,Renault Juan - Crash,0,0,0,0,0,1639546610.2246833,-0.023448698347404734,0.019984686091538122,0.00866003063966652
1312,1.3000515014648437,0.0,9.662997900390625,1,1,Renault Juan - Crash,0,0,0,0,0,1639546610.2745068,-0.022382848422522698,0.01705359879811253,0.010791730489430587
1313,1.2785036865234374,-0.02633621826171875,9.65342109375,1,1,Renault Juan - Crash,0,0,0,0,0,1639546610.3255942,-0.02438131703167651,0.02145022973825092,0.009059724361497283
1314,1.2952630981445312,0.023942016601562498,9.600748657226562,1,1,Renault Juan - Crash,0,0,0,0,0,1639546610.3745234,-0.025047473234727783,0.018385911204215073,0.007860643196004996
1315,1.3527239379882812,-0.031124621582031248,9.629479077148437,1,1,Renault Juan - Crash,0,0,0,0,0,1639546610.4251895,-0.022915773384963714,0.0191852986478766,0.009725880564548555
1316,1.24498486328125,0.05746083984375,9.665392102050781,1,1,Renault Juan - Crash,0,0,0,0,0,1639546610.4750323,-0.025047473234727783,0.01438897398590745,0.011191424211261349
1317,1.3048399047851562,0.00718260498046875,9.634267480468749,1,1,Renault Juan - Crash,0,0,0,0,0,1639546610.5246658,-0.02424808579106626,0.017719755001163805,0.009059724361497283
1318,1.3383587280273437,-0.016759411621093748,9.641450085449218,1,1,Renault Juan - Crash,0,0,0,0,0,1639546610.5746372,-0.025180704475338038,0.016387442595061263,0.009192955602107537
1319,1.3311761230468748,0.023942016601562498,9.557653027343749,1,1,Renault Juan - Crash,0,0,0,0,0,1639546610.6254442,-0.02371516082862524,0.01692036755750228,0.011591117933092112
1320,1.2521674682617188,0.01915361328125,9.595960253906249,1,1,Renault Juan - Crash,0,0,0,0,0,1639546610.6754313,-0.022249617181912446,0.016254211354451008,0.009992343045769061
1321,1.3048399047851562,0.009576806640625,9.545682019042967,1,1,Renault Juan - Crash,0,0,0,0,0,1639546610.7250304,-0.02624655440022007,0.010392036767599824,0.008526799399056265
1322,1.1827356201171875,0.0,9.689334118652344,0,1,Renault Juan - Crash,0,0,0,0,0,1639546610.775286,-0.022382848422522698,0.016387442595061263,0.0075941807147844875
1323,1.2282254516601563,0.023942016601562498,9.627084875488281,0,1,Renault Juan - Crash,0,0,0,0,0,1639546610.8250077,-0.022382848422522698,0.01692036755750228,0.010658499248820334
1324,1.216254443359375,0.011971008300781249,9.6151138671875,0,1,Renault Juan - Crash,0,0,0,0,0,1639546610.8770723,-0.02531393571594829,0.019984686091538122,0.010258805526989571
1325,1.3144167114257812,0.00718260498046875,9.65342109375,0,1,Renault Juan - Crash,0,0,0,0,0,1639546610.9259865,-0.02438131703167651,0.02105053601642016,0.010392036767599824
1326,1.2473790649414063,0.0,9.459490759277344,0,1,Renault Juan - Crash,0,0,0,0,0,1639546610.9749622,-0.0255803981971688,0.018252679963604822,0.0057289433462409285
1327,1.2904746948242187,-0.028730419921875,9.60793126220703,0,1,Renault Juan - Crash,0,0,0,0,0,1639546611.024686,-0.023848392069235495,0.021983154700691936,0.009059724361497283
1328,1.3551181396484375,-0.01915361328125,9.64623848876953,0,1,Renault Juan - Crash,0,0,0,0,0,1639546611.074827,-0.027312404325102103,0.021849923460081685,0.008260336917835759
1329,1.2689268798828124,-0.05985504150390625,9.567229833984374,0,1,Renault Juan - Crash,0,0,0,0,0,1639546611.1254249,-0.023448698347404734,0.023848392069235495,0.006928024511733216
1330,1.2617442749023438,0.02633621826171875,9.591171850585937,0,1,Renault Juan - Crash,0,0,0,0,0,1639546611.1753352,-0.027045941843881597,0.023049004625573973,0.011990811654922875
1331,1.2497732666015624,-0.00239420166015625,9.600748657226562,0,1,Renault Juan - Crash,0,0,0,0,0,1639546611.2248764,-0.026779479362661087,0.02531393571594829,0.009326186842717792
1332,1.2617442749023438,-0.03591302490234375,9.519345800781249,0,1,Renault Juan - Crash,0,0,0,0,0,1639546611.2746751,-0.02691271060327134,0.022915773384963714,0.007860643196004996
1333,1.2641384765625,-0.011971008300781249,9.60793126220703,0,1,Renault Juan - Crash,0,0,0,0,0,1639546611.3245132,-0.023049004625573973,0.021983154700691936,0.00985911180515881
1334,1.3048399047851562,-0.02154781494140625,9.634267480468749,0,1,Renault Juan - Crash,0,0,0,0,0,1639546611.3743293,-0.02145022973825092,0.01851914244482533,0.0057289433462409285
1335,1.2641384765625,0.00718260498046875,9.634267480468749,0,1,Renault Juan - Crash,0,0,0,0,0,1639546611.425001,-0.024114854550456002,0.01945176112909711,0.009992343045769061
1336,1.2521674682617188,-0.028730419921875,9.665392102050781,0,1,Renault Juan - Crash,0,0,0,0,0,1639546611.4748235,-0.024914241994117528,0.020384379813368887,0.008127105677225504
1337,1.2928688964843749,-0.02154781494140625,9.593566052246093,0,1,Renault Juan - Crash,0,0,0,0,0,1639546611.5253549,-0.022116385941302188,0.017586523760553547,0.010125574286379316
1338,1.2401964599609374,-0.08858546142578125,9.588777648925781,0,1,Renault Juan - Crash,0,0,0,0,0,1639546611.5744572,-0.025447166956558548,0.017986217482384312,0.008526799399056265
1339,1.2808978881835937,-0.01915361328125,9.651026892089844,0,1,Renault Juan - Crash,0,0,0,0,0,1639546611.6256213,-0.022649310903743208,0.0191852986478766,0.010125574286379316
1340,1.3024457031249999,0.011971008300781249,9.636661682128906,0,1,Renault Juan - Crash,0,0,0,0,0,1639546611.6756358,-0.02464777951289702,0.01705359879811253,0.007860643196004996
1341,1.2928688964843749,0.0047884033203125,9.660603698730467,0,1,Renault Juan - Crash,0,0,0,0,0,1639546611.7255511,-0.025180704475338038,0.018652373685435583,0.01052526800821008
1342,1.2569558715820313,-0.06943184814453125,9.572018237304688,0,1,Renault Juan - Crash,0,0,0,0,0,1639546611.7748027,-0.02744563556571236,0.018785604926045835,0.008526799399056265
1343,1.2521674682617188,-0.01915361328125,9.658209497070311,0,1,Renault Juan - Crash,0,0,0,0,0,1639546611.8246593,-0.02691271060327134,0.02011791733214838,0.011591117933092112
1344,1.3024457031249999,-0.07900865478515624,9.689334118652344,0,1,Renault Juan - Crash,0,0,0,0,0,1639546611.8762355,-0.02371516082862524,0.01985145485092787,0.008260336917835759
1345,1.2641384765625,-0.00718260498046875,9.667786303710937,0,1,Renault Juan - Crash,0,0,0,0,0,1639546611.9249146,-0.022915773384963714,0.017453292519943295,0.009725880564548555
1346,1.3168109130859373,0.023942016601562498,9.627084875488281,0,1,Renault Juan - Crash,0,0,0,0,0,1639546611.9754274,-0.02464777951289702,0.021583460978861175,0.008793261880276773
1347,1.254561669921875,0.009576806640625,9.6151138671875,0,1,Renault Juan - Crash,0,0,0,0,0,1639546612.025285,-0.022782542144353463,0.015454823910789483,0.008393568158446012
1348,1.2976572998046874,0.009576806640625,9.591171850585937,0,1,Renault Juan - Crash,0,0,0,0,0,1639546612.1042361,-0.023049004625573973,0.016787136316892024,0.0075941807147844875
1349,1.3072341064453123,-0.03591302490234375,9.593566052246093,0,1,Renault Juan - Crash,0,0,0,0,0,1639546612.1247563,-0.02744563556571236,0.017986217482384312,0.010125574286379316
1350,1.2785036865234374,-0.033518823242187495,9.65342109375,0,1,Renault Juan - Crash,0,0,0,0,0,1639546612.1753733,-0.02464777951289702,0.02011791733214838,0.0075941807147844875
1351,1.2785036865234374,-0.009576806640625,9.629479077148437,0,1,Renault Juan - Crash,0,0,0,0,0,1639546612.2252176,-0.022116385941302188,0.016254211354451008,0.009992343045769061
1352,1.3024457031249999,0.02154781494140625,9.586383447265625,0,1,Renault Juan - Crash,0,0,0,0,0,1639546612.2750616,-0.022516079663132953,0.018785604926045835,0.009725880564548555
1353,1.3215993164062498,-0.040701428222656245,9.564835632324218,0,1,Renault Juan - Crash,0,0,0,0,0,1639546612.324968,-0.02598009191899956,0.01971822361031762,0.010125574286379316
1354,1.24498486328125,-0.016759411621093748,9.655815295410155,0,1,Renault Juan - Crash,0,0,0,0,0,1639546612.3745146,-0.020650842294589397,0.019318529888486854,0.01212404289553313
1355,1.2473790649414063,-0.05027823486328125,9.658209497070311,0,1,Renault Juan - Crash,0,0,0,0,0,1639546612.4244108,-0.02744563556571236,0.020517611053979142,0.009192955602107537
1356,1.2497732666015624,-0.06703764648437499,9.641450085449218,0,1,Renault Juan - Crash,0,0,0,0,0,1639546612.4750051,-0.022116385941302188,0.01945176112909711,0.00985911180515881
1357,1.3168109130859373,-0.0430956298828125,9.641450085449218,0,1,Renault Juan - Crash,0,0,0,0,0,1639546612.5250726,-0.025047473234727783,0.01971822361031762,0.0073277182335639785
1358,1.2378022583007813,-0.0526724365234375,9.674968908691406,0,1,Renault Juan - Crash,0,0,0,0,0,1639546612.5747175,-0.022382848422522698,0.020251148572758632,0.007860643196004996
1359,1.3168109130859373,0.00239420166015625,9.593566052246093,0,1,Renault Juan - Crash,0,0,0,0,0,1639546612.625137,-0.022649310903743208,0.017586523760553547,0.011191424211261349
1360,1.3024457031249999,-0.03591302490234375,9.6917283203125,0,1,Renault Juan - Crash,0,0,0,0,0,1639546612.6754773,-0.02531393571594829,0.01692036755750228,0.009725880564548555
1361,1.2282254516601563,-0.086191259765625,9.639055883789062,0,1,Renault Juan - Crash,0,0,0,0,0,1639546612.7260487,-0.024914241994117528,0.018385911204215073,0.00866003063966652
1362,1.2425906616210938,-0.02633621826171875,9.674968908691406,0,1,Renault Juan - Crash,0,0,0,0,0,1639546612.7754123,-0.022116385941302188,0.017986217482384312,0.00985911180515881
1363,1.3072341064453123,-0.09816226806640624,9.581595043945311,0,1,Renault Juan - Crash,0,0,0,0,0,1639546612.8253326,-0.02438131703167651,0.015188361429568975,0.009459418083328047
1364,1.3120225097656248,0.031124621582031248,9.643844287109374,0,1,Renault Juan - Crash,0,0,0,0,0,1639546612.8749483,-0.02691271060327134,0.01851914244482533,0.009725880564548555
1365,1.2521674682617188,-0.023942016601562498,9.65342109375,0,1,Renault Juan - Crash,0,0,0,0,0,1639546612.925705,-0.024514548272286763,0.01505513018895872,0.007860643196004996
1366,1.235408056640625,-0.02633621826171875,9.581595043945311,0,1,Renault Juan - Crash,0,0,0,0,0,1639546612.9752593,-0.022516079663132953,0.018119448722994567,0.007860643196004996
1367,1.3024457031249999,0.01915361328125,9.598354455566406,0,1,Renault Juan - Crash,0,0,0,0,0,1639546613.025269,-0.02571362943777905,0.018652373685435583,0.008793261880276773
1368,1.2952630981445312,-0.0526724365234375,9.56962403564453,0,1,Renault Juan - Crash,0,0,0,0,0,1639546613.0749373,-0.023448698347404734,0.016120980113840753,0.009059724361497283
1369,1.2617442749023438,-0.0430956298828125,9.641450085449218,0,1,Renault Juan - Crash,0,0,0,0,0,1639546613.1396046,-0.02584686067838931,0.016520673835671518,0.011591117933092112
